7C8281DC1224D1E8FF4BAA6099D5CDAB7654A3D11CE9686CEA5638F9CE67E702;vote;pb1httghyz9uf2jydvs0wqqrvtqhj94gwfr9w9awe
B30B53EC7B8DD8DA19B70CA51593A56CCCCE3D0C9DE299AE6656DA622B1A1D60;vote;pb170h0kkjlphjk7qg46qx7uuatfpfpr0nh3c6gp0
B61623D90DA252CD32028B2838E83C5388A4C412B0D69E46012A58A4733236D9;write_scope;pb1xvd4k9jg5h0d4dhzr4z0txtwe9p5zxf58xcmxd
A00AE26CC0DD2538319E5AF68D1D9B491A76CD8796F7D3124C809673347148C8;send;pb13dfvqt7zyp69z3el72qsu6z3f0egh9xfng9jvt
BC204F955BEF49FEEB4F36C75B82E2EC4011D4017B1F0606BA15997CB9CE623D;vote;pb1wh4yc8q7jpxg5tlh94yafjeza7a6nlmdgr78zr
FBD726A9F9DB8D8A60B0CB56B157C1A4ED8335FEAC6F03B7E84498E278125A86;write_scope;pb1xvd4k9jg5h0d4dhzr4z0txtwe9p5zxf58xcmxd
355C26A14C6805E3FD130CBC539DD1A7C0E21AC05EAB4B9492BE413083B48AF2;send;pb1pr5ekk8nndfmla093q5yrrmzhgg2zcsj4kdqhe
2048CAC3EC986B508A7FD0F79288F61FD1671E1111A4861B22E7BF7653CD53B0;send;pb13dfvqt7zyp69z3el72qsu6z3f0egh9xfng9jvt
2E59EDEB4E6CFF9C006D248C97531A05F00F3F12344BCD631EDACB66B2C4A4A2;vote;pb1z3zcwxwj7kn9ql6dg693m9uzrtl0aragrhrqfp
30FFCD66F62AC5AE55BCC36B67D3B4468DAF74624CEB4F114D3CD447B2674A03;send;pb1pr5ekk8nndfmla093q5yrrmzhgg2zcsj4kdqhe
7F9A60E465386299B9D32F631D5F1688D23E5088ABE23848EBF1D6B5C4B6F928;write_scope;pb1xvd4k9jg5h0d4dhzr4z0txtwe9p5zxf58xcmxd
F22BA97D31CB1B9B32EF67DE90E7E65D65D25ED8809D1473B0F891B8C156C107;send;pb13dfvqt7zyp69z3el72qsu6z3f0egh9xfng9jvt
066C3E3C315AF218422E24C9FBE0F47FEAF84EC73E4DD15AE258619CAE7FBAC8;grant_allowance;pb1pr5ekk8nndfmla093q5yrrmzhgg2zcsj4kdqhe
72F782EAAEC32498E989EE51B94D08C26B0F9CFA320722843C584F476EEA3AEA;mint;pb1g2m2vp59amxd0hp5502e22hp0yprujd23z4qah
62E8F57045B7BD48304C669201E4C5250298A3E346B43A8D83AF44300F2DE930;mint;pb1g2m2vp59amxd0hp5502e22hp0yprujd23z4qah
133524976FDEC5EE58C7ACAA443FE0D438CCB69B92093F04C30D0248391C801E;withdraw;pb1g2m2vp59amxd0hp5502e22hp0yprujd23z4qah
1DD08945CF3FEBE9EA7FCBDB3EBED222206F4692E68332D0136675C75F6B42E3;withdraw;pb1g2m2vp59amxd0hp5502e22hp0yprujd23z4qah
F93F1419F60E70C40C25D7D4D9FBB29D84B66E60796DBB53B1104A8836DC58DE;mint;pb1g2m2vp59amxd0hp5502e22hp0yprujd23z4qah
5021B8E6E2941A02331F8BAE8F30BD3582BB3E825482EDA2D88FA78930011C17;mint;pb1g2m2vp59amxd0hp5502e22hp0yprujd23z4qah
40ED055EE61E73D15BCECC163325EB6D9DBC5C5172863D7B00AB29BC469498DE;withdraw;pb1g2m2vp59amxd0hp5502e22hp0yprujd23z4qah
D8EFD860D40903BB40782148733686FD06E544857B5C16369269A727268EC0A0;withdraw;pb1g2m2vp59amxd0hp5502e22hp0yprujd23z4qah
76E717A327D1053F1C89E17B75629723E790C09B831C961235F36F078560929D;send;pb1pr5ekk8nndfmla093q5yrrmzhgg2zcsj4kdqhe
6E31991EA820194C4B146325985A79BC638A2BA426F26289F7528FBFF4E7DCFE;send;pb1pr5ekk8nndfmla093q5yrrmzhgg2zcsj4kdqhe
C9AEDAF6E14ECC0DD9EEF10E1113E4CA801CD6DCDFD32282208793714BA6227E;send;pb1pr5ekk8nndfmla093q5yrrmzhgg2zcsj4kdqhe
123655202678B960C8F8256D67D7E847253D698746D334475ECAF31F30F26C5E;send;pb1pr5ekk8nndfmla093q5yrrmzhgg2zcsj4kdqhe
C56B9F84686BF3688E4730829F7FCC6F6E882FA51CCB5400EA443FB97D916ED4;send;pb1pr5ekk8nndfmla093q5yrrmzhgg2zcsj4kdqhe
DED8D96B668E428AC63D15B6F296362D50AC113F64DF1C451D7E028FCAFB615D;send;pb1pr5ekk8nndfmla093q5yrrmzhgg2zcsj4kdqhe
F89EBC4EF913BB561F9A61DBC7C56CC9B9A4E4BB477DD4B257ABECA505CEC8F3;send;pb1pr5ekk8nndfmla093q5yrrmzhgg2zcsj4kdqhe
311134D523F088F67F86DCCD70E68942F7845D591263051A0176AB7AE4035B83;send;pb1pr5ekk8nndfmla093q5yrrmzhgg2zcsj4kdqhe
C36483561D7CB80B6035D9AE207AD480C17A1B37CA2B953C72734B142F2450C6;vote;pb14d5qzxtxcg220f73e93w9ykv3gtsnltqpp270l
34A516F74EDA6642A1370EB9C4047B57331326A32D7291870DD7D3B64378D653;send;pb1pr5ekk8nndfmla093q5yrrmzhgg2zcsj4kdqhe
5058706E916581BDE8232A2F2ED539F4647D5E95FEF9B71676B8734CE51A8448;send;pb1pr5ekk8nndfmla093q5yrrmzhgg2zcsj4kdqhe
A95942967C37248E66E3C6C44CE9D54B6AF33CF7229FFBC5BA2615F2D76FCD33;send;pb1pr5ekk8nndfmla093q5yrrmzhgg2zcsj4kdqhe
A7BCD3FD99FA4C60FD205729F2699BFB213E1ED97EC86C22026616CC5E4E6C2C;send;pb1pr5ekk8nndfmla093q5yrrmzhgg2zcsj4kdqhe
852A75B89A6B81B9A2343858FED68DA23617E962B6B6AC9B3B70C15432EAF7F6;send;pb1pr5ekk8nndfmla093q5yrrmzhgg2zcsj4kdqhe
3064E3227E1A749BEFE64600FC2768F3F510403295F80EBD22CE26C1048612B9;send;pb1pr5ekk8nndfmla093q5yrrmzhgg2zcsj4kdqhe
5572FE43E9E05C6D53C057BCBEFACF7957899A3EC5EA708AB9D930AB4AE2F879;send;pb1pr5ekk8nndfmla093q5yrrmzhgg2zcsj4kdqhe
A07523947A58CED1F138FA4A014CFDFA91FD166738093C14BCF6460970B32E1A;send;pb1pr5ekk8nndfmla093q5yrrmzhgg2zcsj4kdqhe
7DFD458681F7C8EB94952C09B106809964AC2FF63079F9262D5ABCB09DCFA0ED;send;pb1pr5ekk8nndfmla093q5yrrmzhgg2zcsj4kdqhe
3FD9BB2DDBB2E19A9CF381AC2EBC912DF5B23211957CA67E9F38EB0AFE74EC83;send;pb1pr5ekk8nndfmla093q5yrrmzhgg2zcsj4kdqhe
0508111B6A16605ECEF8D7133C901DDFE140BE7A6214C580F80B4FA17525A8F2;send;pb1pr5ekk8nndfmla093q5yrrmzhgg2zcsj4kdqhe
C57092AC530979A0D9AC2BDA5F7B760954FEAB714EAD18F6FF0490A300625C00;send;pb1pr5ekk8nndfmla093q5yrrmzhgg2zcsj4kdqhe
CC8EB0D9A8228512CE2526D560B4811D066960FC26F739D669A6AE934022D904;send;pb1pr5ekk8nndfmla093q5yrrmzhgg2zcsj4kdqhe
94214BC94339F2430C742F800B2A0244E4A4200A2EB5262B3147002E54D8374D;send;pb1pr5ekk8nndfmla093q5yrrmzhgg2zcsj4kdqhe
8AAFA73A0605770C714508661595FFFEA88644211983BBD198E1120AF0C1B5C5;send;pb1pr5ekk8nndfmla093q5yrrmzhgg2zcsj4kdqhe
B42EBFE87165CD93F29961AEDAAF51F18B413ABD22F564C81DE78B600C07E837;send;pb1pr5ekk8nndfmla093q5yrrmzhgg2zcsj4kdqhe
7EC4C782C063B2E5471FEA4AFA1E020E197C3C858CAC7294EBA0AB9E032DBA86;send;pb1pr5ekk8nndfmla093q5yrrmzhgg2zcsj4kdqhe
22E6B1221831D1DCFC1E095157E8F20A031C05D4C9FAD8619121981DFF630427;send;pb1pr5ekk8nndfmla093q5yrrmzhgg2zcsj4kdqhe
E509B40CA72A64DE487406810DF9B1653D0520E8F9919C27782CEA3AF87F134B;send;pb1pr5ekk8nndfmla093q5yrrmzhgg2zcsj4kdqhe
77A9BA7FEC41274DE41734BFCEB919CA6A1EF80506A59DBCCE11F3D3CEC7197F;send;pb1pr5ekk8nndfmla093q5yrrmzhgg2zcsj4kdqhe
FA178160D7150E75FF1DB6914492766C44F78CD800B3D18D7AA50DC8C68E8A05;send;pb1pr5ekk8nndfmla093q5yrrmzhgg2zcsj4kdqhe
57563A398DC2106E76BAF6AC4B9CE64A75587284574DAC2EB1031D00AE2E0EF3;send;pb1pr5ekk8nndfmla093q5yrrmzhgg2zcsj4kdqhe
726EDF1FA738D68181D6B27E1D1586D14C667D8DE93DE00D0902C7CB5004BB33;send;pb1pr5ekk8nndfmla093q5yrrmzhgg2zcsj4kdqhe
BA5D26DE99E5DCA84FBB98177E66357FE4B95931DA43F75589DC0931BAEEAE1C;send;pb1pr5ekk8nndfmla093q5yrrmzhgg2zcsj4kdqhe
91D1C8850D4292CD33F6702F1A5666F00176399397748756CAA4475EA0BB796E;send;pb1pr5ekk8nndfmla093q5yrrmzhgg2zcsj4kdqhe
AD13047F558458C9433F904ABFEED8F71DD168EE6E6457FDDCAED5B4D715239A;send;pb1pr5ekk8nndfmla093q5yrrmzhgg2zcsj4kdqhe
F405A8C2522E301D2A80B9C95026925B187CC225B7B1470C61FEBCA768787BC2;send;pb1pr5ekk8nndfmla093q5yrrmzhgg2zcsj4kdqhe
AF44DD7C11E096A73287DD7D3F458EC2F4DA76FAAB7056D816F5E1F8277939F2;send;pb1pr5ekk8nndfmla093q5yrrmzhgg2zcsj4kdqhe
913847C4108A8A5C7BEC9204C1F02405C4DF3C9AE9D1F7EAA2E1D3C95AEEA72C;send;pb1pr5ekk8nndfmla093q5yrrmzhgg2zcsj4kdqhe
2C279C30A8902BB471B5B1075102A231A953EE4EC806BA34E6824625DFD67943;send;pb1pr5ekk8nndfmla093q5yrrmzhgg2zcsj4kdqhe
09343F4FE485037659D226FA05A0B062B922C2111AFE32AD232415BA00B8914F;send;pb1pr5ekk8nndfmla093q5yrrmzhgg2zcsj4kdqhe
412B049292C036EAED10350D9AADAF8CBB7664DAEF0D0504734119C01BECF775;send;pb1pr5ekk8nndfmla093q5yrrmzhgg2zcsj4kdqhe
9C6F8B9279AC57AAD811B7A8F58DD4ADE1DD8CBB8D8EC09791C5AC2C7D01AA02;send;pb1pr5ekk8nndfmla093q5yrrmzhgg2zcsj4kdqhe
A21FFB8375068AFFF93BF376BE3599F35D7B80E149D49029047D1D1A7CF1F2FE;send;pb1pr5ekk8nndfmla093q5yrrmzhgg2zcsj4kdqhe
3F706970E61123E839D3787B2036FC1552DBD5CF1B20CA4D7755B8E34DBDF9A3;send;pb1pr5ekk8nndfmla093q5yrrmzhgg2zcsj4kdqhe
41AAE685269683A234931757D0FDF6C1C7DA4F629FFCD46494EC937EAC244392;send;pb1pr5ekk8nndfmla093q5yrrmzhgg2zcsj4kdqhe
483BF27CC763C872BBE3EB307845C60CD3A4EF798FC8EF1B747F96992F06A36A;send;pb1pr5ekk8nndfmla093q5yrrmzhgg2zcsj4kdqhe
8EEB7843A404DA1DDE4E129BBD74B909D5DD79F134B519AADCC706BABF56CA48;send;pb1pr5ekk8nndfmla093q5yrrmzhgg2zcsj4kdqhe
7E119E683111935BB399C85AE693EFDD90C122AD79A4CB8B448AFA9EB41AC7B1;send;pb1pr5ekk8nndfmla093q5yrrmzhgg2zcsj4kdqhe
2F9FB91C4C2E49AC23EF8FB13CE91A02DBB5F4429E8E06601712D71014A35335;send;pb1pr5ekk8nndfmla093q5yrrmzhgg2zcsj4kdqhe
D851A67C532B04A9253AE7E1A0FAF36AD3A371C48458E0078E8AF23B384085FF;send;pb1pr5ekk8nndfmla093q5yrrmzhgg2zcsj4kdqhe
706195752FE0B7C96AB506CF5171BF5E1DA3B0A0418C99E1092255F519CDC82B;send;pb1pr5ekk8nndfmla093q5yrrmzhgg2zcsj4kdqhe
838604CB0FA7CDAF423AA04E09FB3DF52B835319CFD7E5CF630BBBBE9F224648;send;pb1pr5ekk8nndfmla093q5yrrmzhgg2zcsj4kdqhe
3F50EF49FC5A50078DD601C2FCF0D5FFDC1E745C4CFA0C50A5CCF0AA25531DFD;send;pb1pr5ekk8nndfmla093q5yrrmzhgg2zcsj4kdqhe
299320C642EA416AB10BB70B0C3AF944729CCC4337B188437A130AE0DFB39AB0;send;pb1pr5ekk8nndfmla093q5yrrmzhgg2zcsj4kdqhe
6E63FA22138CD598273DB1502875B3495C75E963CFEF9B4AF25D4C60132D4857;send;pb1pr5ekk8nndfmla093q5yrrmzhgg2zcsj4kdqhe
62A5E06E07286C2EF8009EED91DF80C94D8FAD96346E7819DA3D98065E5AE60F;send;pb1pr5ekk8nndfmla093q5yrrmzhgg2zcsj4kdqhe
0D286A19F009911FA2D389497DB4295BFBD2BD6DF4843D777844081203B17671;send;pb1pr5ekk8nndfmla093q5yrrmzhgg2zcsj4kdqhe
D043F55083937E53CDEFC0B3AC1242C14E7878B44C40C605CFC64C12CCEC2AFF;send;pb1pr5ekk8nndfmla093q5yrrmzhgg2zcsj4kdqhe
032F37CE5D25B591EB8B4FFDDA0004FB1D42BF062A9112C7DC028BF7773B1513;send;pb1pr5ekk8nndfmla093q5yrrmzhgg2zcsj4kdqhe
1F37F6B9020F7F8551C2F53C3052FCAFE12780B278BDD4173E3115604968C5FA;send;pb1pr5ekk8nndfmla093q5yrrmzhgg2zcsj4kdqhe
6F531C2D1EF081D994B42064380C99DF0CD8BAF5218F2128DC6352980D90D289;send;pb1pr5ekk8nndfmla093q5yrrmzhgg2zcsj4kdqhe
52C28B943D152AFC46305A717320F1D3F1BD4FA0A605A025E8448C39B60EFF5C;send;pb1pr5ekk8nndfmla093q5yrrmzhgg2zcsj4kdqhe
ABF8F14FE0A58BAECDB0BFC5B028654E3FA263108927DE8964C8030E984A8D80;send;pb1pr5ekk8nndfmla093q5yrrmzhgg2zcsj4kdqhe
1E6596485734883EB912764A193AA45681EE6430A2B2F743FE6A7C7210AA0D96;send;pb1pr5ekk8nndfmla093q5yrrmzhgg2zcsj4kdqhe
948F5322B7394FCD333EF5F2710556F19464CF1157E9A93F9E6FAC4D213041EF;send;pb1pr5ekk8nndfmla093q5yrrmzhgg2zcsj4kdqhe
A92590A28B40A86F9675A5750B62E4A1E403F266E19B051DB99B3E1EC332B410;send;pb1pr5ekk8nndfmla093q5yrrmzhgg2zcsj4kdqhe
BDB3025AA890A7F6A91803A0C7CBBDD00C859E73A510ECF246EE61A23FDB4819;send;pb1pr5ekk8nndfmla093q5yrrmzhgg2zcsj4kdqhe
A421EBD2D941FD70C7DB156871DC4BFFDD7321430F17F1EC6E0D245B2137D96E;send;pb1pr5ekk8nndfmla093q5yrrmzhgg2zcsj4kdqhe
1306A611605818DB8AEC93F2CB43D72E24C7E097D3E93E001C34E72F96062178;send;pb1pr5ekk8nndfmla093q5yrrmzhgg2zcsj4kdqhe
9D7C8C66002CD9E7B491FC588C937F4FFB936D24102C14AEAF7C3BABE83D5B68;send;pb1pr5ekk8nndfmla093q5yrrmzhgg2zcsj4kdqhe
13D07DEEDC1B59DC401C9CEFF84928977ECB76909F0612B53F9BA95839C1341F;send;pb1pr5ekk8nndfmla093q5yrrmzhgg2zcsj4kdqhe
F0D2F70120A3B38E7B3A09C7704E3F3B6675E863457C392BB2642918D3F8914C;send;pb1pr5ekk8nndfmla093q5yrrmzhgg2zcsj4kdqhe
BF83D2DBD09FD8F4FB9C748E144F75A127301796030B37601BB135D0F16F1372;send;pb1pr5ekk8nndfmla093q5yrrmzhgg2zcsj4kdqhe
E5A2AD5E2B5C1DFDEA9A589997EEB4DE5FDF2FF584969F49BAAF8E867FED76F9;send;pb1pr5ekk8nndfmla093q5yrrmzhgg2zcsj4kdqhe
02CA70E60999E01B64C5B96EBCCE7E66CAAC2D507004F48BCDB9E209F6C36387;send;pb1pr5ekk8nndfmla093q5yrrmzhgg2zcsj4kdqhe
91DEA01233B95D919EA2ED1B38FCB3F18B456AB7F86885CC63E9BFC175811BFC;send;pb1pr5ekk8nndfmla093q5yrrmzhgg2zcsj4kdqhe
C240C18B45B451F37A718E9A577555B237DFBE0F549A2A0EDE2E76F9289FF0BB;execute_contract;pb1evdjjcagllgyf23pzf7e2gkvfuakegsnv49yhj
90A6B9807A069125076DC648832DD200FA21AB33BC0A4FDA54089EF5DCF23EB1;send;pb1pr5ekk8nndfmla093q5yrrmzhgg2zcsj4kdqhe
6DB7E09FA16E4F95A70E90C2E2023FF46A43BEF1B2A428320638F5374B496C96;send;pb1pr5ekk8nndfmla093q5yrrmzhgg2zcsj4kdqhe
BBC1A63041AF843C92F784787027D86A6604DB889BA28D0BC1068F4AB5FBBC95;send;pb1pr5ekk8nndfmla093q5yrrmzhgg2zcsj4kdqhe
4A5E6787643CA88A3FFBF9B3CC401AEB48CE766D5EB75A0AB2B9B5EDF171ADE2;send;pb1pr5ekk8nndfmla093q5yrrmzhgg2zcsj4kdqhe
1866C242D135F8C74C2E62A7EB5FA070DBE6442899FCB93F66D19FD6E62BD80F;send;pb1pr5ekk8nndfmla093q5yrrmzhgg2zcsj4kdqhe
1AB2CB408B3CD0FF9AD385480BFF8B257368402876D74EC73713379183EE41B0;send;pb1pr5ekk8nndfmla093q5yrrmzhgg2zcsj4kdqhe
C529E0A8037D94BB26274514FB866BFD09CF984BE8F234D0C9A9633782345E98;send;pb1pr5ekk8nndfmla093q5yrrmzhgg2zcsj4kdqhe
B7CDD6D1101859B75C7DFD53EF821D19B1F14F22BADDAD605EB4D5840FD81B99;send;pb1pr5ekk8nndfmla093q5yrrmzhgg2zcsj4kdqhe
749933021A17B1D30D9F7BC0A3D111029390A8690530C45C81003A96F2F17099;execute_contract;pb1evdjjcagllgyf23pzf7e2gkvfuakegsnv49yhj
C92FDA95353EFE522AB19FB7CF8D4BE6CCA2549D691A8E285927CDD52E8734A1;send;pb1pr5ekk8nndfmla093q5yrrmzhgg2zcsj4kdqhe
8930CDA4A9DD7A02EEF554B01FD4E8BA7E308813999E754C1F1B4EE9963B0CB4;send;pb1pr5ekk8nndfmla093q5yrrmzhgg2zcsj4kdqhe
E8632A597AC012FE6D0F2E74A54F467431DF31F99B99659418119BF58714B468;send;pb1pr5ekk8nndfmla093q5yrrmzhgg2zcsj4kdqhe
B6E0CB5BCE59DC3A317E4E1091AA65FF52D60694C4608D54F84ED29DCF05CF4C;send;pb1pr5ekk8nndfmla093q5yrrmzhgg2zcsj4kdqhe
95767B27261624693E18C96BFF861983A48C1BC04F25AF9F3871450AC0BD6E74;send;pb1pr5ekk8nndfmla093q5yrrmzhgg2zcsj4kdqhe
C8998445BE928E99253B2C146A27F729EFE2A845BC6ABCE2EDB2877659E253E5;send;pb1pr5ekk8nndfmla093q5yrrmzhgg2zcsj4kdqhe
70016DB2F31377134B01CCD14130CC5AE8E4AD638C2182891453E55CA0210071;send;pb1pr5ekk8nndfmla093q5yrrmzhgg2zcsj4kdqhe
4C2CCE0ED6196564AD97F1BD3854B9FECA50A688B9BF0F257AA7D1F516944503;send;pb1pr5ekk8nndfmla093q5yrrmzhgg2zcsj4kdqhe
F1B8F7FC7DBCD4CE6360B46592177F04208A2027B23FC0B022153F98D831F145;send;pb1pr5ekk8nndfmla093q5yrrmzhgg2zcsj4kdqhe
DDBC351484A0183DC7499D09A349BF164161B02E2ADF60D0A345915540C4066B;send;pb1pr5ekk8nndfmla093q5yrrmzhgg2zcsj4kdqhe
78B19AE51D64B254389FD18389D76D014D69C16EA53510850F73BEC76E9F6631;send;pb1pr5ekk8nndfmla093q5yrrmzhgg2zcsj4kdqhe
568AD9AAABB176D7482055BB57FEB725EB4C061CF6D7DA8C891FFB6CA9FF7DD9;send;pb1pr5ekk8nndfmla093q5yrrmzhgg2zcsj4kdqhe
FC134F9E135E395C366FC5AE40401978966628EDD8F9F99BD8E11B34A34144EF;send;pb1pr5ekk8nndfmla093q5yrrmzhgg2zcsj4kdqhe
12EFF2D9CE97F982232AB36FE7DB1632A00D59DD0348692F224873DD88C7636C;send;pb1pr5ekk8nndfmla093q5yrrmzhgg2zcsj4kdqhe
5C91589B4CF6B96798E5E3770B06E7389C2B959B7B60A92E1C99A5985EBCFD27;send;pb1pr5ekk8nndfmla093q5yrrmzhgg2zcsj4kdqhe
08D94090E55AF43811B436BA03C7638D7A25ECD5D17E01F7E56DC9C578E7A41D;send;pb1pr5ekk8nndfmla093q5yrrmzhgg2zcsj4kdqhe
AB60355FE8EF091AB6CC920263ED5758B971FD50ABB69AEBD948E753BE126E7A;send;pb1pr5ekk8nndfmla093q5yrrmzhgg2zcsj4kdqhe
25DEE4A1F8556D0DBB93809160641A64E1270EDE8F533DEA550BF5AC447FF665;send;pb1pr5ekk8nndfmla093q5yrrmzhgg2zcsj4kdqhe
BBF9D0168350B17E1350E414A4191B5109C958A681C0F5FD22A6D126C8C3FFA4;send;pb1pr5ekk8nndfmla093q5yrrmzhgg2zcsj4kdqhe
98F797C3CFF1741C1DAE3FD8D8CF3AFF06F54FEF09807CBD63D4A65D89A4CE25;send;pb1pr5ekk8nndfmla093q5yrrmzhgg2zcsj4kdqhe
CCFB84E0A44577054BD981D3FF16A9D1ACC9DB9AAE91349BBA4AC065D40269E4;send;pb1pr5ekk8nndfmla093q5yrrmzhgg2zcsj4kdqhe
9AC1F3664E3F92F9A1A522EFF7DCC2B2EE12461A4E3074510E8444BFC1D36240;send;pb1pr5ekk8nndfmla093q5yrrmzhgg2zcsj4kdqhe
F9D43B7AF102AED5BF454D789BD8CE92825850B1F313A7943D7D61F06748B51B;send;pb1pr5ekk8nndfmla093q5yrrmzhgg2zcsj4kdqhe
6CDBFAC1E23416E0C150F819BBD7D7AB446F5C3ED5D860A4ED082C168834FC23;send;pb1pr5ekk8nndfmla093q5yrrmzhgg2zcsj4kdqhe
69DE316214EB1BC10D31A42AB6D3784B76142C9798AD2D9445FD0D9C60B549E0;send;pb1pr5ekk8nndfmla093q5yrrmzhgg2zcsj4kdqhe
4A499C90E14CB7E322CB5363035C6B32759D43585D0BDDE03D499C9D53C86442;send;pb1pr5ekk8nndfmla093q5yrrmzhgg2zcsj4kdqhe
E2145EBDA6F82670DD3B03B0E494647167AF772356772CB58DC96615B823A363;send;pb1pr5ekk8nndfmla093q5yrrmzhgg2zcsj4kdqhe
F5A4AAF36BD9CE8803B4447974453A73F1AFF70F1E7D7787FFC7A0F2EF5CC118;send;pb1pr5ekk8nndfmla093q5yrrmzhgg2zcsj4kdqhe
5C976FB7AB81419EC3218C1A7CD4FC594B51E542A25AA9DAF7482078D3C91B5C;send;pb1pr5ekk8nndfmla093q5yrrmzhgg2zcsj4kdqhe
AA57AC29A81E568BD99903637611DFC2D741AD9A69E4447D96644A3FD62E9BD2;send;pb1pr5ekk8nndfmla093q5yrrmzhgg2zcsj4kdqhe
3BE16F560FAFA25874A2107CAF7AFE5CA73287D26EE894169D5F07AB4F80CF63;send;pb1pr5ekk8nndfmla093q5yrrmzhgg2zcsj4kdqhe
E2F62C485E14F88895A4E669C619C220EBE2457399248D7771E434DA630F2BC6;send;pb1pr5ekk8nndfmla093q5yrrmzhgg2zcsj4kdqhe
D2A55A370CA062F540F566EC08FC8D096CB24BC4A6BCF88B57A02778D1FA6822;send;pb1pr5ekk8nndfmla093q5yrrmzhgg2zcsj4kdqhe
CB43711756BAE452830536B87C4942EB721EFB3A06760164045E913C2A889A71;send;pb1pr5ekk8nndfmla093q5yrrmzhgg2zcsj4kdqhe
90C466E410C221D60F67B9585312DDE7ABE50B3EEEF96927097D9472FCBDB692;send;pb1pr5ekk8nndfmla093q5yrrmzhgg2zcsj4kdqhe
F70FA007B9AE45C5F66A43420A0EC1BF9A9DEED8BF86E39E72AA03AC74E28131;send;pb1pr5ekk8nndfmla093q5yrrmzhgg2zcsj4kdqhe
0C843B536527E8B23AF93C98BF22A7D83BBAEECF992CA5448D78EF997C046480;send;pb1pr5ekk8nndfmla093q5yrrmzhgg2zcsj4kdqhe
D27B1E971896F10EB5B795F376E771DBC5AC12D8D5849EB78FCF45F183E984A2;send;pb1pr5ekk8nndfmla093q5yrrmzhgg2zcsj4kdqhe
1AF461B93CC046FE6B6E257B51CF9BFB1242EC733526E976E310C5D2CB2B1A8A;send;pb1pr5ekk8nndfmla093q5yrrmzhgg2zcsj4kdqhe
F4AF891724154874F48EC36C37C39D71480134F85EFCA4D133FF96F0984EA11B;send;pb1pr5ekk8nndfmla093q5yrrmzhgg2zcsj4kdqhe
49D2878F7F35AB409ABC4AA70DAA355172B3579EBA31E269B2C5AAF3E7B8A602;send;pb1pr5ekk8nndfmla093q5yrrmzhgg2zcsj4kdqhe
C959FF7EC886352328323F9BC3EABDC99D25C729133F2FACD848EC5AA8F74E4E;send;pb1pr5ekk8nndfmla093q5yrrmzhgg2zcsj4kdqhe
B41E686071F87788CBFE92F61CD609C9F34F48FE6A6736BD57AD77E2C25D4F9E;send;pb1pr5ekk8nndfmla093q5yrrmzhgg2zcsj4kdqhe
12A3BBD790325C7E09431F1B21A1FF10C784AD89A00395D4DC06BAFE1CF8DB19;send;pb1pr5ekk8nndfmla093q5yrrmzhgg2zcsj4kdqhe
83E4D4149C98381F14A4CD4B9D29ECBB088B7163531DA937A245101CA837C5E1;send;pb1pr5ekk8nndfmla093q5yrrmzhgg2zcsj4kdqhe
9CDA8D4AC21AA42B8E5AEB4581CA74DCCB87348076DE40118EE5515F0B7DF698;send;pb1pr5ekk8nndfmla093q5yrrmzhgg2zcsj4kdqhe
615E4F26A6B0F2841D3BC0279A42A4E780CF7D688A0835AAF64B63928F5457E4;send;pb1pr5ekk8nndfmla093q5yrrmzhgg2zcsj4kdqhe
FF052F7F2282FFDA29DF1A6CF566594AB3BAED21B0EEA38917EEE4F4631762C2;send;pb1pr5ekk8nndfmla093q5yrrmzhgg2zcsj4kdqhe
030BE7CC6E6AAACB18C005F06D4C7F3D763DB23FA2D828F9EE1C1BE58A1F4885;send;pb1pr5ekk8nndfmla093q5yrrmzhgg2zcsj4kdqhe
181BBD55FF08EA411F5CEEFB830C5AC86F4B19CE82B9386E37BFAD789921EC66;send;pb1pr5ekk8nndfmla093q5yrrmzhgg2zcsj4kdqhe
BD8D79144DF3B0CC824D879DE267C96AABAF3AF442CB3EECC74764B5AE5E479A;send;pb1pr5ekk8nndfmla093q5yrrmzhgg2zcsj4kdqhe
31A53ED37079820AD3407B5A56C3571D930A301614279A24F562E93DF934E4CB;send;pb1pr5ekk8nndfmla093q5yrrmzhgg2zcsj4kdqhe
EBDB872EC58654A21FB7286926E5A980506B41DF7DEF35B26A570DBECC3DDD7C;send;pb1pr5ekk8nndfmla093q5yrrmzhgg2zcsj4kdqhe
38E821255D7EA55691EED54A5E1D32742DCA18DB9825AE34AB353ADBEF08D340;send;pb1pr5ekk8nndfmla093q5yrrmzhgg2zcsj4kdqhe
A202107CA1194D373282443787E82893BF510CB6CD958A7F54BCB016AA12C8CE;send;pb1pr5ekk8nndfmla093q5yrrmzhgg2zcsj4kdqhe
50A46E0151016776DF771D1BA124FF1DB5A892C1611214057A1C088DCB1E3BAB;send;pb1pr5ekk8nndfmla093q5yrrmzhgg2zcsj4kdqhe
946B647E89AD9DC9DCF44AE8AE72176B160DE99D821ED463006519200BD4F452;send;pb1pr5ekk8nndfmla093q5yrrmzhgg2zcsj4kdqhe
9D2335D78EFC1E81C46E0FF788505CBFDED3611DCA7DC8136FE9E425B3FDB94A;send;pb1pr5ekk8nndfmla093q5yrrmzhgg2zcsj4kdqhe
16E4CE2AFF8E25ABE4BF8705FAEC0371BAA4EA093AE060EA4EE0D75468966F33;send;pb1pr5ekk8nndfmla093q5yrrmzhgg2zcsj4kdqhe
943A9DDEB75BE08CD7798F5803A34CA63BDE76B99558D399C8D0E057273EBD85;send;pb1pr5ekk8nndfmla093q5yrrmzhgg2zcsj4kdqhe
45083AAA55347CFA6581DEF7168D576C220E180C27CA87602A0139F1102ED5DF;send;pb1pr5ekk8nndfmla093q5yrrmzhgg2zcsj4kdqhe
55E3CDE82C00C9F14C24DA8B82C1A3E6DD54309CC446B4F14049E5AEA0A9A1F2;send;pb1pr5ekk8nndfmla093q5yrrmzhgg2zcsj4kdqhe
669A0718F24292D265E20593378CA8F5F1292E02C097DF9971C9DD4547405FD8;send;pb1pr5ekk8nndfmla093q5yrrmzhgg2zcsj4kdqhe
1C49503473D7D7C4B2635F28ED7C6448C749E2D47C9C922981287FDE3C0D1FFE;send;pb1pr5ekk8nndfmla093q5yrrmzhgg2zcsj4kdqhe
980BC582770E0B3F70410E7B055394C037E7B1FFB5E80E7DD84EF9222D37DD13;send;pb1pr5ekk8nndfmla093q5yrrmzhgg2zcsj4kdqhe
D735547DB11832F2D24D7F5B8B9E78F69AEB5DFBF67039D59E5D45CE85E5FD89;send;pb1pr5ekk8nndfmla093q5yrrmzhgg2zcsj4kdqhe
79437C51A2300263C8B5DB463F59A1DAF4A6A11103F36DFDAF034886AFCBE5CB;send;pb1pr5ekk8nndfmla093q5yrrmzhgg2zcsj4kdqhe
3F80B9DEFBB80A26558775C725B259C91258922A1C5743E7C6140B16492F5BF9;send;pb1pr5ekk8nndfmla093q5yrrmzhgg2zcsj4kdqhe
FE59B7C575FB2DB23B0BC8042DBDE56C67D2D26E1BFF5641C41F2CD11A3543E8;send;pb1pr5ekk8nndfmla093q5yrrmzhgg2zcsj4kdqhe
A22E058CC142CB2CECCE4C172F13C78DE4E6E0CCBE151125FD6B244B32CF9607;send;pb1pr5ekk8nndfmla093q5yrrmzhgg2zcsj4kdqhe
6A3A205954AF58F1219E9CAD083C5DACB2FAB4D6BA8A6FFA00EE02AA771FA51A;send;pb1pr5ekk8nndfmla093q5yrrmzhgg2zcsj4kdqhe
E49D301541CEAEAB50191629596ADE7A2C24196AFCA9FE0542CAFCC90B54621E;send;pb1pr5ekk8nndfmla093q5yrrmzhgg2zcsj4kdqhe
D50231EA87E53C16C416F006261A5932572D5935F2A46554A29CB7774FAE01C8;send;pb1pr5ekk8nndfmla093q5yrrmzhgg2zcsj4kdqhe
99744D61927C4C6C5F4F91D1564537A174E4A9A24877A84A1B97959AFE43DA03;send;pb1pr5ekk8nndfmla093q5yrrmzhgg2zcsj4kdqhe
B23943C3FF606254B5E4EE6E25894A7C29968EA0A384562F73BFFB693BBDE9EA;send;pb1pr5ekk8nndfmla093q5yrrmzhgg2zcsj4kdqhe
9C5FA1655FBFCCC7DE03CA2A0B8C475EE6811FAEE605485362566AB9056713AB;send;pb1pr5ekk8nndfmla093q5yrrmzhgg2zcsj4kdqhe
66F2F59149844384E4FADDA1B5BFDE62DE61AB4B1F403F536281BA1B2CF4C0BA;send;pb1pr5ekk8nndfmla093q5yrrmzhgg2zcsj4kdqhe
1E6CD9A816C2E2B05C8DC681A9FDB403066DC864945EE2C74D9E8CADA9E22F0E;send;pb1pr5ekk8nndfmla093q5yrrmzhgg2zcsj4kdqhe
0B6400276246788C501E3EEBAF55181DD0B0AB7428929D5E60244BFF01317022;send;pb1pr5ekk8nndfmla093q5yrrmzhgg2zcsj4kdqhe
D53840DAD5787A72ECF4B92BECFD9CB96FEA728288927E9C0BA89A3159445AB1;send;pb1pr5ekk8nndfmla093q5yrrmzhgg2zcsj4kdqhe
BF0FA2784FEF9373E3C80F59319820149BB48101CBD6EB6758918A80BC37193E;send;pb1pr5ekk8nndfmla093q5yrrmzhgg2zcsj4kdqhe
7C46ADE98CEF37001D875E0DDA20ED6D029FDA9FC061C929912A08AA9F5410B4;send;pb1pr5ekk8nndfmla093q5yrrmzhgg2zcsj4kdqhe
6D1965A13D52272FE8BADFEC84947E25A5765250514E9A081276589761AE18AA;send;pb1pr5ekk8nndfmla093q5yrrmzhgg2zcsj4kdqhe
DECCDBB0EE9B503A46477D8C40F0DCE6D419816D77EC76BAEC4ED7CB960D3AB5;send;pb1pr5ekk8nndfmla093q5yrrmzhgg2zcsj4kdqhe
0090A9D0116A3B90ED305A40BDB9BD5DDB689751A71AA3B7AD6510899F715A97;send;pb1pr5ekk8nndfmla093q5yrrmzhgg2zcsj4kdqhe
B011C99DC0F53B6D1DF4935AF7D7A3DB48DC844A7B4CC63A62207D04DB2A4B63;send;pb1pr5ekk8nndfmla093q5yrrmzhgg2zcsj4kdqhe
38B1FD68533D02356D06472E8B707B38CA5A58762F40509C4FDC851F65C772C8;send;pb1pr5ekk8nndfmla093q5yrrmzhgg2zcsj4kdqhe
941D25560F9928FB8DFAF101F6ECFB581BFC41DFACD8A49AB3B669288C13D515;send;pb1pr5ekk8nndfmla093q5yrrmzhgg2zcsj4kdqhe
789F827075CA5FDAAAE231A588535A2DDF883DA12C9EAA028A440F3D4E59D075;send;pb1pr5ekk8nndfmla093q5yrrmzhgg2zcsj4kdqhe
A1DC3B26521127CE56C0E2B9EF4E3DC831583747C473662FB7EA6B5D7C2FEC1E;send;pb1pr5ekk8nndfmla093q5yrrmzhgg2zcsj4kdqhe
310511072EA32BBB8B244907E6BC125E7DD8D0BCA3FC39D1D9309B3F4D3CE8A6;send;pb1pr5ekk8nndfmla093q5yrrmzhgg2zcsj4kdqhe
4DCE378C32566BC6E06C18D6EE61DC4EF5EF4988DFCE1F1FB90B28EDDFD9EFA0;send;pb1pr5ekk8nndfmla093q5yrrmzhgg2zcsj4kdqhe
BD77B978E80D52D2CC68D0F6E86203282BC5EA30D051C3C44B28497671448E4F;send;pb1pr5ekk8nndfmla093q5yrrmzhgg2zcsj4kdqhe
2C6DF5764394DD401F0B22019A83BDABA323AB0241EC3663481A6591E3D07B07;send;pb1pr5ekk8nndfmla093q5yrrmzhgg2zcsj4kdqhe
25697CCD7F571586D952A4E02DC2ACC4F9DF2672CEAF2550A7AEDCFA9C5BFA4D;send;pb1pr5ekk8nndfmla093q5yrrmzhgg2zcsj4kdqhe
2F6220E75E35DE9E20F2103102CB6A4EBCC4EE19B2BA6A13E8213B70661E4787;send;pb1pr5ekk8nndfmla093q5yrrmzhgg2zcsj4kdqhe
4DFF26393F1BC333F01C3DE035A0E50C9FC32D15F8838CC600060CAC3C91125D;send;pb1pr5ekk8nndfmla093q5yrrmzhgg2zcsj4kdqhe
347F389E50C176849C4D2B48FBE7E87F1C82E0E9CC8362B32F5246C8A7BC75CB;send;pb1pr5ekk8nndfmla093q5yrrmzhgg2zcsj4kdqhe
9E853C60F8A139B079EDE3C298CEBBC1C9FF569CFC56529C50A3FE8D21432D23;send;pb1pr5ekk8nndfmla093q5yrrmzhgg2zcsj4kdqhe
76D2D2F2E6D04991F90F87239C7B599BB2892B6B12D1343A7A2962984FCA1E8B;send;pb1pr5ekk8nndfmla093q5yrrmzhgg2zcsj4kdqhe
518D4EBACEC7292EEEF37C78BE4010EC03F9F5F30ED21324FE92DE0FA3BC45E4;write_session;pb1xvd4k9jg5h0d4dhzr4z0txtwe9p5zxf58xcmxd
48D9B32FE6C554F81D41733E60BAE993AACB594A4D8130B3EB8A1D60B23A8490;write_session;pb1xvd4k9jg5h0d4dhzr4z0txtwe9p5zxf58xcmxd
F35B507792582BF4BB8E0DF97A0935291E793C1604369706298FA94710E4CE13;send;pb1pr5ekk8nndfmla093q5yrrmzhgg2zcsj4kdqhe
82E605753E42F0837CA0F58FE90C9DCB16E3A4ABBC3B4AD46B4BEDD29C6AFDA2;send;pb1pr5ekk8nndfmla093q5yrrmzhgg2zcsj4kdqhe
B07E38FEC533DCE56830D17868E74BDE6BD3B55DC9B9390E600110B668E959E2;vote;pb1ya4fjcv34qz5n7yd9x85yn3vjhcun5k0jvd47p
468E426A1B520BD9386B4225C5B4045F97000C8D0E55898EC6B3D8497410B9AD;vote;pb193mx3wsed089rnmuf0t9080qlefgyf60hwmerl
1BECDDB51520668B2D08B9DA3CC41907C77E23A9305859D606C3AFA7FC0FB1E0;send;pb1pr5ekk8nndfmla093q5yrrmzhgg2zcsj4kdqhe
90D9F9CFAC404B1C02F12D477999BF172A90127F104A4EC47899BE96DC889AE6;write_scope;pb1xvd4k9jg5h0d4dhzr4z0txtwe9p5zxf58xcmxd
B71E81AE185BEB7F555CA9DC91A309FCF993597FA46A455F8A09561AB76BF9A2;send;pb13dfvqt7zyp69z3el72qsu6z3f0egh9xfng9jvt
46125B375482D8C4AA3A419FE591FE58D0A6FED027A19B31E03CDAEF03CE0A56;grant_allowance;pb1pr5ekk8nndfmla093q5yrrmzhgg2zcsj4kdqhe
4BC9CD1A971C05A8507AD41D2893A29C908DBC524FA0C9C004483150F9687881;write_scope;pb1xvd4k9jg5h0d4dhzr4z0txtwe9p5zxf58xcmxd
326084847023958A134E9B4C362AB1E987526253E8E5CEC2012C6ABCBF218AA4;send;pb13dfvqt7zyp69z3el72qsu6z3f0egh9xfng9jvt
01140A3D7BA2252E12E0F4EFDA9B38538F762991ACC1CBA663508F581122583F;write_record;pb1xvd4k9jg5h0d4dhzr4z0txtwe9p5zxf58xcmxd
E7BCD79C4431B36764C86AD8AB9BFAACA8B128F6636AB3B4838231317A3C6989;write_session;pb1xvd4k9jg5h0d4dhzr4z0txtwe9p5zxf58xcmxd
3507C2AD1C4A94270023429DFD682D8E406AFBA292D6040D65E3D5A6042D5B27;write_scope;pb1xvd4k9jg5h0d4dhzr4z0txtwe9p5zxf58xcmxd
219FB3C732381FCCDCBC87CA1FD06BED82D1C304F810CA89BE1AF673FB7A00C8;send;pb13dfvqt7zyp69z3el72qsu6z3f0egh9xfng9jvt
D32458E97B2D5597926CF09F12EDDEC2935D9F03336AADE70B9B21BD28B634ED;mint;pb1g2m2vp59amxd0hp5502e22hp0yprujd23z4qah
F2A111BAD748CA31F4DCF47D3FDAFACCBA61C6650C253C0696FE77A4CC05ECBC;withdraw;pb1g2m2vp59amxd0hp5502e22hp0yprujd23z4qah
999246A4A0C58D16722D19816B983186DD63C352C9CFBD8F867E013D87196687;send;pb1pr5ekk8nndfmla093q5yrrmzhgg2zcsj4kdqhe
2275907C65C6189FB24A9C42D23E7AB155B1D00BBA0177E1A7E16900E6C30615;send;pb1pr5ekk8nndfmla093q5yrrmzhgg2zcsj4kdqhe
C31CD36F4E9F67003709C845B3A53C60CC2464CF51468D7E4F0C485771166169;send;pb1pr5ekk8nndfmla093q5yrrmzhgg2zcsj4kdqhe
211A0928E2C39A581255F753D6E93587DF41F7A2DCA94D8F75F77EF398F5AABC;send;pb1pr5ekk8nndfmla093q5yrrmzhgg2zcsj4kdqhe
6336847FFFFA93CB6D3AD62E2A18591764F669CF14E400AE827DDBE95FEE987D;send;pb1pr5ekk8nndfmla093q5yrrmzhgg2zcsj4kdqhe
AFBAFF141E1F8EFBB006BFDE1B1804B260CF93AEE58554A6885562B13FBD5581;send;pb1pr5ekk8nndfmla093q5yrrmzhgg2zcsj4kdqhe
799FED9A88F40CAA44BCC68808612E940D03E92A6C3A3FDCBA05F59942941D58;send;pb1pr5ekk8nndfmla093q5yrrmzhgg2zcsj4kdqhe
A22A38E122F12095E76B66185983469B68570CC58583B23E50ED8762F12A1F4D;send;pb1pr5ekk8nndfmla093q5yrrmzhgg2zcsj4kdqhe
ADF9BAE4DAEFC905DB882F053514A04DD990C59666011BB831A1E1FC85CD8A5C;send;pb1pr5ekk8nndfmla093q5yrrmzhgg2zcsj4kdqhe
AF0ABFAA582E5A8C298F176DEA7FF3571E8EF9DBDF9C8F13D8FB6478B2383275;send;pb1pr5ekk8nndfmla093q5yrrmzhgg2zcsj4kdqhe
5AC9B7098A75489B6B510B3B793B05282D579735B18EF38AF647A7B61E29F11C;send;pb1pr5ekk8nndfmla093q5yrrmzhgg2zcsj4kdqhe
1E166D427EA0E7393FAD5AF5D4DAC817C2BC4D508E6D2A51E1370BEE06A4EB38;write_session;pb1xvd4k9jg5h0d4dhzr4z0txtwe9p5zxf58xcmxd
4454B2F10378F912A6EDC82AC6896ED398DEF5C95A2E16439F199134A7F145A3;write_session;pb1xvd4k9jg5h0d4dhzr4z0txtwe9p5zxf58xcmxd
412184CD3882A3A1C4F744F5474D129148737B06155A92F79718C35C9895F214;send;pb1pr5ekk8nndfmla093q5yrrmzhgg2zcsj4kdqhe
3F3C2371121057B20EF93A1DD3869D7DE590F3757CC2505ECBF1A73D2AC90E4F;send;pb1pr5ekk8nndfmla093q5yrrmzhgg2zcsj4kdqhe
C02EDEF42D5948DF2C6D99F4E50403BEE924C57B1D14D7465B33732A52218BE9;send;pb1pr5ekk8nndfmla093q5yrrmzhgg2zcsj4kdqhe
F56DCB2D4E3AB8720565EDE2A92825C8958B3F20873015E65B2EADA8DAD98812;send;pb1pr5ekk8nndfmla093q5yrrmzhgg2zcsj4kdqhe
272E29B962541113157A421357F7C5F60F48B19737224B555F192AE9AD0BE6B0;send;pb1pr5ekk8nndfmla093q5yrrmzhgg2zcsj4kdqhe
392DB2A64DA0FCF8D9BBB5FC96E6518DBA72CF634F420D672B22081C68E2363F;send;pb1pr5ekk8nndfmla093q5yrrmzhgg2zcsj4kdqhe
743C8C9E819B187E915B2D737EB7CECDFA625E66FC585454BBCCCA000CC559D4;grant_allowance;pb1pr5ekk8nndfmla093q5yrrmzhgg2zcsj4kdqhe
ACEA421EB3E0AB1B3789690E112D676B49D0B883F1CE8E9F3609EB4C641F2A82;send;pb1pr5ekk8nndfmla093q5yrrmzhgg2zcsj4kdqhe
2435D8E6A6A3B33C1AE01481145360E23BEA4ADC4D64997AABA0464964C2258F;send;pb1pr5ekk8nndfmla093q5yrrmzhgg2zcsj4kdqhe
1C34B538726D5D417BFBBC1931E069C83AA32824F17B12905EBAEEA0F5AB773D;send;pb1pr5ekk8nndfmla093q5yrrmzhgg2zcsj4kdqhe
1E3484B56579DEDB5D0619C74288E347FB0B24FBAD22F663F55A09CFCB6F93DA;send;pb1pr5ekk8nndfmla093q5yrrmzhgg2zcsj4kdqhe
BFBB439EC17286A8E5F3166324982F22DEE4BE1DAF5B56FE27B4C81EE5E63639;send;pb1pr5ekk8nndfmla093q5yrrmzhgg2zcsj4kdqhe
88807043DEE297848E94B4E609DC349DFFD362B1701CB10520835BBCF38C5E1E;send;pb1pr5ekk8nndfmla093q5yrrmzhgg2zcsj4kdqhe
BE76871438C33EEC002FE77CD949692D1EA4C16C8A5D5AF0FBFF45A45C3AD40F;send;pb1pr5ekk8nndfmla093q5yrrmzhgg2zcsj4kdqhe
CBDCFC54BAB3A3E462DCF2240FC02BAB46B289D4C54C1ABB2338868D84AE33CD;send;pb1pr5ekk8nndfmla093q5yrrmzhgg2zcsj4kdqhe
D707BA4760890B35472FD1EF5E15EB96124DDE88FF1F2546E4C0CC6D51521F8D;send;pb1pr5ekk8nndfmla093q5yrrmzhgg2zcsj4kdqhe
7530F6A9FBD6B9F4D4DE1E73424A77B54A1F03E8D74B059C05C6FB4A0048D5FC;send;pb1pr5ekk8nndfmla093q5yrrmzhgg2zcsj4kdqhe
4D8BCBF57E8FF2EBF508B652D9CDD4346452450EE9F45BDC7C77FD5FAFE14837;send;pb1pr5ekk8nndfmla093q5yrrmzhgg2zcsj4kdqhe
84A4ABE7250C49A53CF85C351535F53A6BC23F67B7DC892B9479572B88BD0756;write_scope;pb1xvd4k9jg5h0d4dhzr4z0txtwe9p5zxf58xcmxd
5BD2438481324C72738152DECF8953BC52C87C92AC539BFC18E2B3F72649974F;send;pb1pr5ekk8nndfmla093q5yrrmzhgg2zcsj4kdqhe
7127A2198B57F68221BD75E59720DD4C6E28BEC24D3AA1546D444D6B5C27E6C8;send;pb1pr5ekk8nndfmla093q5yrrmzhgg2zcsj4kdqhe
972B836CF65BD1BBE5A3180FF675AD0DCCCC4783C7138078CBE1C4991A842AE7;send;pb1pr5ekk8nndfmla093q5yrrmzhgg2zcsj4kdqhe
BC8352E8A6180802DE34084FFD4F0EBA2C1CE5E96C06F615D3BBEE0A48181262;send;pb1pr5ekk8nndfmla093q5yrrmzhgg2zcsj4kdqhe
403C7F374C72BB39CE48E9CAEB2255725B84EBB10ABEECF347741F6793C91ADE;send;pb1pr5ekk8nndfmla093q5yrrmzhgg2zcsj4kdqhe
A7289D319A69CFFB98F3823820A66A315CDE17A81B590DAE52EAA0618F261983;send;pb13dfvqt7zyp69z3el72qsu6z3f0egh9xfng9jvt
BE00FB3D219557C7E5F7D28F9E00DFC00F98989894CE41F0FF00C838447E6BE0;send;pb1pr5ekk8nndfmla093q5yrrmzhgg2zcsj4kdqhe
90792FA8AD69499D114E1F79220A7E3A11731CE768F36F091DDD24C3125EA880;vote;pb13905qnf0mc8f8h3dawsq0894ded0ct83xdk04q
BFF4E35D8A6BDCA599C6F257B3D24455CBF7F7094449E60D13888CACA6C7D759;send;pb1pr5ekk8nndfmla093q5yrrmzhgg2zcsj4kdqhe
EE4A9FE7B97B7B448DCBA7F0AA5D4BEFA568F5356A9E6359F162897F03F18B8C;send;pb1pr5ekk8nndfmla093q5yrrmzhgg2zcsj4kdqhe
B0D713E658712852653A4924B752EBCC3B1B7F678ED664EA7209D6C130E4A583;send;pb1pr5ekk8nndfmla093q5yrrmzhgg2zcsj4kdqhe
F259D57D029662D2454F4F8A90C03DD36663542F2F287515FC43617956270247;grant_allowance;pb1pr5ekk8nndfmla093q5yrrmzhgg2zcsj4kdqhe
D79CF4C1F39D20D48163E84A6975CE6BB60E9D1F3EF699640E1A81E3C6F71E52;grant_allowance;pb1pr5ekk8nndfmla093q5yrrmzhgg2zcsj4kdqhe
D37940AB2D22E42EE82D8E6F63E86AABCEA1AA29EA50D22DAF9852EC6FF81CBD;send;pb1pr5ekk8nndfmla093q5yrrmzhgg2zcsj4kdqhe
67C4807305D60D6E8DBAF4AD5092E64022622AD448454C4DDADE26C15C5AE77B;send;pb1pr5ekk8nndfmla093q5yrrmzhgg2zcsj4kdqhe
4ECF56A3F0A69FF331C83A01F21CB8BCF2294897024B5D18CC4E715B7EDEE8A2;send;pb1pr5ekk8nndfmla093q5yrrmzhgg2zcsj4kdqhe
25AB252C5AB6711F1D37A4EF61FE1E22B247C40B7F1A9BB4DA201342C1E471CA;send;pb1pr5ekk8nndfmla093q5yrrmzhgg2zcsj4kdqhe
DFAB2B807E7FBB60E26A50237E17CA21BBAF286C134982193A8D204753D3C73A;send;pb1pr5ekk8nndfmla093q5yrrmzhgg2zcsj4kdqhe
BE39C239601DF71F0FCADAB852526DB2A4207C3143A5267F32731E9CE2FF6CE6;send;pb1pr5ekk8nndfmla093q5yrrmzhgg2zcsj4kdqhe
C03A80740022B47AD9D7D140F3351BAC9685DFC4932405DA11E73C972DAE8140;send;pb1pr5ekk8nndfmla093q5yrrmzhgg2zcsj4kdqhe
015B68F68F62ED5601001BE7BCDC8634DBC9154C5A1D748D06F64293251E8EDF;send;pb1pr5ekk8nndfmla093q5yrrmzhgg2zcsj4kdqhe
2CAB42B57313F99C47C569E63188EA7CC0A4C6D761B5FE5412AF990CFB006448;send;pb1pr5ekk8nndfmla093q5yrrmzhgg2zcsj4kdqhe
9A1F7B8EEB37F9CCC9BB83F43713764455531BB1B24925BCECE7ABF4D723F41C;execute_contract;pb17j6tdg5nmhh2khr0t3uq4znye7u5jtqr62esfa
B3EBE416969BE03A18296CEB9AB99ECA24859BD3423077D75D7C93BA23B09C5F;send;pb1pr5ekk8nndfmla093q5yrrmzhgg2zcsj4kdqhe
63863C8C3D99B5AB47D0B91AE9D8A3DFE828DFB2054475A083CF39369BAB10A4;execute_contract;pb17j6tdg5nmhh2khr0t3uq4znye7u5jtqr62esfa
13672FBC380CC9813CBCFD8335A685A10989042191DD972BC34C1BE3075FD2A2;execute_contract;pb1evdjjcagllgyf23pzf7e2gkvfuakegsnv49yhj
D97AEFCA91B521BAFC867ACD07B8CA353959D68F8326C368EF22D2DF38C363DB;send;pb1pr5ekk8nndfmla093q5yrrmzhgg2zcsj4kdqhe
4A084FF194C3EE1C8C1200B2D3FE91304291315EA38F915DB6225BB30B6932FE;send;pb1pr5ekk8nndfmla093q5yrrmzhgg2zcsj4kdqhe
F1BB66CEB897298FA7959F99A94FA01FBA3FE1E3AA21E495D905719E277EE5BE;send;pb1pr5ekk8nndfmla093q5yrrmzhgg2zcsj4kdqhe
9818E9CBA474647F65B30A5E84E2B84B9FB566DCE280C117C0DBBDDE69CD7E3B;send;pb1pr5ekk8nndfmla093q5yrrmzhgg2zcsj4kdqhe
AC185E0D59C1EBD3F3F34258CCE8C5D3883D35C25049737177D2E2723C1FFACA;send;pb1pr5ekk8nndfmla093q5yrrmzhgg2zcsj4kdqhe
15B43ECF0E1CB274CE55484322C2D3F79E93CD6A16B69708155EDAA1179197CF;send;pb1pr5ekk8nndfmla093q5yrrmzhgg2zcsj4kdqhe
F2570EB57F0BC6AFB7132C849AE6DE42BE9E7D432F3FC892F8530D4B5F36D55D;send;pb1pr5ekk8nndfmla093q5yrrmzhgg2zcsj4kdqhe
DDE540D9EF1FB8178ED95A0C7FE2912F99A8087F0BCBCAEAA480F3A961A788D7;send;pb1pr5ekk8nndfmla093q5yrrmzhgg2zcsj4kdqhe
064B1D633C1FE2C8C039547F1F116FC408AB6AB5B5C746A2D57EE1727B684BD0;send;pb1pr5ekk8nndfmla093q5yrrmzhgg2zcsj4kdqhe
CA2C39A7EF5463BF25ED49437B395B0A5C9D3652A68AF57571BB348E0A640749;send;pb1pr5ekk8nndfmla093q5yrrmzhgg2zcsj4kdqhe
9D6770E6404162B9A12E492041D69796E53FCA743D7386A62B0E8E7DCD5EBD53;grant;pb1949aeejayfs4srtl8sc672h2m03xarz46unz4q
6355807119C452783F7B8E31DEA096F7BC449F31B80B6ABA1FFEB97ADA687B52;transfer;pb1949aeejayfs4srtl8sc672h2m03xarz46unz4q
69926F1B2071BD258F12555378F3263F4BAF921FAE1B370DDB67F80FCA9D53F7;grant_allowance;pb1pr5ekk8nndfmla093q5yrrmzhgg2zcsj4kdqhe
87A026088291635F4025CF392A1AA412731D042CDD4738575EB1A26C779B0509;send;pb1pr5ekk8nndfmla093q5yrrmzhgg2zcsj4kdqhe
B73E3D507171967C117F85AEEDE35A3BC6DA643EE605D765234550465B056267;send;pb1pr5ekk8nndfmla093q5yrrmzhgg2zcsj4kdqhe
6AC37846EE4E2F7FBEA67372C4AF762B0B980F1EBD29A5414821D79ED503F596;send;pb1pr5ekk8nndfmla093q5yrrmzhgg2zcsj4kdqhe
EE5ABCA057ED0E576102420A0F423C88F6032FB656BFCBC115C3B8111E16CDA3;send;pb1pr5ekk8nndfmla093q5yrrmzhgg2zcsj4kdqhe
E54BB03CC45171EFE3F1DC336B86E87F34EB1B5C73C51964A41BF6B0278ACDE9;send;pb1pr5ekk8nndfmla093q5yrrmzhgg2zcsj4kdqhe
38B4618B7A251A43850F3DEE1F42501A78A5E98F5D5F0DF848A745880CE89135;send;pb1pr5ekk8nndfmla093q5yrrmzhgg2zcsj4kdqhe
AA8417C378F6F107ACDF2219841BEE41BFA536E9EA50051550B9517395BC67FC;send;pb1pr5ekk8nndfmla093q5yrrmzhgg2zcsj4kdqhe
83746DF6D4852FFE70A2F578DE9E14F53D9F1733D96A8F2D4598A59D38350FBC;send;pb1pr5ekk8nndfmla093q5yrrmzhgg2zcsj4kdqhe
9C8762953D99DF3AA9BD3C8F3DBC88725D9FAF6E1A6ACE2DAA396491FAB672AE;send;pb1pr5ekk8nndfmla093q5yrrmzhgg2zcsj4kdqhe
9B25E649086D910DE3280F1016BFF3C33C2ECDB70EC9FFCE2443D79F565F8F0A;send;pb1pr5ekk8nndfmla093q5yrrmzhgg2zcsj4kdqhe
0F6D09082C722C8B868FDA3EF9C2635C905BD5F64F2EC292A58B3099D0DA636E;send;pb1pr5ekk8nndfmla093q5yrrmzhgg2zcsj4kdqhe
472A408AEF7492B6AF06C93B478C2DEFF54217CF63AEE4FD93703C2313AB8573;undelegate;pb19hn39dsegh7fp8jdaylxvpc3ku5x6dnfcr5pun
7B6FAE2CC566AEFAD32B6CCB80433BEFCC3A712C9A5E11DD776D8A580EBBCDC3;send;pb1pr5ekk8nndfmla093q5yrrmzhgg2zcsj4kdqhe
B2ED191EC8E87D33468C91DDD99E142070827FBEC4193502916975AD8191EC21;write_scope;pb1xvd4k9jg5h0d4dhzr4z0txtwe9p5zxf58xcmxd
50BA8EDA817F30A29F61DC0532F3082E7F5D179E68DB6A7258519D547E040277;send;pb13dfvqt7zyp69z3el72qsu6z3f0egh9xfng9jvt
938D20DA8F93EA3EF07363957D0DE54071D4CC7A26A3E0CE4F86C7BD3137E42D;send;pb1pr5ekk8nndfmla093q5yrrmzhgg2zcsj4kdqhe
734EAF339B66A4A926B05730901FDDB3EB59440B858DCB265B9D04507130D60A;send;pb1tah4pmnkuutr4aghq4rqpdjk9qyqsvt43f02qt
7427D3F768CC1C79C1D1C9380C331DCF04814043A03D4A8562ACE03B247E9027;send;pb1pr5ekk8nndfmla093q5yrrmzhgg2zcsj4kdqhe
993A03DEB9172585B2FC8EC4D0F20FA94545334DFFDBA95920925D586049D069;write_scope;pb1xvd4k9jg5h0d4dhzr4z0txtwe9p5zxf58xcmxd
569350E7973DE181E8BE3D37BF4912C5A6D40A78003890919DD6708980882D59;delegate;pb19hn39dsegh7fp8jdaylxvpc3ku5x6dnfcr5pun
11CD6A1EC912042CE4D08459FC48A12CABC7D36C1BE6B5334B0F9B42DA14A55B;send;pb13dfvqt7zyp69z3el72qsu6z3f0egh9xfng9jvt
811AC57942A49A4C40FF953625A7007568E59886E05B27863E6B09790C8F4D57;send;pb1pr5ekk8nndfmla093q5yrrmzhgg2zcsj4kdqhe
4CA8C342214C14976811E4D5CA7FE14D4B35B553FFD20A898826D5111FCA4F39;send;pb1pr5ekk8nndfmla093q5yrrmzhgg2zcsj4kdqhe
8AED1AA299BF220B31D28535D1482C6F10F0BDFE3B21164423E04B78638E9EDF;send;pb1pr5ekk8nndfmla093q5yrrmzhgg2zcsj4kdqhe
3F3139ADC02592DAFA47279898397D08539A92DC07998AFB4FF0F2C5D0E1BDE9;send;pb1pr5ekk8nndfmla093q5yrrmzhgg2zcsj4kdqhe
5066E6E1B01B914ACF0E342EF0A7706A40E2972519803C63B41B23347A3BA451;send;pb1pr5ekk8nndfmla093q5yrrmzhgg2zcsj4kdqhe
958652E9BFE9F7766F1573516D4D08A15DA354C5855A3C8A2767050622F773DF;send;pb1pr5ekk8nndfmla093q5yrrmzhgg2zcsj4kdqhe
4C4D70D9282AB59A5C0AB4163F4CEB1FB317C345EB93D12A9F53A375E5C1221A;send;pb1pr5ekk8nndfmla093q5yrrmzhgg2zcsj4kdqhe
2CB7C940EA5D1799521D36DC487110BF4CE47C0A03388FB4BBA5F09A2CC4ECE0;send;pb1pr5ekk8nndfmla093q5yrrmzhgg2zcsj4kdqhe
AF9A9D256808ED5FB74505F23C07F98567A0F445D9DF1AAA7A62982898612645;send;pb1pr5ekk8nndfmla093q5yrrmzhgg2zcsj4kdqhe
75D740FB7714DD73FE1D3D34F2DDEEADA6D4905FCAB066B51A77741311D7C87E;send;pb1pr5ekk8nndfmla093q5yrrmzhgg2zcsj4kdqhe
2A12505807DB6813ED059583D934ED9A1309C65029B17883E95FCBEBE8318EF1;send;pb1pr5ekk8nndfmla093q5yrrmzhgg2zcsj4kdqhe
6AF56C98905EBEAD915C6E6881C08EA18D6D407C00DC253446F7E84AB4A6CC1E;send;pb1pr5ekk8nndfmla093q5yrrmzhgg2zcsj4kdqhe
5F3FB06AE483B586A3219F957BEC6E1F70C290B8AF826DC71E1858065FAE916A;send;pb1pr5ekk8nndfmla093q5yrrmzhgg2zcsj4kdqhe
F997064DBADE10A6A3CD0DBF06B48CC1EF10672E1108A1666ADC7224087C1369;send;pb1pr5ekk8nndfmla093q5yrrmzhgg2zcsj4kdqhe
5493D07450884C3ABEA8A5F7CC9B9664983D2F0250564D150CFB33E8F4DF184F;send;pb1pr5ekk8nndfmla093q5yrrmzhgg2zcsj4kdqhe
BEFFD515DCCE193E8B14371A7EAD477E4203C1E6A156F4F8F0357FC5BDCEE433;send;pb1pr5ekk8nndfmla093q5yrrmzhgg2zcsj4kdqhe
200C818E90845D168E8B2CB488A33B39A281840DB8CDCA9142483BC7BE484E50;send;pb1pr5ekk8nndfmla093q5yrrmzhgg2zcsj4kdqhe
601E7E6E4077026FF7B1661B46CB492619836317DBBA4694C3CA4230249A2AA3;send;pb1pr5ekk8nndfmla093q5yrrmzhgg2zcsj4kdqhe
1F533F25D899694162D54581B33242F54534E8C55F1E37ED89C882F3997F6D06;send;pb1pr5ekk8nndfmla093q5yrrmzhgg2zcsj4kdqhe
9911C2C208D6A39BD1E6CDD1FC4B3053A7AD7680697936A252FEEEA49E5F2D55;send;pb1pr5ekk8nndfmla093q5yrrmzhgg2zcsj4kdqhe
56E8ECD31C2898AE6F1ED519C5BF51078C96F09A00FC67CD6ED5198897C723C9;send;pb1pr5ekk8nndfmla093q5yrrmzhgg2zcsj4kdqhe
6390DC56770061B7A6710D58849181EE1C6F6D9B7387A87260FDD280CBB41BFE;send;pb1pr5ekk8nndfmla093q5yrrmzhgg2zcsj4kdqhe
FCE1819F086EC2CAACC6E35656BA2B018B5FE4FA451A71B63DCB3D5825A2B91B;send;pb1pr5ekk8nndfmla093q5yrrmzhgg2zcsj4kdqhe
8AFAF19BC27085FA182D100FA8A002DAE3CAD0A77C0766E137CCD9C600FCFC59;send;pb1pr5ekk8nndfmla093q5yrrmzhgg2zcsj4kdqhe
FD349843301F947182F61AA5ABCB97D585F157B65A76C8F51B5CEF0620D76274;send;pb1pr5ekk8nndfmla093q5yrrmzhgg2zcsj4kdqhe
72A90C044BD3ABA4B7B8459B2F55011E232DB6C9674145F66A20DE38136E3848;send;pb1pr5ekk8nndfmla093q5yrrmzhgg2zcsj4kdqhe
5C3CB85E3AEBE66B67A2513B5554B808DDE7F47DE37C188399D2960BCB46097F;send;pb1pr5ekk8nndfmla093q5yrrmzhgg2zcsj4kdqhe
54EF6D301583EBDF4D31B251E824EE03CA8F0C4C63F522D03E8A112F86D1EA17;send;pb1pr5ekk8nndfmla093q5yrrmzhgg2zcsj4kdqhe
4080D8663FCB73B45A5E80082B40BC362CA8B5C04AFE092DBC558CFFD44FF706;send;pb1pr5ekk8nndfmla093q5yrrmzhgg2zcsj4kdqhe
580336D6DFC24776F8452A01C0B05BEF49282C59DAB8F738D50B0DE6496EE78A;send;pb1pr5ekk8nndfmla093q5yrrmzhgg2zcsj4kdqhe
F7DB3174BBE896D4476C1D41572D6297FCA12ED3B9770F15B8FF86B2D28F2376;send;pb1pr5ekk8nndfmla093q5yrrmzhgg2zcsj4kdqhe
5D9FABA41EE4821D9137DC5419886B8FBE54A9871B2E8C6C178678845CAB378F;send;pb1pr5ekk8nndfmla093q5yrrmzhgg2zcsj4kdqhe
382D96A345626BDB3F099E262B7486F4855311AC4F340F7E38E6CE1D03E7C514;send;pb1pr5ekk8nndfmla093q5yrrmzhgg2zcsj4kdqhe
D94F22A0ED637900C3DD3D0B282FF9ABD738B022156576C64356F81E67153722;send;pb1pr5ekk8nndfmla093q5yrrmzhgg2zcsj4kdqhe
AF8C50580A08619DF8CEEA3C5C02B353887F119937D66DF591B616523B9093A9;send;pb1pr5ekk8nndfmla093q5yrrmzhgg2zcsj4kdqhe
2375A2FB5ED8CA181705C10D5BF6EB6A0869D31B476E41A45B348E4AF59D2B36;send;pb1pr5ekk8nndfmla093q5yrrmzhgg2zcsj4kdqhe
B56F18745ABACB90B5EAAD4DCEB7E8FA6BC5FDE3E4D9213FFE79FD266F054A69;send;pb1pr5ekk8nndfmla093q5yrrmzhgg2zcsj4kdqhe
99ED9EBE319635AA0D5B603BDDF474EAC166DB36FC386B699354DBB884363715;send;pb1pr5ekk8nndfmla093q5yrrmzhgg2zcsj4kdqhe
D26C368130A27851766344CC44F71215E455BB329CB03A05F78446DA18AFC8A7;send;pb1pr5ekk8nndfmla093q5yrrmzhgg2zcsj4kdqhe
7845D394D4BE4A45390DBC20B0F0A710DBFCB3625F6F7A8759D935485CE0B5C3;send;pb1pr5ekk8nndfmla093q5yrrmzhgg2zcsj4kdqhe
4497F375E3A42C9EE2282BF7D025BFC957884EE300A64C11360B2084548BE03C;send;pb1pr5ekk8nndfmla093q5yrrmzhgg2zcsj4kdqhe
5D0E031478ABD6B7FC3848A0D1B066A53F5BF3B15AD6BBD1AE02A5CD985681CA;send;pb1pr5ekk8nndfmla093q5yrrmzhgg2zcsj4kdqhe
3FDAAFCE485AA2FC92E6EBDB706E2B3EF20624A0732E73258A7BFB8D35901B85;send;pb1pr5ekk8nndfmla093q5yrrmzhgg2zcsj4kdqhe
10103378F6E5445D98527164738BACA99C28D5BBB9621CF4995D62D265A13FD0;send;pb1pr5ekk8nndfmla093q5yrrmzhgg2zcsj4kdqhe
D43941CD428E2F2E91E02809D234C74F57A4B508DC8CF489EF7CF2BD7438E146;send;pb1pr5ekk8nndfmla093q5yrrmzhgg2zcsj4kdqhe
F41BC77699B4101A4746A8D89DAC1A39B6B84CDDF3D7AFBBF931FF2564E06B02;send;pb1pr5ekk8nndfmla093q5yrrmzhgg2zcsj4kdqhe
26B45E36B31D44B1E6BB3757FAE1F93675D5B7932335B5EE7EE6ED07D3D2B44E;send;pb1pr5ekk8nndfmla093q5yrrmzhgg2zcsj4kdqhe
0B6DB01F1D2326463611F220D9BDF35A540745F605291956B3D7FCE69336351E;send;pb1pr5ekk8nndfmla093q5yrrmzhgg2zcsj4kdqhe
792B451EC12A87102F8E2BCF8198098E8B12B3E719A594714FA71D15D996250F;send;pb1pr5ekk8nndfmla093q5yrrmzhgg2zcsj4kdqhe
DC69D3A406A4824B6ADFD182BB847284535EEB1749EEAC0E0007C5BD32F0D09D;send;pb1pr5ekk8nndfmla093q5yrrmzhgg2zcsj4kdqhe
9E0A77014666F232E019638E287A091ADA6A155F9E76F4CF577EACE7C2703A2F;send;pb1pr5ekk8nndfmla093q5yrrmzhgg2zcsj4kdqhe
619F4C7A35A20175B4978CE0946C967DEA775123F57195C049ADE51510B3B4E9;send;pb1pr5ekk8nndfmla093q5yrrmzhgg2zcsj4kdqhe
23C99269E319CD1CF432D2342596934397FCC61F0B95A03D37E8178EF99A2762;send;pb1pr5ekk8nndfmla093q5yrrmzhgg2zcsj4kdqhe
666D42FB404F4ACF6A8C3A2CB2A7C130A10708AE721A368A840D8C7BD5FA78AC;send;pb1pr5ekk8nndfmla093q5yrrmzhgg2zcsj4kdqhe
B24D7E6ADC880865E35F553F45DD59E11D1E2E7F5D0078F5C3F1A29C2290A708;send;pb1pr5ekk8nndfmla093q5yrrmzhgg2zcsj4kdqhe
04CBEC69BEEC456D1F38439963A3E2F5142239D313DB488546B64C24C0342546;withdraw;pb1pr5ekk8nndfmla093q5yrrmzhgg2zcsj4kdqhe
63BA2E3EB0E62A0E32C357B5AF9D56A494862451F76EFD461F2EC84FE4A49DE2;send;pb1pr5ekk8nndfmla093q5yrrmzhgg2zcsj4kdqhe
88B2BEEB7A07584472851773741F7F58B81A82C9BA36C01BE44ED522016622A3;send;pb1pr5ekk8nndfmla093q5yrrmzhgg2zcsj4kdqhe
6766DD11585D504ABD5986A98199CDD752EF9DB818FE14696481DDFF93F26D12;send;pb1pr5ekk8nndfmla093q5yrrmzhgg2zcsj4kdqhe
63EA2DBF3EC1074CEA20174887229D78FB76BE894D3647F10D13E1A8F6FFC2C7;send;pb1pr5ekk8nndfmla093q5yrrmzhgg2zcsj4kdqhe
EA0339FAE5E69BE6F60216DE4B6EF0C4A3B5BD42D9698B23208AF10C7A1FBCC8;send;pb1pr5ekk8nndfmla093q5yrrmzhgg2zcsj4kdqhe
4CF7F6043989D8DE5DDC3A51BEDB4FC913049BBF739696EFF0C2218DE0DDC140;send;pb1pr5ekk8nndfmla093q5yrrmzhgg2zcsj4kdqhe
2DEE338035F2FC95435E42753C31A3BB4B19505868736709FA214283E4D4D6DB;send;pb1pr5ekk8nndfmla093q5yrrmzhgg2zcsj4kdqhe
1242788B3F98A3D7FFA4F4B6EB4549374379584E2B9910FB65003927D8D423FE;send;pb1pr5ekk8nndfmla093q5yrrmzhgg2zcsj4kdqhe
452A437DCE77608A6EF91EE3F5257ECD7AD5F2693574E35E0F2446BE0148E4D6;send;pb1pr5ekk8nndfmla093q5yrrmzhgg2zcsj4kdqhe
07A5EC5D86C74E9D6BF5F4F9504FDEE4FB0B22F7559B5B5388A476ABB3C87D53;send;pb1pr5ekk8nndfmla093q5yrrmzhgg2zcsj4kdqhe
BAC60BEF8E82517ADD1DAB5B7CA058A3F9107010C8B61EBEA16F60CA0E82AE61;send;pb1pr5ekk8nndfmla093q5yrrmzhgg2zcsj4kdqhe
8B86CA9E9A0E9E8E3DEDAC74C7E93BC5290DA691D1A012FDB349477083E3BB4C;send;pb1pr5ekk8nndfmla093q5yrrmzhgg2zcsj4kdqhe
D9EE10F6ECBC2B3CD9D21A231594C1EA6BD8544EFEDE9A5B545AB4AEEFB5ECFA;send;pb1pr5ekk8nndfmla093q5yrrmzhgg2zcsj4kdqhe
C95FE18774B5742C4093A89013DDBD987080E6E0426B5D814D1C588DDE9A4D47;send;pb1pr5ekk8nndfmla093q5yrrmzhgg2zcsj4kdqhe
B3AF2A3D9FF8CC789D0135B333437ECF7E9F19058C8FC50D6C60B23916534F51;send;pb1pr5ekk8nndfmla093q5yrrmzhgg2zcsj4kdqhe
1D0436E0C900A8765FB46FE96BE2825E39E901534265FB6A44024E36BC2B357F;send;pb1pr5ekk8nndfmla093q5yrrmzhgg2zcsj4kdqhe
F45368ED7A367DC8C34F303783B7531F8C970F0CC6D7E29A7CC9F46C4199A723;send;pb1pr5ekk8nndfmla093q5yrrmzhgg2zcsj4kdqhe
F7BD086B00CEC973458E8E664F9CC049989E709126911A3F24014A2C8CAEEBA6;send;pb1pr5ekk8nndfmla093q5yrrmzhgg2zcsj4kdqhe
CE509662757DC29E77853EB790F90ECD6568EAE710C25837D0B17C6FD4803697;send;pb1pr5ekk8nndfmla093q5yrrmzhgg2zcsj4kdqhe
68F2DE32D51BE9517A20B23A0AE9FEB7B41827A56FFF0DA1D77EC6330D1E1DFB;send;pb1pr5ekk8nndfmla093q5yrrmzhgg2zcsj4kdqhe
999F07221E28D8BED35DE7FA9B6E1B8032313F55B8DE08DDBE783F13ADDF5F18;send;pb1pr5ekk8nndfmla093q5yrrmzhgg2zcsj4kdqhe
8585624A5698A8D7734119B4B3F022B8A33312A3A112FA9CFFA51E09C6D347EE;send;pb1pr5ekk8nndfmla093q5yrrmzhgg2zcsj4kdqhe
721DDB66214CB223E4699D9C553BED9A5E7F0F05DA0C60D190E0050E7A804CFD;send;pb1pr5ekk8nndfmla093q5yrrmzhgg2zcsj4kdqhe
684AAE8D48DFC631413790AB1C0EEDE7F93D5BAF90EDB9A1B227A2E2A334FCC0;send;pb1pr5ekk8nndfmla093q5yrrmzhgg2zcsj4kdqhe
D79AD0F7F79A9F51C80037E16B7511D821D7962C18274DC27C62ADA53C1F6B88;send;pb1pr5ekk8nndfmla093q5yrrmzhgg2zcsj4kdqhe
8B20FF7D1531FA95C6AEF8FB9383A3FF411D09A2B8AFA906D3CFBF3AC611028D;send;pb1pr5ekk8nndfmla093q5yrrmzhgg2zcsj4kdqhe
C842966FA79D0C450BC0D5A81AB8C0152A17FA1960FB35171A60DB32F198421F;send;pb1pr5ekk8nndfmla093q5yrrmzhgg2zcsj4kdqhe
5DB9AAC77EACD930CDE1DA25AF6797D44923896622453A8376E3A93408F2EE39;send;pb1pr5ekk8nndfmla093q5yrrmzhgg2zcsj4kdqhe
2257A2EB8CE9B30D73BDD4973A65E9F01B1567C8553B7B24B0922897E6ED21DE;send;pb1pr5ekk8nndfmla093q5yrrmzhgg2zcsj4kdqhe
04879288EEE5DAEA7AE150A60230B8BDD277F47DAC0FE4F98D0C51B445C31563;send;pb1pr5ekk8nndfmla093q5yrrmzhgg2zcsj4kdqhe
06485BC0861CEC192D99AC67332D10D33D0B44D80BA84CAF4540855A3E5D51FC;send;pb1pr5ekk8nndfmla093q5yrrmzhgg2zcsj4kdqhe
C77E3D392E5AC53FA7E249D78F716773A96F274B7C84F9C1877616202BDC4D4F;send;pb1pr5ekk8nndfmla093q5yrrmzhgg2zcsj4kdqhe
C459AE4E7F49E518BD3C1A97947FCE3D3C9E5F3578056F77F955FAE518C5C698;send;pb1pr5ekk8nndfmla093q5yrrmzhgg2zcsj4kdqhe
BD1AF3FB75B7675F3B630D83CC99445E61DE71DDD57B3D56C1EB7ECE98886922;send;pb1pr5ekk8nndfmla093q5yrrmzhgg2zcsj4kdqhe
67B1243703C993F8927AD21A17609ADDD07F08D884C52A1387198BA5A1463D34;send;pb1pr5ekk8nndfmla093q5yrrmzhgg2zcsj4kdqhe
1CD8605B1BB2B2DA7721686C4C5A7C420D98D9645ACE1D30A5D45719F79E264C;send;pb1pr5ekk8nndfmla093q5yrrmzhgg2zcsj4kdqhe
3D71D4B4F03EE7ECD06323E1AE5284D6F1A2EC6F20E9F48CDF11F8DA143F17C2;send;pb1pr5ekk8nndfmla093q5yrrmzhgg2zcsj4kdqhe
AF335CD2685A8DDC47067CD7DD829034CBAE36B634674DCFDFAA03403D108AB0;send;pb1pr5ekk8nndfmla093q5yrrmzhgg2zcsj4kdqhe
62D39932315290B65DEC85087D3ABDE71BCBC0997006E678AB0B8FACFA4E55B8;send;pb1pr5ekk8nndfmla093q5yrrmzhgg2zcsj4kdqhe
B1558044138ACF0F65E170DB70CD16F9E1381DBA84C3E73A47AC400718269DD1;send;pb1pr5ekk8nndfmla093q5yrrmzhgg2zcsj4kdqhe
0146C2162F0F3AD5E43B3A6E2D23ED0E42B57804E62A108D1725C7D08ECF8FFF;send;pb1pr5ekk8nndfmla093q5yrrmzhgg2zcsj4kdqhe
5870FED7691A5C1B889C778954F1EEE029535BC318D6DD83BF5776440DB530FC;send;pb1pr5ekk8nndfmla093q5yrrmzhgg2zcsj4kdqhe
B49AA944E8E932F10B4E2BAC315C14B5F14BA6492B64389C44A8FEEB42673909;send;pb1pr5ekk8nndfmla093q5yrrmzhgg2zcsj4kdqhe
3890AD2372807CEB7AC67EEAC7420AA3524006C150E41F503CF0114E53D5250B;send;pb1pr5ekk8nndfmla093q5yrrmzhgg2zcsj4kdqhe
D0AD5D124444148845FC26C123C3CFBAC63D67B1BA21F82566A19813AE1F0162;send;pb1pr5ekk8nndfmla093q5yrrmzhgg2zcsj4kdqhe
D4222AB69B9E9802B81EC8E3D59A5CA3BBCE16A6EDBE4C9818C30382F7767EC8;send;pb1pr5ekk8nndfmla093q5yrrmzhgg2zcsj4kdqhe
E2EAFC2D5A7FD5B6E6AF1DC08B03ABDF96F8CA9F4D3B534F6D9EFC12B07A30F6;send;pb1pr5ekk8nndfmla093q5yrrmzhgg2zcsj4kdqhe
9224C83D00A55317B9B2973E61DDE72E173CBB9AE7B97BADF3102F0BE7509F4A;execute_contract;pb1re8nvuld7grgzu6e0cxwmctz26m7380cr3zapd
4762AE054AE74782B88F984568B051BC21658E29420F6ED5BC145D3581B04D5E;send;pb1pr5ekk8nndfmla093q5yrrmzhgg2zcsj4kdqhe
726942777B914F93260F5D3A0669576ADD5D339F5E2189A30C425A5D9B292049;send;pb1pr5ekk8nndfmla093q5yrrmzhgg2zcsj4kdqhe
743A3BDE48F5F24F899EEF8FB7006D4D8C00E2BD188084BB48351A611754F7C2;send;pb1pr5ekk8nndfmla093q5yrrmzhgg2zcsj4kdqhe
80D05685DE99CE48F39D9D5F48597A5CE164C58E10359C64C11BB5DBE1F9F447;send;pb1pr5ekk8nndfmla093q5yrrmzhgg2zcsj4kdqhe
25008B11B89F5B02DD400BE74E1E7EA8189A996C65ECD62BD3ABABC587D97D9E;send;pb1pr5ekk8nndfmla093q5yrrmzhgg2zcsj4kdqhe
AD91B9C05FA2ADCFFAF9286C8EF6A00AC57C7CF4035A0FC84C08DC30D94E767F;send;pb1pr5ekk8nndfmla093q5yrrmzhgg2zcsj4kdqhe
1AF147BB0C4E71A7938FA4379350BD28BD56B9E51E514DD957984D8F3D4BD283;send;pb1pr5ekk8nndfmla093q5yrrmzhgg2zcsj4kdqhe
E93C1C95514FC465FCAB12C40F685AB97A46C49B389BC6233478C66F122C513A;send;pb1pr5ekk8nndfmla093q5yrrmzhgg2zcsj4kdqhe
7EF7C09E683009A5982E68C1C9A1A530E883157EB7F1977401D50928120A8965;send;pb1pr5ekk8nndfmla093q5yrrmzhgg2zcsj4kdqhe
84F52CC7A9E2A2B8E51CDC5A97FB8C5B6400D357879D2CE322E229D86ED640A6;send;pb1pr5ekk8nndfmla093q5yrrmzhgg2zcsj4kdqhe
3753CCDD6E9B4632D040F3DFCA355D754AC18E93894566AC24C16E9D93EAB551;send;pb1pr5ekk8nndfmla093q5yrrmzhgg2zcsj4kdqhe
BDBD0D36437491ABABC6DFF8AFA1961A697F85D84CFA0F6113D930204A8CD49B;send;pb1pr5ekk8nndfmla093q5yrrmzhgg2zcsj4kdqhe
F6400AAADD90C8F2B4CCD8C73D8F80A6A53C8A805335F002488E36F1DC0A3E11;send;pb1pr5ekk8nndfmla093q5yrrmzhgg2zcsj4kdqhe
D91A1A30C9AE511D57EA16170428F63ABFFE5D92CCD323A4ED82E2C1204AE9BD;send;pb1pr5ekk8nndfmla093q5yrrmzhgg2zcsj4kdqhe
D930F054B8D26E2A3A7941796A771EE680CEE0F773077CF1EB83C88FDB028BBC;send;pb1pr5ekk8nndfmla093q5yrrmzhgg2zcsj4kdqhe
4BE8B56A6D88AE8D7F90DB7AE408687ACA0FAC3596E7A4724B49AFFC57548E36;send;pb1pr5ekk8nndfmla093q5yrrmzhgg2zcsj4kdqhe
77AE1DAF03A781DCDA5FD1B70B0E74202FD5411640CCDD9058A6736298257689;send;pb1pr5ekk8nndfmla093q5yrrmzhgg2zcsj4kdqhe
3A9B34B990EC8939963012E8D374FC25102B44308834D611AA0DF4B2DBD7E3E0;send;pb1pr5ekk8nndfmla093q5yrrmzhgg2zcsj4kdqhe
6315DBDD592C47F8368F0427D6F1FA65B1E1FE4B69609A2879EFC209505FD41B;send;pb1pr5ekk8nndfmla093q5yrrmzhgg2zcsj4kdqhe
287732428F1465C4A4AF13A3CCBD5E6E389E13277076D03EDF1C0544288FFDCB;send;pb1pr5ekk8nndfmla093q5yrrmzhgg2zcsj4kdqhe
C439EB3C12104099DE814D4A1443617F21747803A1587451FDEFA12C01823DB8;send;pb1pr5ekk8nndfmla093q5yrrmzhgg2zcsj4kdqhe
9FB39CC3944ED9E4A4AC37A5C6BBD5C2091578C4B07A9DA74D9B21EF8F82D999;send;pb1pr5ekk8nndfmla093q5yrrmzhgg2zcsj4kdqhe
D822051ECC0E7B98FFF45D24E052AD620CBBB4891C80E512DDE5274C7A20D2B3;send;pb1pr5ekk8nndfmla093q5yrrmzhgg2zcsj4kdqhe
AAA51963AA7A8A23F4143AD6CC64F146BB83C05652817B5FF3AA195BD558E3D7;send;pb1pr5ekk8nndfmla093q5yrrmzhgg2zcsj4kdqhe
39EC520F49766AEB0F234160E80BA4EB9C23055DB7E88A42F85581E2C1D80981;send;pb1pr5ekk8nndfmla093q5yrrmzhgg2zcsj4kdqhe
4C910C6EC9D2EBA74EFC307109C2D1C4D8C94586BE88F5BFE1D8FAF78A287BC6;send;pb1pr5ekk8nndfmla093q5yrrmzhgg2zcsj4kdqhe
AE4051E0099F8DB9E2CA7C494FFB6010930666734AB0D863D3FE9D1A36C6C82D;send;pb1pr5ekk8nndfmla093q5yrrmzhgg2zcsj4kdqhe
F429662A909D555B918417DB50E07C0186C811893A10CD63ACF2A8BB2BB2307E;send;pb1pr5ekk8nndfmla093q5yrrmzhgg2zcsj4kdqhe
8FED49AC70D4881B48851D096F24BAD90634B5B01828FDD818CCE0120CFFE2CE;send;pb1pr5ekk8nndfmla093q5yrrmzhgg2zcsj4kdqhe
AA4F7FDD17C95F35829C51C061BE817A3853300670A6DD576FF29D4B06028B01;send;pb1pr5ekk8nndfmla093q5yrrmzhgg2zcsj4kdqhe
3FA616F0292EEA7986481AEFCADB91E8FCA5D116B7C841B4F349D3DBB8356E01;send;pb1pr5ekk8nndfmla093q5yrrmzhgg2zcsj4kdqhe
0CEE7C4BD84A3B20BFE64E96D2015A9587E69659AAEEFD4F645D028EBA0545B5;send;pb1pr5ekk8nndfmla093q5yrrmzhgg2zcsj4kdqhe
4D2D94DD2E3B5241B4B33192E19509BE440ED6758E15F0517A94B42EBEEE3759;send;pb1pr5ekk8nndfmla093q5yrrmzhgg2zcsj4kdqhe
5903B066E7ECE46DC620635CF527EBB969B878256AA582521FD5F2DD36926548;send;pb1pr5ekk8nndfmla093q5yrrmzhgg2zcsj4kdqhe
039A122E1BFCB80EEB21388211DA17D6DFA3C3AD8BC83ACD100C358877C94C30;send;pb1pr5ekk8nndfmla093q5yrrmzhgg2zcsj4kdqhe
F626D096E77C4BD3C711C9D73F63427BBA70E118B60BA48B9ADE9336E4697C46;send;pb1pr5ekk8nndfmla093q5yrrmzhgg2zcsj4kdqhe
48611DF1F930659AEF6F7ABA5B4E9800F84BB95CBF62335EAA710E857D2EBE26;send;pb1pr5ekk8nndfmla093q5yrrmzhgg2zcsj4kdqhe
1E58CCC8EA99FE0093F44B579CAFEC52B49F7E8E55EFCCA24FD500826049F48A;send;pb1pr5ekk8nndfmla093q5yrrmzhgg2zcsj4kdqhe
AA15A3D323C1907933F9E7766E8DE95BEA5F3A4C12646D2B38FF506E8AF8DA1C;send;pb1pr5ekk8nndfmla093q5yrrmzhgg2zcsj4kdqhe
17DD7C96EC67BE0CD16CE4CCD9B35A4D95A346C2B86B2E101A76CD76AA65FCAB;send;pb1pr5ekk8nndfmla093q5yrrmzhgg2zcsj4kdqhe
15131F628592F5BF71E64FFD859CFFD01C1515A161AE93ED987B6EED443BC1C3;send;pb1pr5ekk8nndfmla093q5yrrmzhgg2zcsj4kdqhe
5850CA94C4F842EAC1AD40CEEFF2FF8C99300A4348F1E1C0B44453717D387BEE;send;pb1pr5ekk8nndfmla093q5yrrmzhgg2zcsj4kdqhe
7836B274D3163F135BF0739BC9C1DC436B5283800B28B866CD1298D11EA830F7;send;pb1pr5ekk8nndfmla093q5yrrmzhgg2zcsj4kdqhe
999ED20B331240E0BD5AA378D403AC742E2FA645B2CE36EBF8C414ED9DB70E1D;send;pb1pr5ekk8nndfmla093q5yrrmzhgg2zcsj4kdqhe
CFF1E6F9E5D803CF99213D9E287B81B430A0BB40A528A2570BEA88436798AEAC;send;pb1pr5ekk8nndfmla093q5yrrmzhgg2zcsj4kdqhe
CCD2A8990510B817E081CFAA82EBB2CDD00C0ECB0165FB00A2CDB72F73CC3946;send;pb1pr5ekk8nndfmla093q5yrrmzhgg2zcsj4kdqhe
6A38DD43C728F8E0613F2626FEAE6695ABA632CB8D799E40212311021300D684;send;pb1pr5ekk8nndfmla093q5yrrmzhgg2zcsj4kdqhe
B8B93A63679FFF4639D89574F01BA754B2239B459DC502E209A6A885E6A41050;send;pb1pr5ekk8nndfmla093q5yrrmzhgg2zcsj4kdqhe
ED52CD9393FDE890F653B09803850D60FE6948428F026AB0E43FF22AF0169669;send;pb1pr5ekk8nndfmla093q5yrrmzhgg2zcsj4kdqhe
69C14BE27C2CD330042B3AA990C41BF43AEFAF147E1199D8B02464E41DCC3BA4;send;pb1pr5ekk8nndfmla093q5yrrmzhgg2zcsj4kdqhe
5B82C1E5AD902A8872E376EE81F1DBCEBFEAF78BAF718F080E3E0E4375F6FFA6;send;pb1pr5ekk8nndfmla093q5yrrmzhgg2zcsj4kdqhe
F125FCFC815D82AA5F6362814A94D81F2D63DFD8BD4773787C9401D717852E10;send;pb1pr5ekk8nndfmla093q5yrrmzhgg2zcsj4kdqhe
AC1A7E89FB39AA2B77D120CFA318FF34F8A2C4C59511B63376708549799803CF;send;pb1pr5ekk8nndfmla093q5yrrmzhgg2zcsj4kdqhe
9ECA2AD631CFDB76AF8D33FF10723E2EA1BEA46544C7E83412CCAF5DC97FFB37;send;pb1pr5ekk8nndfmla093q5yrrmzhgg2zcsj4kdqhe
68E3198087C9F414749425B82483A5186383D557FDD2F42BBAB4B7012F095B72;send;pb1pr5ekk8nndfmla093q5yrrmzhgg2zcsj4kdqhe
E670E88EAF1F3D89FC7EED8AE9F3002257AAA24AE44F884BFA9D2F90D6EB9E19;send;pb1pr5ekk8nndfmla093q5yrrmzhgg2zcsj4kdqhe
BDA99BA67D8625E94964FE243C5E056FB3C2C9142DE34D9F00E92CBEDA697306;send;pb1pr5ekk8nndfmla093q5yrrmzhgg2zcsj4kdqhe
5EB207CB2E888490F55DA38AA8316049E1719D22B0FD2650088E9EED492A5CE1;send;pb1pr5ekk8nndfmla093q5yrrmzhgg2zcsj4kdqhe
F49A0FED45F023FBE214FAE846A67ACC1999343515C68EC0EC44B361BBB482E1;send;pb1pr5ekk8nndfmla093q5yrrmzhgg2zcsj4kdqhe
9AF94F5733E453DCC59C2FE54DF48C9F8A9958D6A005C32F964F484807336BB3;send;pb1pr5ekk8nndfmla093q5yrrmzhgg2zcsj4kdqhe
44E02F88A33F8EDD546F9F3510BFB6F0982B133C84CD5D3D1DF2D35EC3FFDB83;send;pb1pr5ekk8nndfmla093q5yrrmzhgg2zcsj4kdqhe
36C23C891CDA8E7317A0C51799F819800D0A108D6E3C3A9A0D6A6C50BCBF8C60;send;pb1pr5ekk8nndfmla093q5yrrmzhgg2zcsj4kdqhe
17242729288F3E5FA44C358340A9D78811E2D5305B0CDC5F2AD7DCB1E906401D;send;pb1pr5ekk8nndfmla093q5yrrmzhgg2zcsj4kdqhe
90C6DFD88413471E6ACA8E097799F462C19E8C80928A80C978E982A2F7358E62;send;pb1pr5ekk8nndfmla093q5yrrmzhgg2zcsj4kdqhe
7C25795B8E2201F01CE1D8F5B5A2A02D868AAB9214BA50E0AF2380884A34D9B3;send;pb1pr5ekk8nndfmla093q5yrrmzhgg2zcsj4kdqhe
FC977A916D842C163B4D3370FA9BA2A0BAA73EF8144C42CAF65853B82C1940C1;send;pb1pr5ekk8nndfmla093q5yrrmzhgg2zcsj4kdqhe
159D4DB0F58F7710E40BAB8FB7479975D1653C29D2D9710E573A192F555B659A;send;pb1pr5ekk8nndfmla093q5yrrmzhgg2zcsj4kdqhe
E3DD8865A457AD9A112939762E03D7D22F6FD3B53BFC6767354B74F8213BF9EF;send;pb1pr5ekk8nndfmla093q5yrrmzhgg2zcsj4kdqhe
2C0ACD33A24532B4A7CB99015D014C669AC6FEA8AACB289EAF49FA3FEE6D2F6C;send;pb1pr5ekk8nndfmla093q5yrrmzhgg2zcsj4kdqhe
CA17B20DB84CEC288CEED8C4D75004CD339B8533C824E27FAAB28988AA12ECE8;send;pb1pr5ekk8nndfmla093q5yrrmzhgg2zcsj4kdqhe
DB0004EC8CDEED0E9774C2F8E4B4C3B553DC8014E92B3640C02E33700A046275;send;pb1pr5ekk8nndfmla093q5yrrmzhgg2zcsj4kdqhe
A6396A4EB22D2E06AE1BA708A46007AA0F56FB6454BE23C5F7D1873DBE431D94;send;pb1pr5ekk8nndfmla093q5yrrmzhgg2zcsj4kdqhe
4DFFDEE9653391A19578E7838008518A8A24E132C09E196EAEE9057BA78202CE;send;pb1pr5ekk8nndfmla093q5yrrmzhgg2zcsj4kdqhe
EBFAC3DF955FE97362842A93616BCDC5F85F263945C8BB0F270D4F082BD3BD0D;send;pb1pr5ekk8nndfmla093q5yrrmzhgg2zcsj4kdqhe
ED77EA32777183AA4FC7142DEAEC5779BC0E2CEFA7E9D927710181BBD1D67635;send;pb1pr5ekk8nndfmla093q5yrrmzhgg2zcsj4kdqhe
C9C5617AF6F2981480A8E479D13DC2C71D5A82D6D3E974C31DE5CF2452CF8C0A;send;pb1pr5ekk8nndfmla093q5yrrmzhgg2zcsj4kdqhe
702EE73397BA6B44DDA74ACBD948B0E851459BC9C32D156C599949603FBFE7C7;send;pb1pr5ekk8nndfmla093q5yrrmzhgg2zcsj4kdqhe
A8AB9F374CB8354C65B087A99B9E594374E58DD7D0C1B41FF3C54116878411D2;send;pb1pr5ekk8nndfmla093q5yrrmzhgg2zcsj4kdqhe
C8628CFEA0C3780CCD1A903AE3701E5BCE91100DCAB2E976303C4B0EB7CC6F87;send;pb1pr5ekk8nndfmla093q5yrrmzhgg2zcsj4kdqhe
2B8A75EC8A4BFE2D6FE06180AB0DADDD6241580E7EEAEB0AC51E04B58268FBA8;send;pb1pr5ekk8nndfmla093q5yrrmzhgg2zcsj4kdqhe
AEF76ECCD7302C2848424E17AD94D0B9C1930383C9C36A828E2514F48AD0C5CE;send;pb1pr5ekk8nndfmla093q5yrrmzhgg2zcsj4kdqhe
393CD9008B19CAD87EE6F35315A7D767E6AFB0F1E50AAA28D53134B5891BBD76;send;pb1pr5ekk8nndfmla093q5yrrmzhgg2zcsj4kdqhe
BAB3012CE167F92F7DF6EB26D71DEB65422DDA964186E3F2514AD0B48E35E7C3;send;pb1pr5ekk8nndfmla093q5yrrmzhgg2zcsj4kdqhe
8FCF585082C4D72659D6CDB5ECC428F42260AB2515D02FC92F96DD883C380EE8;send;pb1pr5ekk8nndfmla093q5yrrmzhgg2zcsj4kdqhe
8E8191E1041C4CCB9B7444D51A307BC0B50763DEB66149C4F42392EAF450C376;send;pb1pr5ekk8nndfmla093q5yrrmzhgg2zcsj4kdqhe
3869C0977FDC1CE0993696A74D59817132EA4216E6EF6F92B38D6B2440A8CAC9;send;pb1pr5ekk8nndfmla093q5yrrmzhgg2zcsj4kdqhe
FFCDEAEC5E57CF19E7C0910AD597B1AC8BE23D14B4178EE97A5FA9AE0A66006E;send;pb1pr5ekk8nndfmla093q5yrrmzhgg2zcsj4kdqhe
FF76E33487A5E96F09CE8D46AD4CD4D506A26A40D804372B52B23E20EE0F1CB3;send;pb1pr5ekk8nndfmla093q5yrrmzhgg2zcsj4kdqhe
96BBE493D6DDD3F70769BD8C088BC85B73163B5671F0A3176CC9E53BF28B7B93;send;pb1pr5ekk8nndfmla093q5yrrmzhgg2zcsj4kdqhe
B00353EACF92C9946BDB43F07942545DE8918D4676CFE3D921F39E489600EC95;send;pb1pr5ekk8nndfmla093q5yrrmzhgg2zcsj4kdqhe
F6538B9C8BD8B9DD3CED91937F4ECD87ADF76FBBA6825B0EA23795C60C144503;send;pb1pr5ekk8nndfmla093q5yrrmzhgg2zcsj4kdqhe
B2AF511DD348A3692EC4C7D994FCF72E069D455D2F0B69557F7E5DDD1A02AAAA;send;pb1pr5ekk8nndfmla093q5yrrmzhgg2zcsj4kdqhe
AB1C0D6CDB9D71F9E6B8718F1AA1517DDF723B0B13CB18CBBB3C4037241FFEA1;send;pb1pr5ekk8nndfmla093q5yrrmzhgg2zcsj4kdqhe
A04A8B24A77138A585F268D5795EAA8F8DAB32502338A49D384FCBE6DB948D8A;send;pb1pr5ekk8nndfmla093q5yrrmzhgg2zcsj4kdqhe
2A008114A3077EA73984F9161BD845E4FA945583FC5FF65C20AE8604338C87C0;send;pb1pr5ekk8nndfmla093q5yrrmzhgg2zcsj4kdqhe
DAF8C542F62EE25FF06FD033BB841ADE0EE74CEE457218599510C607946ABA2D;send;pb1pr5ekk8nndfmla093q5yrrmzhgg2zcsj4kdqhe
6ADF12615AFD30C1613263710BCB9AE9F591674118F1842DEAE802D64AC96FF9;send;pb1pr5ekk8nndfmla093q5yrrmzhgg2zcsj4kdqhe
947C71C794316469ADCF3B77E3C5C3113B11D4B53884C0D61BEA497F7BD6922F;send;pb1pr5ekk8nndfmla093q5yrrmzhgg2zcsj4kdqhe
645EC357D5595CDF9305DD8B94FBF6405D6BA63A3F5269C4AA7A9F0F8E3097AA;send;pb1pr5ekk8nndfmla093q5yrrmzhgg2zcsj4kdqhe
1994C1C69662B126E2579E70AD0E81063E14083C16C8D5119F4333EC7900BB62;send;pb1pr5ekk8nndfmla093q5yrrmzhgg2zcsj4kdqhe
72C1E780383E302CA5C28B5FCAD6B08EBF20B90E32079AEC1F0E6F3F1D9353F4;send;pb1pr5ekk8nndfmla093q5yrrmzhgg2zcsj4kdqhe
6623E47CAAD7328B93CB57EB22B3C662732A6932154EB4C3C9F3827055CE797A;send;pb1pr5ekk8nndfmla093q5yrrmzhgg2zcsj4kdqhe
5CFDD3B5F84AC25C2A47DAF98FCFE165194701A0BD2783419523723825122656;send;pb1pr5ekk8nndfmla093q5yrrmzhgg2zcsj4kdqhe
6ECEFD0D7725E0D5772AAAA1638F291CABE6F58825D222C1F264FC3FB9B2EA46;send;pb1pr5ekk8nndfmla093q5yrrmzhgg2zcsj4kdqhe
F01A48B278553B60F94741703DF83B7067D42AA7D657F44902C2757FA6D85B93;send;pb1pr5ekk8nndfmla093q5yrrmzhgg2zcsj4kdqhe
EE1C6753BC101CF8F44DEB7DD7607B1C498B031B4496151618E20EBD5B133C0A;send;pb1pr5ekk8nndfmla093q5yrrmzhgg2zcsj4kdqhe
0C16E3102A6F8A00A999305A4E2D6073E29597A28DD823723CE99F39C3997B5D;send;pb1pr5ekk8nndfmla093q5yrrmzhgg2zcsj4kdqhe
1EEF49304019E71A2819360D3FA325DE53F1BD12973A3B2F7F91887E59111A3D;vote;pb1wswxl3pc44nwjtwkpl0x95u0msc5hf7r0v608t
D89446F5ED5B374A5D29952522871108503991CB41BA9CC7E413D9D395100816;write_scope;pb1xvd4k9jg5h0d4dhzr4z0txtwe9p5zxf58xcmxd
3B819A7A101783C4833B1F1650501EDDC25F7DA5AC994FF59B6D9AA055AFC1C6;send;pb1pr5ekk8nndfmla093q5yrrmzhgg2zcsj4kdqhe
20B3CD49DB4F0E4FF1A66225BB7F37083DF9B06895AD868AFD5114260CD98A2C;send;pb1pr5ekk8nndfmla093q5yrrmzhgg2zcsj4kdqhe
A47D10262C632F9293C9C4193B869687F51D73A9B4A8559D54C6BC14C82C9499;send;pb1pr5ekk8nndfmla093q5yrrmzhgg2zcsj4kdqhe
46EA830CB7BBDB4DA9F36883FAE904571A587FA234C402BBBE3185D9FC2970D2;send;pb1pr5ekk8nndfmla093q5yrrmzhgg2zcsj4kdqhe
6AE7403B56C053441FCF0BF59E5E6F91464A6FD795BFB1FBCB77136F7692A48C;send;pb1pr5ekk8nndfmla093q5yrrmzhgg2zcsj4kdqhe
2E2BEFAB09063BBD5CCF06FCBC3D6E030C9D7A319B43880C51B0572E88FB2B86;send;pb1pr5ekk8nndfmla093q5yrrmzhgg2zcsj4kdqhe
D5EEC0DFB8BDC77B4575BA02DD65410E929F59CF4F4091F7A68C8F9AB843FB1E;send;pb13dfvqt7zyp69z3el72qsu6z3f0egh9xfng9jvt
D72107498962F0065F52BFA620EC8F8719C3F04C5B461AFE2237111CE90EF585;add_marker;pb1zsherr3eat6gvq9ptg3m0n3dj33xf2mwevk3ca
E90C09E098525EEBE696BB35C293549D50226F2908A3193413DC100575581CFB;withdraw;pb1zsherr3eat6gvq9ptg3m0n3dj33xf2mwevk3ca
70BBAAB9C0BAEB9964BC669538315654C12A801C60D0F1E3857C6F9155ECC562;send;pb1pr5ekk8nndfmla093q5yrrmzhgg2zcsj4kdqhe
E32277E66C6266C2C4E35B95BFC2DD92518EDEF876B59809D0C894707FC09BCD;send;pb1pr5ekk8nndfmla093q5yrrmzhgg2zcsj4kdqhe
9C25668655ADD8C0F1E2308BBA10C2E841E8CD118A37F4D235825C71E1AA2471;write_scope;pb1xzl9wgh0ry2dma43f58vmuteqd3996j6mhqhgz
183013F9458C79E8D30C04742288762416D5585B3E648932D7C2A7AE10548E72;send;pb1pr5ekk8nndfmla093q5yrrmzhgg2zcsj4kdqhe
943AF7399EA4B74C51EEDB4368C2EBB73BF3E0D97CFE9333DF77327B271F8EA9;send;pb1pr5ekk8nndfmla093q5yrrmzhgg2zcsj4kdqhe
11F2A22787DA9185739CF12D1F6F1BBA9EC82FB9DFC55B0800A448ED8EA830FA;send;pb1pr5ekk8nndfmla093q5yrrmzhgg2zcsj4kdqhe
E3254FE9617D5301B3528FF361FE3457CF0F7CF6B2531C002D7E988380ACE500;send;pb1pr5ekk8nndfmla093q5yrrmzhgg2zcsj4kdqhe
4041D75D780E94A272D7875E4A72AC1A9886D843039C4AD25681B62BA09E1824;send;pb1ue8c6wvts6dmshrqf0f7jlrzss90fswf6rrsek
29589D53F552C53D3EA00C4479B251C2F5EF809B218FBF978B4D6C132926C75F;send;pb1pr5ekk8nndfmla093q5yrrmzhgg2zcsj4kdqhe
7206B5A86E4D303DE80E46D1596CD22A00D39C7E07FC222C593E1D1E1513033D;send;pb1pr5ekk8nndfmla093q5yrrmzhgg2zcsj4kdqhe
5B89A607C0C13F4265E1EE4E36A2D6FD215B346B960C7C498FF52949CF32BF9F;send;pb1pr5ekk8nndfmla093q5yrrmzhgg2zcsj4kdqhe
906E55DD69C416BAE4BA5CE633FCB4D8F3787C3A0DE00FCA57941277E72E8223;send;pb1pr5ekk8nndfmla093q5yrrmzhgg2zcsj4kdqhe
03EFACC2B4AC1327902D06C4A4FF0F5B5B6E43B6AE9740D82B37F880738D7780;send;pb1pr5ekk8nndfmla093q5yrrmzhgg2zcsj4kdqhe
D1B876D3AD16DC0FE01C1E26563A54D38B3BC10E6D9DDCCC9B62CB3F463D14D3;send;pb1pr5ekk8nndfmla093q5yrrmzhgg2zcsj4kdqhe
6328283892DD9052327130E53CF7423FAFFFC6BAE975961DC0DF12F1210CAACF;send;pb1pr5ekk8nndfmla093q5yrrmzhgg2zcsj4kdqhe
089F8E3315BD9A25FEC4DE2DCCBA62F685A1A488D5E8184A6448133B2DBB543B;send;pb1pr5ekk8nndfmla093q5yrrmzhgg2zcsj4kdqhe
C7270C052A2ACA18643EDDC4684821247E6A8ED3289AEE9252AF7917F37FC3D8;send;pb1pr5ekk8nndfmla093q5yrrmzhgg2zcsj4kdqhe
ACC2498ABC4B4AD75700AA8914528348DDC8BEC1C86B4090099CEFD3DD7431B8;send;pb1pr5ekk8nndfmla093q5yrrmzhgg2zcsj4kdqhe
37FD7ADC3BBBA605607A1BDCE8F5A77F2EB26D577459EC13FE7936E93843A0A7;send;pb1pr5ekk8nndfmla093q5yrrmzhgg2zcsj4kdqhe
4C6B53438B86F22B4978B6D5F7A00D24E10CB870A336C8C5804CDC21E199F9AE;send;pb1pr5ekk8nndfmla093q5yrrmzhgg2zcsj4kdqhe
4C9EC1E2383A0783DF3C3A9B04B9EC0220E8CAA7A12EE1C625BF7DFD53CC886A;send;pb1pr5ekk8nndfmla093q5yrrmzhgg2zcsj4kdqhe
3980A88E9DA56E429F4ABF39D4143576EB9912358C3A66086CFB203F73767F3F;send;pb1pr5ekk8nndfmla093q5yrrmzhgg2zcsj4kdqhe
61C5C02A4161504D93D08D5A62F7BB691542CB178E193CB8DE39DA990660CF23;send;pb1pr5ekk8nndfmla093q5yrrmzhgg2zcsj4kdqhe
5A8CE74D6DEE39182AEAE5B78882FBBC31320BEF3EF813CD3D03203C16839DD0;send;pb1pr5ekk8nndfmla093q5yrrmzhgg2zcsj4kdqhe
0A4B56B574A20646E799D706104D59CB7B1CBB6A4A6E72C40720EA4B3EA23B02;send;pb1pr5ekk8nndfmla093q5yrrmzhgg2zcsj4kdqhe
E71F0C194D0E89D0BFB712199F0A06C232639EB313169EA530A5D8C47FBE66F0;send;pb1pr5ekk8nndfmla093q5yrrmzhgg2zcsj4kdqhe
2E5DA8A1E99EA25DC0D0156363B9502BC086B7869694BECF251F84963438AB5F;send;pb1pr5ekk8nndfmla093q5yrrmzhgg2zcsj4kdqhe
AECAA65B10C567EB975FD7347DE7553065BF936EF3429FEF78A797A29E76957F;send;pb1pr5ekk8nndfmla093q5yrrmzhgg2zcsj4kdqhe
F1570BFD633CA5831BE3C0EA4DEA2EFE21CC09DB360309515F5EEAD252FBB33C;write_session;pb1xvd4k9jg5h0d4dhzr4z0txtwe9p5zxf58xcmxd
4D15BB1176F9BD9A0ACDC0769DFC5AC36B65CFBF5A3F8B2643B867D5AA77FC16;write_session;pb1xvd4k9jg5h0d4dhzr4z0txtwe9p5zxf58xcmxd
5821777C2CCA8C1CE9232503FFDF18CFE7235D552BDA02E9D073E35753FD4E9D;send;pb1pr5ekk8nndfmla093q5yrrmzhgg2zcsj4kdqhe
E8CA9F3EC99F23C7742D2FB56C20242E22276A3898D8957413B1B022BEFFE34B;send;pb1pr5ekk8nndfmla093q5yrrmzhgg2zcsj4kdqhe
CBCA5A3890F32AE29871B978A75AAE2ECBE9017476F158FD3FC68A77018573E8;send;pb1pr5ekk8nndfmla093q5yrrmzhgg2zcsj4kdqhe
D1C51B77F85533E7B21C58D25B6DBA731AA09DE98FF2DC5E62C666DD12556972;send;pb1pr5ekk8nndfmla093q5yrrmzhgg2zcsj4kdqhe
F8F28D84EE30949176ECAA93100BCE5002063B1AEED969B14B89B94B56AEEBF4;send;pb1pr5ekk8nndfmla093q5yrrmzhgg2zcsj4kdqhe
CE0AD510A030F2EB940D7BB38A1FB70F2D05A98B4CAA5BE828E5BBF4BFCEBD67;mint;pb13p3fe2ydk7p6q9th5gl5ha4vmnz3ztpheqmkvz
DA8B7AE05B07FD10BD9693836096F5A5C014496EB78C4D9C713CCA0FB796C929;withdraw;pb13p3fe2ydk7p6q9th5gl5ha4vmnz3ztpheqmkvz
C4714FFD0D48C0C02A2B23E6040A4E5B622A34E2AC619135C693EA7FB25C222A;write_scope;pb1xvd4k9jg5h0d4dhzr4z0txtwe9p5zxf58xcmxd
F1DAB1065A0FA36A985103C819BDCE77A557DA792596DD550A31EC8500B93A48;send;pb1pr5ekk8nndfmla093q5yrrmzhgg2zcsj4kdqhe
3A31E2985C2BA073206E86B155900086F87AA0652AD844C782D9B1A7FEAB18BB;send;pb1pr5ekk8nndfmla093q5yrrmzhgg2zcsj4kdqhe
02829D8E3D733C1972E3C3F0C3F03A2BFEBB2B72D8F93536F5CF0998FDCE6246;send;pb1pr5ekk8nndfmla093q5yrrmzhgg2zcsj4kdqhe
0677FC013F3AFA14B79C414D70F29C8EB8E008C9F55B72BD6BB3D66712C939B1;send;pb1pr5ekk8nndfmla093q5yrrmzhgg2zcsj4kdqhe
865196B05F4074B774207A8EDE92C91F99D28A1BDE1F822458132110DBAC5C0A;send;pb13dfvqt7zyp69z3el72qsu6z3f0egh9xfng9jvt
51F7764B96E94823B700A729E63D3E466BFC3CC62DDC38B5C7BFD563501D5D28;send;pb1pr5ekk8nndfmla093q5yrrmzhgg2zcsj4kdqhe
F2BCDD490A4C97E1C7F895B3385C3377D37A42B65BE09C1336C5B73CE624FCF0;send;pb1pr5ekk8nndfmla093q5yrrmzhgg2zcsj4kdqhe
9A0CF9ED8FE256868739B692F8C93C3D0762D14708E8E79EFC5116F41F002695;send;pb1pr5ekk8nndfmla093q5yrrmzhgg2zcsj4kdqhe
E4EFD00EE2C3067B9B0D14769F62DB0EC798E248007E19A52F9494C083F6819C;send;pb1pr5ekk8nndfmla093q5yrrmzhgg2zcsj4kdqhe
2AFA11C529CFDDEA1FC6AA9B0C8818C187C4FB4D57ABA6B815EAD7C9AB7DA726;send;pb1pr5ekk8nndfmla093q5yrrmzhgg2zcsj4kdqhe
49924C84FF0F666174048E92AD9729192F78DE4A485D3A2F340903CE29A179FC;send;pb1pr5ekk8nndfmla093q5yrrmzhgg2zcsj4kdqhe
6F3FE412CB9DEAFED82D62C131DBBE0DF199F39E1614D575E036D9A3AB842505;send;pb1pr5ekk8nndfmla093q5yrrmzhgg2zcsj4kdqhe
6ED4805874DBFCB7EAB16E723FB7E4BC0E484BEF3FF17D7A56EE233882E428A6;write_scope;pb1xvd4k9jg5h0d4dhzr4z0txtwe9p5zxf58xcmxd
85269493F7C72C0F3C1077BE4F4BE29677362B1E67F79A889EDE238BEAEDD6C1;send;pb13dfvqt7zyp69z3el72qsu6z3f0egh9xfng9jvt
EB95F9F2B7FC57CDB193F94BEEB529A9A02D86591E94A856CC934CA16C8C1852;send;pb1pr5ekk8nndfmla093q5yrrmzhgg2zcsj4kdqhe
83FF5E20007548EA327575A53B59F5012E33DEC88E652E756E5CC9BA625D8923;send;pb1pr5ekk8nndfmla093q5yrrmzhgg2zcsj4kdqhe
0
0
0
