362494697C67AA16CDDB19B2AA726A756FA83139F969B02533B431F0F26F44F2;send;pb13dfvqt7zyp69z3el72qsu6z3f0egh9xfng9jvt
C0D7CF99C6CCA423DB9C6EA70D8949B56DB2449713FAD24D97197F25C42EE73F;send;pb13dfvqt7zyp69z3el72qsu6z3f0egh9xfng9jvt
F2F2BADD58700B791234F2F06C803ECB31785D3C2D8A6B75E9EE025BA4FD4155;send;pb1pr5ekk8nndfmla093q5yrrmzhgg2zcsj4kdqhe
827F37C6ECCE1EE6D671DE562EECE5AA9CC95FA69957DA4C05189CF4222CB7CA;send;pb1um2l2ldslc6r39kc5qzrddx6zydgpvny6aya7k
C0A6B698ED4F27A3C64EE0E936D36337F1811D73CE22B25F21DF605CEEA8AC02;send;pb1pr5ekk8nndfmla093q5yrrmzhgg2zcsj4kdqhe
529FC817F271F37C795489DBC4538579A631FBD32189457DB659BBB22CB13F2E;send;pb1pr5ekk8nndfmla093q5yrrmzhgg2zcsj4kdqhe
0ECEE40A4C9C7664C7E8C6D2618FA146E3275F7041F59C1AE019EF72C2FF8EA7;send;pb1pr5ekk8nndfmla093q5yrrmzhgg2zcsj4kdqhe
ED9A3B063DBCE3B7650EDD7EF09D66552F9EB349EDB2F6304FD0262306A8FD19;send;pb1pr5ekk8nndfmla093q5yrrmzhgg2zcsj4kdqhe
73E7756B0708B1B3A8F3FC8D03E80A7EE590B4DDE9E81F224A51115878D525D0;send;pb1pr5ekk8nndfmla093q5yrrmzhgg2zcsj4kdqhe
8F020B18B2E74851D014D178AFB3C3A22D862EDA10BF7C9B995BD448EEAD4CD5;send;pb1pr5ekk8nndfmla093q5yrrmzhgg2zcsj4kdqhe
F4A3B0DBC3474C8712CFD67F09908240DBFAC4AC56F42B4957B6A8664D4A33E3;send;pb1pr5ekk8nndfmla093q5yrrmzhgg2zcsj4kdqhe
1CC4E102D4F15890FEBBA9744C5006BEF915C53ED3E0C234784734F1F244AB62;send;pb1pr5ekk8nndfmla093q5yrrmzhgg2zcsj4kdqhe
9E102C041295A814129DCA0A142AED5F15F0BD999F1B6FA2D457A0EC34DCEA7D;send;pb1pr5ekk8nndfmla093q5yrrmzhgg2zcsj4kdqhe
3465379295704FEE3C31847B52FE399AF41E2C3832316D539890F98BD2C35F1C;send;pb1pr5ekk8nndfmla093q5yrrmzhgg2zcsj4kdqhe
AA28E98589FD6836F4A7B1259B6DACAB633EEE730E54269FD72EC73CA271EF49;send;pb1pr5ekk8nndfmla093q5yrrmzhgg2zcsj4kdqhe
F939C04FFD47B336E20E086CFDEE487C1441CFBFB345E8FC45B350FDA6FACF79;write_session;pb1xvd4k9jg5h0d4dhzr4z0txtwe9p5zxf58xcmxd
AB11D3FB4952B1DDC1F7401DD58D01DCAFB11F5B3773758582B318FA8DAD827F;write_session;pb1xvd4k9jg5h0d4dhzr4z0txtwe9p5zxf58xcmxd
E9727FC6CDDB4D56A47807A70D2B3505A5337D88B3B9F003595D3DAEE9DDBC1B;send;pb1pr5ekk8nndfmla093q5yrrmzhgg2zcsj4kdqhe
DDBC20B9FAC10D85884775AED4553D6F6C7D994B8ACF8F073148E1C9C3BA33A0;send;pb1pr5ekk8nndfmla093q5yrrmzhgg2zcsj4kdqhe
4B380ED68A7E170D3115213B5E22032157DA5E1D14BDFA908F3DD17D665587A8;grant_allowance;pb1pr5ekk8nndfmla093q5yrrmzhgg2zcsj4kdqhe
0D40647B2BB28AE7783679D03D4CB8839F4EE8A8FA40C46D09654F9BE6677222;mint;pb1g2m2vp59amxd0hp5502e22hp0yprujd23z4qah
7A88C602959E5E62B8A7328DE92D36DDBD413538282C0A20F2BAC75FC3E73CB1;mint;pb1g2m2vp59amxd0hp5502e22hp0yprujd23z4qah
7EF63F8AC04675DFB9C202D4700B0568123A987E0DD689DB7AA3AC81218DFA7A;mint;pb1g2m2vp59amxd0hp5502e22hp0yprujd23z4qah
44F26291934F9CF1B61487701AD1F45C9691319D058E891ACB06C4D799B01651;mint;pb1g2m2vp59amxd0hp5502e22hp0yprujd23z4qah
DF8AFA16FBEEF80D644E45029F7D77B29897ED16C4BC143FAFF04183F34E0443;mint;pb1g2m2vp59amxd0hp5502e22hp0yprujd23z4qah
AE6D6626609E0363A48B94A90B1DB5AC68931F8843581C32C1994DA49F7CECDA;send;pb1pr5ekk8nndfmla093q5yrrmzhgg2zcsj4kdqhe
BF9D780966555AB092200F540D7C5E02D3099C0A15E41C1354CC1AB13374AEEC;withdraw;pb1g2m2vp59amxd0hp5502e22hp0yprujd23z4qah
FEB80B4E476EFDACFBB6437F68C8206711985103E6A7EDBF268E89DF49AE1E66;mint;pb1g2m2vp59amxd0hp5502e22hp0yprujd23z4qah
7F6E80EA87270C2A3CE7673004190B40F48FBAAAA67BBA9D8DDF2F29E3F11DFB;mint;pb1g2m2vp59amxd0hp5502e22hp0yprujd23z4qah
B91FB81A4448728397EF767CFDDA02F61CC1B4CEE2D16D6CB3645216C5B58032;mint;pb1g2m2vp59amxd0hp5502e22hp0yprujd23z4qah
CD150C0E058576FB63213E8F2230900B17F365856AE928FACA5B13D7DDCD69BB;mint;pb1g2m2vp59amxd0hp5502e22hp0yprujd23z4qah
5079537BABB4DCBE5B1FF54DF4E39298E25A4C248AA4926CB6BAF850902B0AE6;mint;pb1g2m2vp59amxd0hp5502e22hp0yprujd23z4qah
996F1F174F33A4537A9E46903B0CF638379993D391A2BFF181897FCAA747796C;send;pb1pr5ekk8nndfmla093q5yrrmzhgg2zcsj4kdqhe
3B7B13D512A10250B1D7091962FCB46E3F5DD8CC99309F24189E785FF9D2735D;mint;pb1g2m2vp59amxd0hp5502e22hp0yprujd23z4qah
97F4DDCA67F0077310740E5F2E24579850E9BBF28ABE2E75BFC18CD80C6E10AE;withdraw;pb1g2m2vp59amxd0hp5502e22hp0yprujd23z4qah
3E2C6C9134ADED2C076CCD2A0429C8DF233799D0F086749B1F674372A5BDAAE5;mint;pb1g2m2vp59amxd0hp5502e22hp0yprujd23z4qah
1A6F9150C52922F3969E46F9B7016C6A6FC81D4812BEB6A95916078E3C865262;mint;pb1g2m2vp59amxd0hp5502e22hp0yprujd23z4qah
CFFED8115602787CE064E9B658E5DC950B8571A4B41DAE169A5FCABB13591CA5;mint;pb1g2m2vp59amxd0hp5502e22hp0yprujd23z4qah
8EBD6CE8AB73DAFBC22CE3E49DA707C5E9D1BCAA23F84E98158C7DED866CAB9D;mint;pb1g2m2vp59amxd0hp5502e22hp0yprujd23z4qah
62119C29B1BBE048711653EE01A334EF5FA5E7FB453B447134C2370C2B90A5D6;mint;pb1g2m2vp59amxd0hp5502e22hp0yprujd23z4qah
2D145E9763544A7EA39DC903842D57583FFE99D9E2F239AA20F5181BCDA49C11;mint;pb1g2m2vp59amxd0hp5502e22hp0yprujd23z4qah
9B7AF50E608E0DD03ECD14096FD44A36F20B826ABAD5F49E60B38E86DE3DB102;mint;pb1g2m2vp59amxd0hp5502e22hp0yprujd23z4qah
7E533F3281A0748256426118800CCF5B2D561E1BADF7FDC4F4CE69FCE97413B0;withdraw;pb1g2m2vp59amxd0hp5502e22hp0yprujd23z4qah
7C3A8558A08F5C50C89A578A76B47475C8403FFC60E99FBA2253107CA9BF3B60;withdraw;pb1g2m2vp59amxd0hp5502e22hp0yprujd23z4qah
96E4004B30E2DED4F334FCF62D57FFD4316023C70A2984B6D7B8E5370F2DB7E6;mint;pb1g2m2vp59amxd0hp5502e22hp0yprujd23z4qah
37A43C56AF6B1D83707832A9E98123D07B4440AD136FF19CF985095863DB48AF;withdraw;pb1g2m2vp59amxd0hp5502e22hp0yprujd23z4qah
5941D77C2962EC7FD558674D608C5B04EAB39B037377F0906651A47335CFFB58;send;pb1pr5ekk8nndfmla093q5yrrmzhgg2zcsj4kdqhe
22F799632A4FE812C60E99BE70BEB68760E9DD12AFF8F0728B28D1D9A237799B;withdraw;pb1g2m2vp59amxd0hp5502e22hp0yprujd23z4qah
84EC990F4F2FF4E091B941A3C08B01C062DCCE4FFF4F08497764395DFBE38741;withdraw;pb1g2m2vp59amxd0hp5502e22hp0yprujd23z4qah
01498DF4328E15D81384F8E9E321F17C31E4DC26D8E208BC0B2ACD362136E2E2;withdraw;pb1g2m2vp59amxd0hp5502e22hp0yprujd23z4qah
70B1879119FA2295D8FC820FE5F4B35E4EA14258DE8506687CD822640AFEDB95;withdraw;pb1g2m2vp59amxd0hp5502e22hp0yprujd23z4qah
FE9162F2C8CE0CB9FFCDE0C27F476091BCB1F539884A15C0D2152943C095885A;withdraw;pb1g2m2vp59amxd0hp5502e22hp0yprujd23z4qah
C85BB01866AA8077C05257593AB17644FF5DA5EBBDBB201168F6A055E76F0959;withdraw;pb1g2m2vp59amxd0hp5502e22hp0yprujd23z4qah
A5C676AF5C0F6C163C2416BC391738F156762C23D6C9D74C1F287F0370AD9418;send;pb1pr5ekk8nndfmla093q5yrrmzhgg2zcsj4kdqhe
37580C7AA70B28CD800E322914068B3E1041CB7947EE51226B627AFA56442F6A;withdraw;pb1g2m2vp59amxd0hp5502e22hp0yprujd23z4qah
BDFE85A5A5EB063E6426392F9781D66954E3238A2133B3CC07A479B973DAA329;withdraw;pb1g2m2vp59amxd0hp5502e22hp0yprujd23z4qah
97CE0D5F6010CE43155CFC2A3A996444A650E1CAACEEF85C353CDFC097EFB5E5;withdraw;pb1g2m2vp59amxd0hp5502e22hp0yprujd23z4qah
949D89D560A0B5E96A722BFFB91A1EE1625473749069D997886D0D0986049F7B;withdraw;pb1g2m2vp59amxd0hp5502e22hp0yprujd23z4qah
A43A776E22F87D04801E531F389BAB7EFE09D54A3644F588BC96334528C240AB;withdraw;pb1g2m2vp59amxd0hp5502e22hp0yprujd23z4qah
A655519636711CFD4362646CFA55A108A6BE8DDAB32AA874C0E4AC09F4D03A8E;withdraw;pb1g2m2vp59amxd0hp5502e22hp0yprujd23z4qah
74986F12DB17A1EA8750E93ADA2B4394C0B5D880A0BA8FA32D72D5366F4283F8;withdraw;pb1g2m2vp59amxd0hp5502e22hp0yprujd23z4qah
C042737DEA5A07B9EDBC2745CE4864C3D751BF7C8BE970EF11247C877029BB0E;withdraw;pb1g2m2vp59amxd0hp5502e22hp0yprujd23z4qah
E05A8D546DA5B12E36BE9E4A3369DFE22AE0B7A031E38F6A5B2C18855E8A4453;send;pb1pr5ekk8nndfmla093q5yrrmzhgg2zcsj4kdqhe
AFAE001D5C79297AA3348EB781362D194BF7466EED58EDD288838A9755144BB9;send;pb1pr5ekk8nndfmla093q5yrrmzhgg2zcsj4kdqhe
816DA4E64159E51D33C83F959D57D551F1DC755D79E3EB9B044C3C7962ECF24D;send;pb1pr5ekk8nndfmla093q5yrrmzhgg2zcsj4kdqhe
087456D74829C4D3D7015AAB03F94FFD53CC2CDC42BF542E263DA27DCBAD2253;write_session;pb1xvd4k9jg5h0d4dhzr4z0txtwe9p5zxf58xcmxd
7708135A86273E178A1B332870281494ECC850B0D169BCA694605AFC88323313;write_session;pb1xvd4k9jg5h0d4dhzr4z0txtwe9p5zxf58xcmxd
0D18B984E998501CAEEBC4756AE7E0E8DBC5C4D3D33D503AB9F1188A829DC931;send;pb1pr5ekk8nndfmla093q5yrrmzhgg2zcsj4kdqhe
6F85B9253534D0E81A1F6981BE1E63BC76AFC248D2A5BCA2F7D76B1424352A41;send;pb1pr5ekk8nndfmla093q5yrrmzhgg2zcsj4kdqhe
20719767EC26A7BFCD57146A6CF92B97FB774A205E5D9A27F45FADCD0CD5CB67;send;pb1pr5ekk8nndfmla093q5yrrmzhgg2zcsj4kdqhe
761E1C68EEF44BD73E109BEFA79DBBC872FC403FD5378C4ACBC54FD8BDB6EBD6;send;pb1pr5ekk8nndfmla093q5yrrmzhgg2zcsj4kdqhe
719DB6C51F4643786E35E99BBBBCBBE8D731C2039887FC99AEA10B7A504EB8DA;send;pb1pr5ekk8nndfmla093q5yrrmzhgg2zcsj4kdqhe
4D731D4697E943CE8DCCFD2A5B8274B9ACB81C7B5E5BD3192631E9074DC8EA5F;send;pb1pr5ekk8nndfmla093q5yrrmzhgg2zcsj4kdqhe
7AD5B48559998010359249834C8A723ADB515706C344FB19146673822BC22749;send;pb1pr5ekk8nndfmla093q5yrrmzhgg2zcsj4kdqhe
4C216605B6CAF7447394B9F89827DE76518721E4B3ED7A5208F130EB7735C4F8;send;pb1pr5ekk8nndfmla093q5yrrmzhgg2zcsj4kdqhe
F8E342E3013B7DCE41D4B6E02E243552DBF1DA3CBFC627CA2BF95A2E6F413BC5;send;pb1pr5ekk8nndfmla093q5yrrmzhgg2zcsj4kdqhe
03FC71F0461F4581BEF059239B0CC3F797E98817262684A72E139CC91F51C635;send;pb1pr5ekk8nndfmla093q5yrrmzhgg2zcsj4kdqhe
17E4D5ECDE80B7124D4754D7D0492F4713115D12A5B20B22933995CBD87F3DEA;send;pb1pr5ekk8nndfmla093q5yrrmzhgg2zcsj4kdqhe
4992808014F7B4246DDF13DE7120A4B8D39ABA254B2C1A3830B56CC03169E6B3;send;pb1pr5ekk8nndfmla093q5yrrmzhgg2zcsj4kdqhe
B5EFF289FC9B14CFC186902F95DFDAD5FF1C52E7BEAAB1C7D48C561EF5C40859;send;pb1pr5ekk8nndfmla093q5yrrmzhgg2zcsj4kdqhe
548F2D05E5A1223A5AA3E776A7EB93FF19AAB6A163314B06C7C6FD99F70EC7EF;send;pb1pr5ekk8nndfmla093q5yrrmzhgg2zcsj4kdqhe
2014CAFDC1D9E4A82EF634A253CA730CC57435576C00CE7ED98F6AF3B1BA2D35;send;pb1pr5ekk8nndfmla093q5yrrmzhgg2zcsj4kdqhe
65DD815DADC4882330F99CAD8E7E78B9F5804008390497C5198DE622F448223F;delete_attribute;pb1um2l2ldslc6r39kc5qzrddx6zydgpvny6aya7k
63F20563FFB33D5AB9BFEA2E070A4476BE98D1F4DD0E2AEF729D57D0DB3BE0EC;add_attribute;pb1um2l2ldslc6r39kc5qzrddx6zydgpvny6aya7k
26340840DF37A087C5FC2186D430C31DF082F36827D5B7FB57A6D77F8FD68C0B;send;pb1um2l2ldslc6r39kc5qzrddx6zydgpvny6aya7k
400485D547E525B124974B7566B033D7EC1414023783CFD18A259B81F1B7F8EA;send;pb1pr5ekk8nndfmla093q5yrrmzhgg2zcsj4kdqhe
3809386E7423B4C5E92BFADA7DB5C43C9462A43575BDC1EF1ED4EABE2C29E436;grant_allowance;pb1pr5ekk8nndfmla093q5yrrmzhgg2zcsj4kdqhe
17EC2078E411612EFA5465459327479C3E396D298B5C15F157035C55C6A521AC;send;pb1pr5ekk8nndfmla093q5yrrmzhgg2zcsj4kdqhe
5183293AA1C4C14CE9FC4A3EB2339736A232148CA3E7A91EA5666D2166891B61;send;pb1pr5ekk8nndfmla093q5yrrmzhgg2zcsj4kdqhe
FBFBAB336AF46B70922AA4695458BE97A40E1AEEDCC3F8A9DF6E088A2F33D8A6;send;pb1pr5ekk8nndfmla093q5yrrmzhgg2zcsj4kdqhe
DA5A92715A8510B7A77340AA2150EB35B76E331924CC1AA9C8E54F23D55BFC92;send;pb1vhfuarvzulwd0jzv6uk529928vcwjekqvu2dnt
F191D2AD7008D028D055CD4B5CFC351A779C40E0B8C8DE9D9BC225A0E1A3DBB1;withdraw;pb1pr5ekk8nndfmla093q5yrrmzhgg2zcsj4kdqhe
97DDB64683198AD072F89067F38D108FB3686CCDE17D605E7C593F41C8D2CE9C;send;pb1pr5ekk8nndfmla093q5yrrmzhgg2zcsj4kdqhe
75AB475C1DF23D2E1556C534DA91428088B540C60082593C4B15D7F4E89663D5;mint;pb1a4szdl2kwr6d26nue63eptcuzq0gmn9557p8hl
AF112DBDBDCB5A0C0A665D468452B8F37CF2E5E96D7AB9CD2D018773E692CBEE;mint;pb1a4szdl2kwr6d26nue63eptcuzq0gmn9557p8hl
22275A4D9742CDC389A20F16562CDDCDFBD66F54F3853D0C7CF1E5CEB1862706;withdraw;pb1a4szdl2kwr6d26nue63eptcuzq0gmn9557p8hl
8273C17B3FCFF8D1526359CD4DAD5FD0C43D1EC1180AA6FF849F63B99C6862CB;withdraw;pb1a4szdl2kwr6d26nue63eptcuzq0gmn9557p8hl
A954FE348F8E086714FF9F05C4164435CAF50B22373E4E4FB92C3E37D4AB1D63;send;pb1pr5ekk8nndfmla093q5yrrmzhgg2zcsj4kdqhe
04F923FA4B3C4A0D0E2ACE89D05011B7E1FE5C7BBF9E84BE88572D04FA163D1A;send;pb1pr5ekk8nndfmla093q5yrrmzhgg2zcsj4kdqhe
9B671CD315870E0D6454CF9AFB68784108C8C54BF43121BDD9C3BDC363AB1A0F;send;pb1pr5ekk8nndfmla093q5yrrmzhgg2zcsj4kdqhe
2231417730DA9C10EFEF22FCB5AF383C2FAF8F06899E82C4E04F6563E5F59D20;grant_allowance;pb1pr5ekk8nndfmla093q5yrrmzhgg2zcsj4kdqhe
CA01402B0A097F69595F419B3BD3600A1E7971B65E26337CFB7786A9C3AFBB61;send;pb1pr5ekk8nndfmla093q5yrrmzhgg2zcsj4kdqhe
8F8B41E0C2512E14FF8B2A78F26EEF3938CD6FF2984592E8ED0FD1D9C9683978;send;pb1pr5ekk8nndfmla093q5yrrmzhgg2zcsj4kdqhe
0041D8ED9A72F9131D108D03502AA86A573A6F6B3D33CF93416C4B81409B456F;send;pb1pr5ekk8nndfmla093q5yrrmzhgg2zcsj4kdqhe
9D6026540569722C69CBD556AB532E0533D68A37C18FB17C83E915D71C0D4E49;send;pb1pr5ekk8nndfmla093q5yrrmzhgg2zcsj4kdqhe
3DAF65670C9D8738B58195D0E5F46D6A2B9DEAE078A39D1FCD982095CCF6FCB3;send;pb1pr5ekk8nndfmla093q5yrrmzhgg2zcsj4kdqhe
BD0A04C8F112359326C5CD7CB483C51AFC8003B78FC4523AC769D2050CF903FC;send;pb1pr5ekk8nndfmla093q5yrrmzhgg2zcsj4kdqhe
68CF8C627765BCCE09C1997788BBF4BF5347F54D8E31C336FD021D9BA082BA88;send;pb1pr5ekk8nndfmla093q5yrrmzhgg2zcsj4kdqhe
973C40DFA3A6393BF7ECCF361F7C8BC1A38709D7046ED09513D701590B9D5BC9;send;pb1pr5ekk8nndfmla093q5yrrmzhgg2zcsj4kdqhe
2BD8C189D92C75F070851EAA0D8365B10242B0710EB786F4E97F2AB8FA083869;send;pb1pr5ekk8nndfmla093q5yrrmzhgg2zcsj4kdqhe
EAAE32142794BAC5A8003BC8E45E3FA87E5BEF6BEA3274B9E342A97109386C70;send;pb1pr5ekk8nndfmla093q5yrrmzhgg2zcsj4kdqhe
A74F85D6593799201C20B12B39D0E9EF4090627A8588D19658665A91864A7356;send;pb1pr5ekk8nndfmla093q5yrrmzhgg2zcsj4kdqhe
562720E325FF87066CE9E4CACAB6973D89CECF6C474647362BD627111C46D28D;send;pb1pr5ekk8nndfmla093q5yrrmzhgg2zcsj4kdqhe
08455DF5E5E6AE8A2FFD4042A388C3D80D1530650EB62A61097ED0E9FC6F7C9C;add_attribute;pb1um2l2ldslc6r39kc5qzrddx6zydgpvny6aya7k
CBBA15DCB419D3485D51AB4AA8C3988ECD1B77CBC6231938D35C63BC6B46BA8E;add_attribute;pb1um2l2ldslc6r39kc5qzrddx6zydgpvny6aya7k
715B1618EFA32E3DB7848BF58051A3230A9FDA60C408FB3FA853C71FD6BBD519;send;pb1pr5ekk8nndfmla093q5yrrmzhgg2zcsj4kdqhe
170441A1AD2F48FEB20952CAD845D0EB7221D65CD448FEA2C0A37B047A3F12E1;send;pb1pr5ekk8nndfmla093q5yrrmzhgg2zcsj4kdqhe
FA488E00E4B9520FE17C1AC102FA56F70FA46BA79E6F3D1E170796954CB141C9;send;pb1pr5ekk8nndfmla093q5yrrmzhgg2zcsj4kdqhe
157576B16ABBC47E8FCF438E9A1E277DF99D80DE411250436BA83D9AE5BFE614;grant_allowance;pb175gx39t90xyg88fx0jqwrfp5ppusaekrl0cggk
CDA4CDDE90BEFCCFCDBFFD6E38CC527BD491CB562DFD53DD5BB8AC8F1CCC770F;execute_contract;pb175gx39t90xyg88fx0jqwrfp5ppusaekrl0cggk
BC4B43EC708EF4052E06D011C770275A5F3602418036FA5B3C97046F2B05CA6F;write_scope;pb1xvd4k9jg5h0d4dhzr4z0txtwe9p5zxf58xcmxd
600AE13D2A15CAC1A17E3BA3643DE59F183212F4DE801913697EA30F17B0C26D;send;pb1pr5ekk8nndfmla093q5yrrmzhgg2zcsj4kdqhe
D2CFFC500FD8DE21BDDAEA884CDE471613B088A10A7A65E3A700A4723F283DB8;send;pb13dfvqt7zyp69z3el72qsu6z3f0egh9xfng9jvt
