7342283DCD36A194AE50CD310DB00B7710CF65E21D89B9E00241098A6DC6B2B6;send;pb1pr5ekk8nndfmla093q5yrrmzhgg2zcsj4kdqhe
ECECDED7DAC7B64916EB66B8D0AB53D39C6F4E883FE4F2D71B252CD8E092535E;send;pb1pr5ekk8nndfmla093q5yrrmzhgg2zcsj4kdqhe
CA11FEE4003DFA724D5926A1E2CFEACED58ED42421675D59BE95FD551AEBEC42;send;pb1pr5ekk8nndfmla093q5yrrmzhgg2zcsj4kdqhe
9C7CF80FB447BF163AD375598EE3DB46EBEB2ACEA948F269F153FFB8CDE36DC3;send;pb1pr5ekk8nndfmla093q5yrrmzhgg2zcsj4kdqhe
4A688964B4724F7F4458BBABC2783E56B70E6374756198A16F919C85704C0337;send;pb1pr5ekk8nndfmla093q5yrrmzhgg2zcsj4kdqhe
2F7DCC30349AAD85388C45997585E3F6170386253E1AE7DC44B3C44C97C1B39C;send;pb1pr5ekk8nndfmla093q5yrrmzhgg2zcsj4kdqhe
2498CD2250B98547E6E960127EBAE09F11D5AC73C96E616D07FB1880C323303E;send;pb1pr5ekk8nndfmla093q5yrrmzhgg2zcsj4kdqhe
4DE48F7D639BEEC4089AE6545E58DE8B0C47E439882052F5F776331453F08BCE;send;pb1pr5ekk8nndfmla093q5yrrmzhgg2zcsj4kdqhe
FA6F6C44080492162BD658724F36F87C724ABE31B2E9E132E65C0E9D9090EA29;send;pb1pr5ekk8nndfmla093q5yrrmzhgg2zcsj4kdqhe
33EDBFA674E0583AE87C934AAEF27D8FBD28FEB89B0E290862B21713F555DF36;send;pb1pr5ekk8nndfmla093q5yrrmzhgg2zcsj4kdqhe
BB1B44C860A0C947554462FE9E753D55D85BA3A3B5CED3CE694A324E2DFD62A0;send;pb1pr5ekk8nndfmla093q5yrrmzhgg2zcsj4kdqhe
358DA957C24E1ADE2FB3879AE755C7AE51D4F6CC6CE19FCB39C4BADB1316DFBD;send;pb1pr5ekk8nndfmla093q5yrrmzhgg2zcsj4kdqhe
BCDC51C77B73FEA6458C9A552AFB384DDD589B78DD72AE4CC8645B078E242E4C;send;pb1pr5ekk8nndfmla093q5yrrmzhgg2zcsj4kdqhe
A7607A0A417D3F4DC646D862291D64C3428DDF6176651B7E99E0A23647D4300F;send;pb1pr5ekk8nndfmla093q5yrrmzhgg2zcsj4kdqhe
C6974B27F912A2FC5029FFC3DC54BA2BC86143C962AB4ADD463A88AC9909206D;send;pb1pr5ekk8nndfmla093q5yrrmzhgg2zcsj4kdqhe
432E384A075EF1684A4F472E268FCA0890C2587BF15E45F59F2135950B308759;send;pb1pr5ekk8nndfmla093q5yrrmzhgg2zcsj4kdqhe
F56F762C41BA88736DED5DD99B0EB6C550915922E1B374B6DC737B16EBD6C0C9;send;pb1pr5ekk8nndfmla093q5yrrmzhgg2zcsj4kdqhe
E4D7DBB53F8DB619EF6B275D7A8EE328124BCBA7DCE2A59F4784A46DBF4D63D6;send;pb1pr5ekk8nndfmla093q5yrrmzhgg2zcsj4kdqhe
C8024E92483B6B0606FBDCB3D8E10DF8DF58B4FD650289088B2698D45C623530;send;pb1pr5ekk8nndfmla093q5yrrmzhgg2zcsj4kdqhe
A63F45606AE32EF6A7BE508C0B7F928AE0CBA943DE58E655728178C724BD42FB;send;pb1pr5ekk8nndfmla093q5yrrmzhgg2zcsj4kdqhe
A32A3C0102917D5CB9BD4F86056F6424B45E1C36ACE3CB3945FE97F2C7CA896D;send;pb1pr5ekk8nndfmla093q5yrrmzhgg2zcsj4kdqhe
AF34BE03A78741A7F8CFAB1EB415BB8EC791AB1EC5D90DD225665CEBACFE3EE8;send;pb1pr5ekk8nndfmla093q5yrrmzhgg2zcsj4kdqhe
9DD7373255A8A6BB51639EA512A6B8CC799471FDB81FF592B41819ECA21127C5;send;pb1pr5ekk8nndfmla093q5yrrmzhgg2zcsj4kdqhe
2019F4E975970B319FF9716FE01743C5C95FB78BBCF3AAFC9C95F883708F03E6;send;pb1pr5ekk8nndfmla093q5yrrmzhgg2zcsj4kdqhe
BC49923267D68CB6848028A2E23C138DFBE0802667C3DF0A2BBBDB7001013C56;send;pb1pr5ekk8nndfmla093q5yrrmzhgg2zcsj4kdqhe
98C7473DAD72B83E9A727CCEBD6EAD280A811B01001A8F1260928B21E66B3874;send;pb1pr5ekk8nndfmla093q5yrrmzhgg2zcsj4kdqhe
221EC54208CD268E0E5B01584F4868839371A558714C602447BDE6AC2E680187;send;pb1pr5ekk8nndfmla093q5yrrmzhgg2zcsj4kdqhe
B0001E0E922F1F52C2B0F4DE93BDD7719EEE595E3A519701A071EEB7588909ED;send;pb1pr5ekk8nndfmla093q5yrrmzhgg2zcsj4kdqhe
EF15CF77466A9164324262D9C697114A2872645B9F32853644823A656EB079F8;send;pb1pr5ekk8nndfmla093q5yrrmzhgg2zcsj4kdqhe
08BD7104004490C147C16EBE703B265B2A5627B479BADDD90BBDE5CACC2B3B31;send;pb1pr5ekk8nndfmla093q5yrrmzhgg2zcsj4kdqhe
D549D58477000FA4A9ED4F923B58EC8D05D4EFF1AC98C720C124323E6E404B44;send;pb1pr5ekk8nndfmla093q5yrrmzhgg2zcsj4kdqhe
6550AFB0FE47E7A50AA0BB1D55640759531C5153747F49ADE664281540F6CA29;send;pb1pr5ekk8nndfmla093q5yrrmzhgg2zcsj4kdqhe
35303550DEF1AFE83F8101FEA818AFCCD655C95A9B622E7EBEDBCE89FF16DAC7;send;pb1pr5ekk8nndfmla093q5yrrmzhgg2zcsj4kdqhe
9B627D06A38CB26B1BE5F60228ED710B8CF3A58DDAFCB2101C015E328EC34B76;send;pb1pr5ekk8nndfmla093q5yrrmzhgg2zcsj4kdqhe
4AF008F4FAEA7E58836B785BF55BB31DCBD25F3C9AABDBA4C04F3C2DFEB66FF4;send;pb1pr5ekk8nndfmla093q5yrrmzhgg2zcsj4kdqhe
A0ABD8419110449A2A8DB31C449D8337E82314AED01232C6F793E9B54F8D2925;send;pb1pr5ekk8nndfmla093q5yrrmzhgg2zcsj4kdqhe
E47AF485B5E204F5749FD024D64D64CC7248A0C696C76FDD38B0FED36CB87B81;send;pb1pr5ekk8nndfmla093q5yrrmzhgg2zcsj4kdqhe
84FD925D559A7720FBF4431319885015EAD831BECE59B71E89C0CD1053D8DD7B;send;pb1pr5ekk8nndfmla093q5yrrmzhgg2zcsj4kdqhe
B1B56F74CA310BFE8EE2E1630F673537D2896D4C5692D5EB1550F2CC4E502DBE;send;pb1pr5ekk8nndfmla093q5yrrmzhgg2zcsj4kdqhe
90B8EC39F0C5775109C5DF6F7EC51BFEA1EA60813FF944AA7F3BCAFF4A128962;send;pb1pr5ekk8nndfmla093q5yrrmzhgg2zcsj4kdqhe
6E04F1FA5C331D9FE3826A4EB8E12C7BEB4CD40C8A6337867C024DE8B4A3C20B;send;pb1pr5ekk8nndfmla093q5yrrmzhgg2zcsj4kdqhe
E7C047D861BE30209B98BDAB64B5966171B9D7EE0978E84C3F6E6EE485472953;send;pb1pr5ekk8nndfmla093q5yrrmzhgg2zcsj4kdqhe
626BFD2ACD18C2E537AC2B73C0921A440D744A80DFC09E1F8DA045CC7A75FB4D;send;pb1pr5ekk8nndfmla093q5yrrmzhgg2zcsj4kdqhe
67D9286FB3251C128CBCAFE87DCC90AD4DB81D3C35A30E119ABC971700742615;send;pb1pr5ekk8nndfmla093q5yrrmzhgg2zcsj4kdqhe
56F377F1CC3E3C120F882CDB84D6F7A176690560785E7A318200B60F030A8558;send;pb1pr5ekk8nndfmla093q5yrrmzhgg2zcsj4kdqhe
43AE77B7C4C4B03FEBA9B68A8949A029C716208EB10D6303DF090BF4191D7E6A;send;pb1pr5ekk8nndfmla093q5yrrmzhgg2zcsj4kdqhe
AEB9F26746413386F0A0DB5CF22ABB8D6F22624E33CA1746051436913004AC8C;send;pb1pr5ekk8nndfmla093q5yrrmzhgg2zcsj4kdqhe
DDC1A9A97DA0FFE4C97BAF1AA5DE662D0C326C8BF8A166F4801BEB3EC562F1EA;send;pb1pr5ekk8nndfmla093q5yrrmzhgg2zcsj4kdqhe
EDD8CBEFFB01033159C48FDB9FF21914F47068EF3D837FB317D5182E91E48B87;send;pb1pr5ekk8nndfmla093q5yrrmzhgg2zcsj4kdqhe
EA3F2845B124D958CA14B27B96027D9EB90F4E76CBCD99A7750F5394C5D9D54D;send;pb1pr5ekk8nndfmla093q5yrrmzhgg2zcsj4kdqhe
64654B7784C90AA437E4A22D1A6BD16BFCA856E662D51F7D0CF558EA5B53C511;send;pb1pr5ekk8nndfmla093q5yrrmzhgg2zcsj4kdqhe
A8C83D2B033F66D5BB7615B3812B99A3F7B4760050385B327FBBD21708F868C6;send;pb1pr5ekk8nndfmla093q5yrrmzhgg2zcsj4kdqhe
5F3BFE2CD44FBAC06E3B76D817718E59CE48DAD9916E05D086EC4823B70F66C4;send;pb1pr5ekk8nndfmla093q5yrrmzhgg2zcsj4kdqhe
1788588EB3DBB241AE259621CFC6076469D4B46A3C71B6C24680CBAFD51183C4;send;pb1pr5ekk8nndfmla093q5yrrmzhgg2zcsj4kdqhe
C966EAA8652B355D189BC68D3A450E377816CCC0B41322FE176C10C753AF4BE3;send;pb1pr5ekk8nndfmla093q5yrrmzhgg2zcsj4kdqhe
93B7E85BC826FD92B22239B936FE034AD9C941155E91CF2EF1A0ACF835AD4FE9;send;pb1pr5ekk8nndfmla093q5yrrmzhgg2zcsj4kdqhe
CAB075E44233917BB59389C96CE4FAA9CC8D0915349F8BA8F25AEDD06991C207;send;pb1pr5ekk8nndfmla093q5yrrmzhgg2zcsj4kdqhe
0264282C60687956B8AFB527A01E9E0AC4A8C596C2EB9C1AFF7EB067AD4F196D;send;pb1pr5ekk8nndfmla093q5yrrmzhgg2zcsj4kdqhe
19B805CF230596BE21FA86895E2502C2C6D3750B4962BF08A9DE1CFB6052DFF8;send;pb1pr5ekk8nndfmla093q5yrrmzhgg2zcsj4kdqhe
92CA34A5B88779A1DDBFCF5B5D90A49EB151650BF247C520B62D83B199CFC22F;send;pb1pr5ekk8nndfmla093q5yrrmzhgg2zcsj4kdqhe
C58D538900B2ED038EB912D07B01C213BD8D5B4D45185A4250B90F75E8AD9A9B;send;pb1pr5ekk8nndfmla093q5yrrmzhgg2zcsj4kdqhe
F2ABF346BA52C0F037E002BB780592C51990ACE6132EA8437C207FA685E10A3A;send;pb1pr5ekk8nndfmla093q5yrrmzhgg2zcsj4kdqhe
229F7F0ECDB79B42750DE6891D13F38C367F0EA8E505F3FED0C29469D03D1E6B;send;pb1pr5ekk8nndfmla093q5yrrmzhgg2zcsj4kdqhe
7EC472CC86419DC9670DB32A8291071EC307115D50374190C454A5B7EF216222;send;pb1pr5ekk8nndfmla093q5yrrmzhgg2zcsj4kdqhe
C77BBD8E2771DCD11D7ADFAF11E91B0DDC4F137D9D9F58B94D0CB13EE1223EB1;send;pb1pr5ekk8nndfmla093q5yrrmzhgg2zcsj4kdqhe
3CC9E7C6BD562A4F0C7833D14FA7331BC82985D0B52533D1EF60501A25B30B18;send;pb1pr5ekk8nndfmla093q5yrrmzhgg2zcsj4kdqhe
0E57948766B51B80D254A383A23A67F1C935C4523709F1829D55B5BC216E1C53;send;pb1pr5ekk8nndfmla093q5yrrmzhgg2zcsj4kdqhe
3B05E531395A07FE1CD034606CD6246451C27C8BE7A075BAA4DB444184B65507;send;pb1pr5ekk8nndfmla093q5yrrmzhgg2zcsj4kdqhe
4F6D746AAD769670EBE01577D0B6C179D185F0E151273C248E9D9EAC098522A5;send;pb1pr5ekk8nndfmla093q5yrrmzhgg2zcsj4kdqhe
9321EE01BB2A5BB997167D992D126EB19D8E88B045ABA21B3459E8019373C25E;send;pb1pr5ekk8nndfmla093q5yrrmzhgg2zcsj4kdqhe
6054AF48C4049CD887401039A3F23290D264ABC2D9753AC17DDB487A7EBFD423;send;pb1pr5ekk8nndfmla093q5yrrmzhgg2zcsj4kdqhe
DCAE2BD2C08872EA2C55C41C4149B47D23216F38E700DF3F4BB5F45C39F0A15C;send;pb1pr5ekk8nndfmla093q5yrrmzhgg2zcsj4kdqhe
9DCF5BB863B7F14CEB48DC9AD5B88DE602C824A22940013744DED418DC3D9A9D;send;pb1pr5ekk8nndfmla093q5yrrmzhgg2zcsj4kdqhe
92CFCBFF151A1269DA9F7C9259A8012083480F344D88456167EF5F0D34F81B90;send;pb1pr5ekk8nndfmla093q5yrrmzhgg2zcsj4kdqhe
28842537BAC332217559FB5A31C0E3049B1285C587DF9ECE7BC8580EA9FCE42F;send;pb1pr5ekk8nndfmla093q5yrrmzhgg2zcsj4kdqhe
C931700EE0FF4A1BCB8600E32EC310D09D5611B4528BD6DCD02D9797151FB5D4;send;pb1pr5ekk8nndfmla093q5yrrmzhgg2zcsj4kdqhe
2A2CEAA62EB9F1208EECB75F64918416C6721F3B2B009F0F9007604855608ACA;send;pb1pr5ekk8nndfmla093q5yrrmzhgg2zcsj4kdqhe
011BBF229A5775DBE8A124442CDCD26D0CCB4BE471936CAB5FD2530202DF96C5;send;pb1pr5ekk8nndfmla093q5yrrmzhgg2zcsj4kdqhe
2D9D6E6C2B3ADF92ED27FF948A9D8E43CACA82BF7C54AF30F2A339D797CCE5FA;send;pb1pr5ekk8nndfmla093q5yrrmzhgg2zcsj4kdqhe
E3BBC14C0E735FD5866CA188E9E2C529E979DF7E6034B7D60C5F7D3C8FDE0011;send;pb1pr5ekk8nndfmla093q5yrrmzhgg2zcsj4kdqhe
9085601A65786A8E75E1E80A4C1E5328EFC71E31C20AD569908CE34328B53856;send;pb1pr5ekk8nndfmla093q5yrrmzhgg2zcsj4kdqhe
7B047A1B6A2D5AB398E411AFEF8516F31740A9E53753DAAD10D8ACCBDD126A33;send;pb1pr5ekk8nndfmla093q5yrrmzhgg2zcsj4kdqhe
1A15E4B295FF24DD19F6691248290F95564A6DBA65DBF2EFFEA2F3C0FA2E4C2F;send;pb1pr5ekk8nndfmla093q5yrrmzhgg2zcsj4kdqhe
813A5E6A9EC511B4424433E83D0E62E0B60C4AC65D5753A3C85EE335F6962383;send;pb1pr5ekk8nndfmla093q5yrrmzhgg2zcsj4kdqhe
097464452100DA948C3060015FB6CB1013DF13F4C788E614B3EB3C1C127CA985;send;pb1pr5ekk8nndfmla093q5yrrmzhgg2zcsj4kdqhe
D5FE04C36406331C7061B804AC33BC51702AF1E0E695D35D1B576E38D5A812D5;send;pb1pr5ekk8nndfmla093q5yrrmzhgg2zcsj4kdqhe
EB52697AE161AF371FF4AE7A575EA193DB67667458C53F774DA4D286A08CD80A;send;pb1pr5ekk8nndfmla093q5yrrmzhgg2zcsj4kdqhe
69A22B6B117FCDDBFEA9E8C69FC70CE4996AA45FECA2B88F036F9BABAB3BEC76;send;pb1pr5ekk8nndfmla093q5yrrmzhgg2zcsj4kdqhe
B8125E0333790772998DC2DA63BB959372560E429C99AD7AAC357FA346B37AE1;send;pb1pr5ekk8nndfmla093q5yrrmzhgg2zcsj4kdqhe
B2F5744BE966152EC6AA1FC5F5B46A7682DE67D5783F5EF309C2D13D076504A4;send;pb1pr5ekk8nndfmla093q5yrrmzhgg2zcsj4kdqhe
622AD1B2E413CF1B6D87EAE0BB3355E7B49AB60746301D20E4CA052287860568;send;pb1pr5ekk8nndfmla093q5yrrmzhgg2zcsj4kdqhe
4AC02DA04910270840163B30CC587F9A55777D2921E520E896D6E0549BB2326B;send;pb1pr5ekk8nndfmla093q5yrrmzhgg2zcsj4kdqhe
B882363498B3E4CC2C41EDC824280F89207C089282C6E775560D4CB3921531C4;send;pb1pr5ekk8nndfmla093q5yrrmzhgg2zcsj4kdqhe
3235576A7E13D979B4D3C3C0077EB354C4A6C4B8640C65073AF7AE44B627FB21;send;pb1pr5ekk8nndfmla093q5yrrmzhgg2zcsj4kdqhe
2D35045DD253AE0796043E7CC3F777D989D2219E38076F488BAEBF814B8AE23D;send;pb1pr5ekk8nndfmla093q5yrrmzhgg2zcsj4kdqhe
55CE0FFE5C38A93F892438CD0BAD337857755E0C4F19A8687797C6B8986F138C;send;pb1pr5ekk8nndfmla093q5yrrmzhgg2zcsj4kdqhe
4E3656A86485C3DEF0E565B32B3A6AC7383833A80F85398734C8DE1450F8F61A;send;pb1pr5ekk8nndfmla093q5yrrmzhgg2zcsj4kdqhe
AA66F7EE8EC21F3F822AE7D9D3F4EB5F2D91B96B258342BC6B0B65FDB328E8A3;send;pb1pr5ekk8nndfmla093q5yrrmzhgg2zcsj4kdqhe
FAAD999EBB57ADE3EAA567F88CF037D8E4819282F3B5EA927B53E8E70B02AB88;send;pb1pr5ekk8nndfmla093q5yrrmzhgg2zcsj4kdqhe
7187DD9215D3A33EA9AF4B17CF723CE81BCF1F7A1AE9BF8476C20B9E329D0DAE;send;pb1pr5ekk8nndfmla093q5yrrmzhgg2zcsj4kdqhe
263D930EFDBB1304034D05085C65CE50556AF44A2B14F70416C98884D3574C92;send;pb1pr5ekk8nndfmla093q5yrrmzhgg2zcsj4kdqhe
4AFAA73DFA6B2939BE5728F888BDE2E9739879DB8CE91B67CE5FA99522DD2EAD;send;pb1pr5ekk8nndfmla093q5yrrmzhgg2zcsj4kdqhe
155A68DA02C32626828F7D82E0061815BBB1E9CB7A14FE2F6281DE386AE75BBA;send;pb1pr5ekk8nndfmla093q5yrrmzhgg2zcsj4kdqhe
36AAF6B7CC6C0730D8CCED6A20CBB3D384237D2E0379345480CA6A0291A949D9;send;pb1pr5ekk8nndfmla093q5yrrmzhgg2zcsj4kdqhe
635525BA5584DC759D26B0EF0BBC76BD8BE3B7E0678897506740C573D0D4F191;send;pb1pr5ekk8nndfmla093q5yrrmzhgg2zcsj4kdqhe
CBCAB28E1E9097E53AFBAA500137268741A24945A041BECA32206963FF0381F8;send;pb1pr5ekk8nndfmla093q5yrrmzhgg2zcsj4kdqhe
A01553650D2F04D2D1200B1731C55A54A4D60C8B6B4CDC3EF1BCB24091C24204;send;pb1pr5ekk8nndfmla093q5yrrmzhgg2zcsj4kdqhe
7F76829F94C77465B188EBA2E42076DFFE5B1B12F370161C5D3FAB102C8559F8;send;pb1pr5ekk8nndfmla093q5yrrmzhgg2zcsj4kdqhe
1CCCF5F110E7FE347A5C2132F83DDE7C8BE97C1FA966719CBBDB2A1B26E942F4;send;pb1pr5ekk8nndfmla093q5yrrmzhgg2zcsj4kdqhe
F07A06FF1070BD7D076A2D59862A4D309D84D2A585203107A549656527504926;send;pb1pr5ekk8nndfmla093q5yrrmzhgg2zcsj4kdqhe
18C0314C9103AC9063333EF7A59A2E10CC96E835468E5925E517D616341B5738;send;pb1pr5ekk8nndfmla093q5yrrmzhgg2zcsj4kdqhe
05A83F4724AA0C00FEFE311EF370BDE136007B5658B3F5032399A2B687A79CDE;send;pb1pr5ekk8nndfmla093q5yrrmzhgg2zcsj4kdqhe
AFF8506F6E908908E1E00BF2C0E26312A8CCE73CAB2AFDD5E59308CA188C9E21;send;pb1pr5ekk8nndfmla093q5yrrmzhgg2zcsj4kdqhe
5BB49A59DC4315C2CADDA1319FD00F921210E4943E18E60A5ED0D429C5A0CC85;send;pb1pr5ekk8nndfmla093q5yrrmzhgg2zcsj4kdqhe
C20825C8779A9DFA5F19F137FAD07B3E9AF1EDBB9904DECDBFC32410ABCF39E2;send;pb1pr5ekk8nndfmla093q5yrrmzhgg2zcsj4kdqhe
FDF9731A28386023E2B38F405E44549516300BEF823BAE4ED2D769DE53BFE8C6;send;pb1pr5ekk8nndfmla093q5yrrmzhgg2zcsj4kdqhe
2DE1149EAAA1480FB78C2EEF8229882A50F4351695D5BAD380957E9CB9312092;send;pb1pr5ekk8nndfmla093q5yrrmzhgg2zcsj4kdqhe
0A8FB6631D1ABB78DAFEEB38F1B9458F6C56EFC6DC2E425B0A48984C882C0219;send;pb1pr5ekk8nndfmla093q5yrrmzhgg2zcsj4kdqhe
96E686F74FDF5C7A9F2CC6C9AD7AACFF5F3DD514E931122FD37A3396AC0EDC3E;send;pb1pr5ekk8nndfmla093q5yrrmzhgg2zcsj4kdqhe
CD536579687273804290941DF2513B01DAC38A5A0207FAF86EC2D3D1D64947E1;send;pb1pr5ekk8nndfmla093q5yrrmzhgg2zcsj4kdqhe
DE47AA3194B9A376282E9B81033AEEB09B17E5462C47A312AA62F8860EC1DFAD;send;pb1pr5ekk8nndfmla093q5yrrmzhgg2zcsj4kdqhe
B274D051ED5AA7FCA0EF24E75CB30763DCF427847F7ED144BF0BBA9ED0908121;send;pb1pr5ekk8nndfmla093q5yrrmzhgg2zcsj4kdqhe
769A7C26E0BCEEFECC8910C22DF13881F4D0B3FEDDF76CA819E8E695F5E8A9A1;send;pb1pr5ekk8nndfmla093q5yrrmzhgg2zcsj4kdqhe
56E4E74ECE2CBA8F27D38F4EAC779CB8A5C8168F822F13EF54334FB3BF7E3F76;send;pb1pr5ekk8nndfmla093q5yrrmzhgg2zcsj4kdqhe
F08A38F60E4407D8362A59A3D8F4EBD16C37AB23212960D2E2D558736FA7BDD4;send;pb1pr5ekk8nndfmla093q5yrrmzhgg2zcsj4kdqhe
D358D5B50CE516800DDD8077582316C7AB60DF135E14AEE7D51E4D643C7FD171;send;pb1pr5ekk8nndfmla093q5yrrmzhgg2zcsj4kdqhe
282B50800BFF0A5AA9573D443965D4FBD8AD60FE30D913F83585A65446F5F0F1;send;pb1pr5ekk8nndfmla093q5yrrmzhgg2zcsj4kdqhe
CC3FBACAE651BC6502C733DF7FD8F8095DB901196C2CF13B4DAE924B48B709BD;send;pb1pr5ekk8nndfmla093q5yrrmzhgg2zcsj4kdqhe
9CB8255F038747BBFBAF9FA8B01D8241FB5C210697D0087C0DD8E76EC6DFE737;send;pb1pr5ekk8nndfmla093q5yrrmzhgg2zcsj4kdqhe
A3DD5430F12D01B18D33EEBF256EC3CFEF25160B6DFEAD18B8641CCA72876470;send;pb1pr5ekk8nndfmla093q5yrrmzhgg2zcsj4kdqhe
B798D8D61398A9291464B1EBD423BC9EEE4BD61ABE286CFDAA385B8161F62AC6;send;pb1pr5ekk8nndfmla093q5yrrmzhgg2zcsj4kdqhe
4E570245FF32964DC0731A4BFD4D5CDD6928703E854C3651B2371FDF3B634C54;send;pb1pr5ekk8nndfmla093q5yrrmzhgg2zcsj4kdqhe
4F48D762D7B75411F7693DFB75EB56AB247D3D9D560060D2F2A152ADDD154291;send;pb1pr5ekk8nndfmla093q5yrrmzhgg2zcsj4kdqhe
ECF0F7DBE4E7162884E237D35D1A13921CD21F5029834CE0584D20662544B450;send;pb1pr5ekk8nndfmla093q5yrrmzhgg2zcsj4kdqhe
D8319E0A7D0398A009D9B191FA6D6E83F1B7FD319C1D3A92487CD8EF5CFEE1A9;send;pb1pr5ekk8nndfmla093q5yrrmzhgg2zcsj4kdqhe
7480F4ADBF6E22AE258E8A12323F59563B8DD13C68DD662794953D88C1111E49;send;pb1pr5ekk8nndfmla093q5yrrmzhgg2zcsj4kdqhe
F2803F93C35DBC9D4020F892FF6B9F30A210123FBAA82D1B75643116048357C7;send;pb1pr5ekk8nndfmla093q5yrrmzhgg2zcsj4kdqhe
2ED89AE8720186C88B7E238A4188E46C3BD2130ECA0AEFB9F050791A5631C28C;send;pb1pr5ekk8nndfmla093q5yrrmzhgg2zcsj4kdqhe
05B385A78F260D29D4579C01AE90EF968A7896AB609FC99DF8F39A29D92A4EFD;send;pb1pr5ekk8nndfmla093q5yrrmzhgg2zcsj4kdqhe
A0D429CB5BCE1839F829FB6F3985EF69301205BEC2F2E55AA4070F779FAD960B;send;pb1pr5ekk8nndfmla093q5yrrmzhgg2zcsj4kdqhe
2DB4AF38AEBC82D27C7FC1EF75D7EB8EEE70F015AD855F1A6DEBE03E29597169;send;pb1pr5ekk8nndfmla093q5yrrmzhgg2zcsj4kdqhe
4B46D30BA27753BCD0C987DBE8B6F01F132082632B22CD4E30FE6490D66A808C;send;pb1pr5ekk8nndfmla093q5yrrmzhgg2zcsj4kdqhe
1EC70B41DB00362085161C99719209C4CBD081546EA874019213DE06CE0210B9;send;pb1pr5ekk8nndfmla093q5yrrmzhgg2zcsj4kdqhe
0CA1448718030847FC17E3687D247FFAF708F4075D4B8BA30BDACB338EBFBAEF;send;pb1pr5ekk8nndfmla093q5yrrmzhgg2zcsj4kdqhe
9B79081DA023811C7D3A19777D727D6042F0E3FCFFA8C2592CE599F7D35037B6;send;pb1pr5ekk8nndfmla093q5yrrmzhgg2zcsj4kdqhe
2A5F5BE790539881DCF20CA115210E66FC7DFBFAB479518A9FD182654ADEDC27;send;pb1pr5ekk8nndfmla093q5yrrmzhgg2zcsj4kdqhe
00D35E1926E161A0DDAAD222AD8916A1932C78E28CB86E79CA6C5BEB9D76C296;send;pb1pr5ekk8nndfmla093q5yrrmzhgg2zcsj4kdqhe
989934D09E827D234959D9FE2892E79818990936FF35998410DFC7FBAC1F54B2;send;pb1pr5ekk8nndfmla093q5yrrmzhgg2zcsj4kdqhe
5FA24DBD7B9A19B95405553040B82128CD25C3C79D12CCFB6C71CEFFB5CE0790;grant_allowance;pb1pr5ekk8nndfmla093q5yrrmzhgg2zcsj4kdqhe
AB539C50DE00E9252484BE93C1A80228379C7ECF8D7A19DB77B8610F17D0A1BE;send;pb1pr5ekk8nndfmla093q5yrrmzhgg2zcsj4kdqhe
7680540656ABEE57E0BBBCE96FBCBF65E84FD5186D355F83F62E95FDA93F1C12;send;pb1pr5ekk8nndfmla093q5yrrmzhgg2zcsj4kdqhe
B063223635169F81B8176C41F34B01F0AB5FA6A5B40AF43F55145BD50291A2E4;send;pb1pr5ekk8nndfmla093q5yrrmzhgg2zcsj4kdqhe
969ACA01F20A237CC31E1888DC0F6BE2827BDB5386021BE05E8D8E8E94B35847;send;pb1pr5ekk8nndfmla093q5yrrmzhgg2zcsj4kdqhe
1C0D5520103BDB60A42B866ADDF5054456B8E641D5298F9A1A698D600834945F;send;pb1pr5ekk8nndfmla093q5yrrmzhgg2zcsj4kdqhe
9A84F9F6EFB72B364CC8A956091D442254B3AADBA39FACAF19B8C30B08177FC2;send;pb1pr5ekk8nndfmla093q5yrrmzhgg2zcsj4kdqhe
4BB0EC2165D349E9B13C11EFE236A6B6F460FA3756ABB5E665ED45AC746CB5F1;grant_allowance;pb1pr5ekk8nndfmla093q5yrrmzhgg2zcsj4kdqhe
5F4197305B2CE96EC3F998525941031ABA9AF1304B38872410FE9A2E7126C3B7;send;pb1pr5ekk8nndfmla093q5yrrmzhgg2zcsj4kdqhe
488AA31DB38AFAD075E6D386FB3D7991700D0910F1E62C117FFF2088C7122915;send;pb1pr5ekk8nndfmla093q5yrrmzhgg2zcsj4kdqhe
EC42D7E2167BE00E6C738C38DD1FCFDCBB67021FC78D6C0B05AD451C71957665;send;pb1pr5ekk8nndfmla093q5yrrmzhgg2zcsj4kdqhe
21E354ADF5A2D0CB260A7302022F45A028B23343D69D9F1702AA44B927BADA55;send;pb1pr5ekk8nndfmla093q5yrrmzhgg2zcsj4kdqhe
1AF6428D2D9AC057B27158F3F43F95100744B3B2E0815C0A30B879F962ED1884;write_scope;pb1xvd4k9jg5h0d4dhzr4z0txtwe9p5zxf58xcmxd
6A847C42801E488DF0DB70D9F6C5FD53F0F8E5C62AA63B3F932FC69B0051967B;send;pb1pr5ekk8nndfmla093q5yrrmzhgg2zcsj4kdqhe
2D8AE3FCCCA12AC4F1F2ECC42B0827543B2CA9518F085DA300A5E1156D29421F;write_scope;pb1xvd4k9jg5h0d4dhzr4z0txtwe9p5zxf58xcmxd
4849442C35008DFA04F60798E724F13E138A843FD50D634D40E9E41AD9715857;write_scope;pb1xvd4k9jg5h0d4dhzr4z0txtwe9p5zxf58xcmxd
D958D31D8D9EB2468703C279A2C8230BF902A06ACFE80A0F559A168FD799D4B0;send;pb13dfvqt7zyp69z3el72qsu6z3f0egh9xfng9jvt
09DE38B4210CFE489DD0C516C18227FD7E85624799474F591065E082E2784228;send;pb13dfvqt7zyp69z3el72qsu6z3f0egh9xfng9jvt
A60C79CC2A88087849430A30C66753B2F67488C74FB730A8BCDA9C850D922D1C;send;pb13dfvqt7zyp69z3el72qsu6z3f0egh9xfng9jvt
8B1AE175405AAC6C5356C7760016C1A85C39FCE70CB914C35A62531AAEEF79FB;send;pb1pr5ekk8nndfmla093q5yrrmzhgg2zcsj4kdqhe
32DA800FDAF3301436EFA5FB113F1E098C58A3DA5F014FBB581E8C64CDBBAA4C;send;pb1pr5ekk8nndfmla093q5yrrmzhgg2zcsj4kdqhe
9D9C4874FDE1469A94A324D55FF670DD97FFA1956FBC3851C552D2016A2FAC4F;send;pb1pr5ekk8nndfmla093q5yrrmzhgg2zcsj4kdqhe
FDE92B1CBBCC138D7AA192C2D1014967BA2639FC637B4186906DCD9D704FD238;add_marker;pb1zsherr3eat6gvq9ptg3m0n3dj33xf2mwevk3ca
2C43AD93F86BED6DE3A90E96C797BCF2099DF4808E6FECCD8C70CA048958C594;withdraw;pb1zsherr3eat6gvq9ptg3m0n3dj33xf2mwevk3ca
BF451AAA0820A7AA412B165FA8486A98ADFE730B1D319E03568D418B0B025E06;send;pb1pr5ekk8nndfmla093q5yrrmzhgg2zcsj4kdqhe
A895D1E9F09B1153E63E8BC6154CA72D3103439DCCEDD7E4B5E8AD6CF7F0242D;write_scope;pb1xvd4k9jg5h0d4dhzr4z0txtwe9p5zxf58xcmxd
DB6901474D11F93B1BFF28E369B704E85096056FCC6FBB5FC5E20601087CF7C9;write_session;pb1xvd4k9jg5h0d4dhzr4z0txtwe9p5zxf58xcmxd
A41BDE85E0A69FBA8F962CE459D8B976E5FD4A32655D4D377B800454846F39FD;send;pb1pr5ekk8nndfmla093q5yrrmzhgg2zcsj4kdqhe
A008833730DE0C6B76203B2A07265C689C098D7D4362DA4BC6927BF0F614B36F;send;pb1pr5ekk8nndfmla093q5yrrmzhgg2zcsj4kdqhe
57A0D245C2C451BB8FB78F1BED67557136A8359A16CABE9100C3E90D3528F308;write_session;pb1xvd4k9jg5h0d4dhzr4z0txtwe9p5zxf58xcmxd
A863E8AC7D9CED44AE3DE19F7D8A354A225B1A0197D7BBEF7760FE052B0E878D;write_scope;pb1xvd4k9jg5h0d4dhzr4z0txtwe9p5zxf58xcmxd
DD8ABE2FB6AA5C86151FC3F836A4B4D11325E84D63DEFBD76D5E81FFC9201EFA;send;pb1pr5ekk8nndfmla093q5yrrmzhgg2zcsj4kdqhe
F448A09A602F6D91E4B76D96D8E62C883F0B952D3DAB5D68E9B917DD68CDFE87;send;pb13dfvqt7zyp69z3el72qsu6z3f0egh9xfng9jvt
445492B8E87D24EF8B113AB8313C06C6BF6C9DB43641517448F753EB65E8DB52;send;pb13dfvqt7zyp69z3el72qsu6z3f0egh9xfng9jvt
E0558835D12BACF100A57C85936B98E282655B7E145274862372704DD60FD022;send;pb1pr5ekk8nndfmla093q5yrrmzhgg2zcsj4kdqhe
6698789389D3E9349BACB3A60A05E3A8674742EC97B70003A439960CAEEA33D7;send;pb1pr5ekk8nndfmla093q5yrrmzhgg2zcsj4kdqhe
B0F66E7D9BF8DA40325C05F165B9ABFA815362A7CDEDAAC745BFF58CAEBBE5BA;send;pb1pr5ekk8nndfmla093q5yrrmzhgg2zcsj4kdqhe
1AB08C4A5359A22A3F79EE5D23F9A5DBD5EA58FE19A15730F61506C609F85402;send;pb1pr5ekk8nndfmla093q5yrrmzhgg2zcsj4kdqhe
2578C708BA654FD3FA9006967839A264269B416D2C74DCDBBC16429A5A4E073A;send;pb1pr5ekk8nndfmla093q5yrrmzhgg2zcsj4kdqhe
0C3E0200567FEC338BFC716B633258E330304CA601847C98877D8C144FF13D21;send;pb1pr5ekk8nndfmla093q5yrrmzhgg2zcsj4kdqhe
A96240C9FD1B52959BECAEF4D8AC8BDB94D82675B9862FE2C7C6A78CEDE283F2;send;pb1pr5ekk8nndfmla093q5yrrmzhgg2zcsj4kdqhe
648C32E2DAA9890D74D9FC45639E464B58F605E8783A8B03047142DC09191C7C;send;pb1pr5ekk8nndfmla093q5yrrmzhgg2zcsj4kdqhe
A7B0EB7842483FA5168DD209FB36EFE79FC2CE4051521024B5749A10F60460C2;send;pb1pr5ekk8nndfmla093q5yrrmzhgg2zcsj4kdqhe
A9108654582EF5BF21EDB15E58CD18C3272BA224183F40A46030BFAEF4086C7B;send;pb1pr5ekk8nndfmla093q5yrrmzhgg2zcsj4kdqhe
EF1A0FB2A51B0CEB6933AB97E9F70B88E87D7C6E4ACFD9E0B8781359D2D682AE;send;pb1pr5ekk8nndfmla093q5yrrmzhgg2zcsj4kdqhe
7AA2CA26C959DC8FE1D9C5B841E2558C61A254C7611F26B5C753332F9F742B8F;send;pb1pr5ekk8nndfmla093q5yrrmzhgg2zcsj4kdqhe
D5469810AA994D3682DBFCFD05F23C9D1EF7920D7CFF0A10DBC9ABC55DA9F7EE;send;pb1pr5ekk8nndfmla093q5yrrmzhgg2zcsj4kdqhe
1F6BF319A88101E8A8090E51D0F5241F4AB399BB94298FD626D5AB9A53264704;send;pb1pr5ekk8nndfmla093q5yrrmzhgg2zcsj4kdqhe
710F65553DE1C6694AA09ED734C4201C5AE11DBA1436DDCCE9B466ACE3A8DA51;send;pb1pr5ekk8nndfmla093q5yrrmzhgg2zcsj4kdqhe
3F9B4F731F2AE4F85F422483B7D4781CA6682E06D67EE275E96650BF1D427BDA;send;pb1pr5ekk8nndfmla093q5yrrmzhgg2zcsj4kdqhe
61FF49C7223B7EA7153F9227C560F796A401C4166A56B05D635CCE4B12837128;send;pb1pr5ekk8nndfmla093q5yrrmzhgg2zcsj4kdqhe
50B01ACFE5426C249E5B710C541819A385701B15076B8A8F6717A7B4F92D148D;send;pb1pr5ekk8nndfmla093q5yrrmzhgg2zcsj4kdqhe
C16022D8179AE0EB93E47AA6E08F36356C69ABAE53711D3E253EB565038B12C4;send;pb1pr5ekk8nndfmla093q5yrrmzhgg2zcsj4kdqhe
41A8C6F20D2FA65BE0707C0BEFDD63DC9DC5DF0568C55337D8B1ABEBC6390FF2;send;pb1pr5ekk8nndfmla093q5yrrmzhgg2zcsj4kdqhe
7BC275B10A53C60D9104919E4DD5C9F0B5D4256C5DECD850E38CC0C41FA4CE93;send;pb1pr5ekk8nndfmla093q5yrrmzhgg2zcsj4kdqhe
593B75AA7621D3D4A5901CD51B6D99E9DD086FBFE4B12E13EFCE6449F1576C7C;send;pb1pr5ekk8nndfmla093q5yrrmzhgg2zcsj4kdqhe
6FAF294C9A87234C64EB523D7751D4AA150A708D9A95D2375E18FC129876E58D;send;pb1pr5ekk8nndfmla093q5yrrmzhgg2zcsj4kdqhe
A2BB0A2633F49468330FE24992D7D5F311F52945C7FEBBA9332F9C80EB1F38DF;send;pb1pr5ekk8nndfmla093q5yrrmzhgg2zcsj4kdqhe
44B8A4592E3084065E5569DC3D33A62E49C493EA1A54FC81F9A8545233802B33;send;pb1pr5ekk8nndfmla093q5yrrmzhgg2zcsj4kdqhe
66410C90A18A81C847BF16F136A2FD6C946C98C71CFA75F0CD457841C398A864;send;pb1pr5ekk8nndfmla093q5yrrmzhgg2zcsj4kdqhe
4BE32D7F81C54920E881C1F6D85E3F73ECFDEA46BE3B6CD67C7382975C4C9AC9;send;pb1pr5ekk8nndfmla093q5yrrmzhgg2zcsj4kdqhe
3D38248588EDCC2E17018658322FAE57BBDDD937F3CC11582995D90588CF9594;send;pb1pr5ekk8nndfmla093q5yrrmzhgg2zcsj4kdqhe
1E9A1D682B528B139F552FCF50CB7F210203E2DCC4B80AE34598118F4C22E584;send;pb1pr5ekk8nndfmla093q5yrrmzhgg2zcsj4kdqhe
D2C37D0C640DF930A8D6D476E1CB21DECDD51CE5A934E500579D8CC267268C74;send;pb1pr5ekk8nndfmla093q5yrrmzhgg2zcsj4kdqhe
4D75455C1B6456FB9EB2BD1F27F8DAF90C1E7E73DF0C94343F0560E23D9D8BFA;send;pb1pr5ekk8nndfmla093q5yrrmzhgg2zcsj4kdqhe
76D209E919FD660625C2B7E35FCCD670C4112BD020EDAB28B474E1528A13CA86;send;pb1pr5ekk8nndfmla093q5yrrmzhgg2zcsj4kdqhe
D1F6D5A499B1E501CECC4A347CD8924687978886962846815904E52D13423104;send;pb1pr5ekk8nndfmla093q5yrrmzhgg2zcsj4kdqhe
CFCD8232F07AE288A48AF10C7F68160CCBCB4DD335E9510060C4F943EAA55E3A;send;pb1pr5ekk8nndfmla093q5yrrmzhgg2zcsj4kdqhe
AC5A14802B28CD700A384F8B1C59E6D6573E987A7C124D2D34D39051C6F91CB9;send;pb1pr5ekk8nndfmla093q5yrrmzhgg2zcsj4kdqhe
20687CA9151574BA0A02227C843CD9346A3788A6227D28BE3F065F11ABDB9825;send;pb1pr5ekk8nndfmla093q5yrrmzhgg2zcsj4kdqhe
E4A1286E6CAE315CDCB24A6C97E80436A51EECEA33D85BBA97255D554B35F2C8;send;pb1pr5ekk8nndfmla093q5yrrmzhgg2zcsj4kdqhe
4D2622A8D0902D7D3FC39B3AF5F2D9A7455BE50E125733FC50FAD56E7A0CE654;send;pb1pr5ekk8nndfmla093q5yrrmzhgg2zcsj4kdqhe
DFC71F68A12B8180654B66852B5C8A9FC302CC162D5A333CE649F7D46529D218;send;pb1pr5ekk8nndfmla093q5yrrmzhgg2zcsj4kdqhe
01ACDE1348847BC1B7E4940861B42C6D7E7D8DF19D61F2387AAA432977BF83E8;send;pb1pr5ekk8nndfmla093q5yrrmzhgg2zcsj4kdqhe
DDE089F5DF5D14CF05721D948C5B44AA43DD6BECC778104D06EF516CC86E8ADA;send;pb1pr5ekk8nndfmla093q5yrrmzhgg2zcsj4kdqhe
9DE8215E579BC8A5DA8B5CF8D3386363861B5224264293EC9080387E6FDF83FA;send;pb1pr5ekk8nndfmla093q5yrrmzhgg2zcsj4kdqhe
3C49A0E0152756792241D1D3AC6FE333C47F58304CBC5BFA772387B852AF6EB4;send;pb1pr5ekk8nndfmla093q5yrrmzhgg2zcsj4kdqhe
053DCF46F9B85B2269E571DDBA809FD445A03B6B09ED559C5927F2637391F607;send;pb1pr5ekk8nndfmla093q5yrrmzhgg2zcsj4kdqhe
3A348B9374C0AE5D79A51B83240FB06BE04497E1A2C6B86F7954065355AF3351;grant_allowance;pb1pr5ekk8nndfmla093q5yrrmzhgg2zcsj4kdqhe
4FA3F0A41FD26FE769C53FC93D219074223B31E4B670D0E3C20EEECBE174653D;send;pb1pr5ekk8nndfmla093q5yrrmzhgg2zcsj4kdqhe
B43AAE2AA204147A116B58D7A750779A9688E09ECE1DB008C465F5A55E209910;send;pb1pr5ekk8nndfmla093q5yrrmzhgg2zcsj4kdqhe
CC946B6B8EE6DE0500FB515D38AFC765568DDB7558BB8F578CA7355B3947AF89;send;pb1pr5ekk8nndfmla093q5yrrmzhgg2zcsj4kdqhe
DB507BB05C7B6EFE1C591CF1224DF8CE35240F7FF0FD1C14D256F5BF9064641E;send;pb1pr5ekk8nndfmla093q5yrrmzhgg2zcsj4kdqhe
9A5EB10A39C822664C75AD153CFCF220866275183BB7A19577152C2CD6C0AA24;send;pb1pr5ekk8nndfmla093q5yrrmzhgg2zcsj4kdqhe
6EEE11289530E4C49184D244BF30665E95A14C0C5C07CDD999CFC9F3AC085705;send;pb1pr5ekk8nndfmla093q5yrrmzhgg2zcsj4kdqhe
E1E6AE1DEE86981092CEC24C4A2334540640C4283326A7BDD8EB45054C8575E4;send;pb1pr5ekk8nndfmla093q5yrrmzhgg2zcsj4kdqhe
492A01983DDC85662C14F97718A2613018B0DDC8EAA2C2BCCAF8AE36BEE758AC;send;pb1pr5ekk8nndfmla093q5yrrmzhgg2zcsj4kdqhe
DFA30C3D45A1DE522A41D3210A9AE52E0950BA3F44E5682D4143437DB84115CE;send;pb1pr5ekk8nndfmla093q5yrrmzhgg2zcsj4kdqhe
D86E96F83B81DF59530B11A75786FE259E2040B3286EC80A39F6569C22213CD5;send;pb1pr5ekk8nndfmla093q5yrrmzhgg2zcsj4kdqhe
2D747A051BF93148AA8898E4B0A8B3B168B37AB7644D8AA8ABD6050F946287D8;send;pb1pr5ekk8nndfmla093q5yrrmzhgg2zcsj4kdqhe
581D657AEC9AA0B22BB4F84B77763A5A412A2F00F5B602CD418DF88CE165A8FB;send;pb1pr5ekk8nndfmla093q5yrrmzhgg2zcsj4kdqhe
DCF24CB150EBA46234F181FE876543FFFC454AE3E8B3E5373989937319B24411;send;pb1pr5ekk8nndfmla093q5yrrmzhgg2zcsj4kdqhe
ED10D3A7447E3CBA5D609C9B3E653A7FD47B906D348384025397D3E92030B108;send;pb1pr5ekk8nndfmla093q5yrrmzhgg2zcsj4kdqhe
6E94063F92DF641FD34C8FF367078CCE3EBEEE0F440B398B1C815DB06CC99DD2;send;pb1pr5ekk8nndfmla093q5yrrmzhgg2zcsj4kdqhe
008C8867A37F2C592B51B39469F4ABD253309B128D673A660306D6B97DDFC06E;send;pb1pr5ekk8nndfmla093q5yrrmzhgg2zcsj4kdqhe
3A33298A434C6EA7960D87A501FB9D4C4D6D56D7122658ADFD9B3D3A2C0A5B30;send;pb1pr5ekk8nndfmla093q5yrrmzhgg2zcsj4kdqhe
1E913E9717DB8006A1E2ADA2D4DC603572188339CCEB2F67C6245EA27624A217;send;pb1pr5ekk8nndfmla093q5yrrmzhgg2zcsj4kdqhe
DBBE972CD2788ECDFA7D9C4E7822013D6BD3406907FFDB9178F02F1119EEE3D7;send;pb1pr5ekk8nndfmla093q5yrrmzhgg2zcsj4kdqhe
9E434DABABEADBE54FB0BF174D69F3FCE5B3461B7643DAF11C093BF98E68751B;send;pb1pr5ekk8nndfmla093q5yrrmzhgg2zcsj4kdqhe
8120E9EA017E714C3B3F2D88A29515E9B191A7D5CB87C52D8144506578488925;send;pb1pr5ekk8nndfmla093q5yrrmzhgg2zcsj4kdqhe
48B200B848D6DAF176AC1C68877BA293675025D9035DB3FA43A22359345E9278;send;pb1pr5ekk8nndfmla093q5yrrmzhgg2zcsj4kdqhe
397BF87BA3E3EBA85CF50980B579B31144BF49CF61DBF1844D12B0010EE64E3D;send;pb1pr5ekk8nndfmla093q5yrrmzhgg2zcsj4kdqhe
E3E531E757761E9475BB7B16C5FC903790808900ADEEE6AE7BAB05BB8A09BEB7;send;pb1pr5ekk8nndfmla093q5yrrmzhgg2zcsj4kdqhe
BC8059E141BDCD77B1A632CC8F223289973525EF92BD29767AC1E9F771B42BED;send;pb1pr5ekk8nndfmla093q5yrrmzhgg2zcsj4kdqhe
787F8ECDAAB527AFDDE4DDBE9B40D5086071DC2CC99AA091155DE0B8913F6914;send;pb1pr5ekk8nndfmla093q5yrrmzhgg2zcsj4kdqhe
48B97EE50A7259F4C8C6D5BF1FF657F6BD8EC17082B92080D1C1015B3064F85A;send;pb1pr5ekk8nndfmla093q5yrrmzhgg2zcsj4kdqhe
D83FB6814B5F707E81D9D2EFE9FC804AB046646BEEA1F92C8019550085F8E942;send;pb1pr5ekk8nndfmla093q5yrrmzhgg2zcsj4kdqhe
B88118E8CBEBF323B1C8EDC6CE514C65239D412BCBE71F4B48F252B0EE9301FA;send;pb1pr5ekk8nndfmla093q5yrrmzhgg2zcsj4kdqhe
DCEB1A3F69DBAB3F9BF6A037CB8F50BE89590484606115B053BD7E4C07FDAB28;send;pb1pr5ekk8nndfmla093q5yrrmzhgg2zcsj4kdqhe
813066CD66A85EC8485471924893D292A62CF97134BE3A79B408274984BF753D;send;pb1pr5ekk8nndfmla093q5yrrmzhgg2zcsj4kdqhe
52BD4C4DC49877235B94696C70D8A52087AE268AD135AE418D4796EE3A66A885;send;pb1pr5ekk8nndfmla093q5yrrmzhgg2zcsj4kdqhe
7714E86F6986EC04315B2A983B861C942D4AAE3EF7368C21A229B02C421BCC0A;send;pb1pr5ekk8nndfmla093q5yrrmzhgg2zcsj4kdqhe
737B5C8D442C565DA4CA972D79D7941DA883B097FCB9A5B0D00D0AB521A3DE8A;send;pb1pr5ekk8nndfmla093q5yrrmzhgg2zcsj4kdqhe
772A7E06878FB3B831F75BCAF0669E33D8330A15EF2566522F816292A84E7DCD;send;pb1pr5ekk8nndfmla093q5yrrmzhgg2zcsj4kdqhe
B59F258FF667A3FAF1ABC10E4B42A587DF22018AA0AF1DCCA7BD50B1B479A7DE;send;pb1pr5ekk8nndfmla093q5yrrmzhgg2zcsj4kdqhe
B9171953564F7F741FA72B8A9B0337CAD4EBCA1486941F54554CC8D257468828;send;pb1pr5ekk8nndfmla093q5yrrmzhgg2zcsj4kdqhe
E70E24637A27D14199E1259C9AE6E205F87C480C9C6ED3A858B598879B8D22BC;send;pb1pr5ekk8nndfmla093q5yrrmzhgg2zcsj4kdqhe
DB4BDDC368C937AD7F65BDACD76E0200C3EA5E8002098D95931605996A7E6B1C;send;pb1pr5ekk8nndfmla093q5yrrmzhgg2zcsj4kdqhe
F27457AAAB1D895156462AB45FAEC66AEF406B1E4C358BB14274CDC330A8A929;send;pb1pr5ekk8nndfmla093q5yrrmzhgg2zcsj4kdqhe
7273A72DA339366AC7895BFC9A5108A2AC3FD7DBCDF6A21FA342A1D4F037D4CD;send;pb1pr5ekk8nndfmla093q5yrrmzhgg2zcsj4kdqhe
D9735AAB4F9660AEC0AD24718E26778EC7AF2E3278FEC38805C3FCEDFEB1B0B2;send;pb1pr5ekk8nndfmla093q5yrrmzhgg2zcsj4kdqhe
74324BBE62FD5F88930418A5A9A24846AC5E4D96205E996B06B7CEF366982F75;send;pb1pr5ekk8nndfmla093q5yrrmzhgg2zcsj4kdqhe
844D85FB2B05581D7F247C036C4D0C1C630B72F002EA73179647AE6E8320B50C;send;pb1pr5ekk8nndfmla093q5yrrmzhgg2zcsj4kdqhe
624322696BA6DC54AB47B85ACD329B8E2F25278DDDEFE44BF013B851A26115F3;send;pb1pr5ekk8nndfmla093q5yrrmzhgg2zcsj4kdqhe
1935057B32E40298A10A339BC7D969042AA5DDD97327E856AF867A0AC854906F;send;pb1pr5ekk8nndfmla093q5yrrmzhgg2zcsj4kdqhe
60D824508193293E7241BD5081EA2A4F09F7D723DD1322E48584F72B33D067A0;send;pb1pr5ekk8nndfmla093q5yrrmzhgg2zcsj4kdqhe
784DF39DF671B2F8ABDBE068463F21C258AAD846E35473D64E291D28C321E97D;send;pb1pr5ekk8nndfmla093q5yrrmzhgg2zcsj4kdqhe
05587006FB4FB99BFA3ECA11910F0AEBC69CF58D6627E5C4867086743061FC65;send;pb1pr5ekk8nndfmla093q5yrrmzhgg2zcsj4kdqhe
85ABEED4F515BB56C02AE5807CD695A5F14F7CB311370A75D5EFB640D033BDA3;send;pb1pr5ekk8nndfmla093q5yrrmzhgg2zcsj4kdqhe
2524ECDF94F81A8DD36894B9ADA5623682865AF062CB8E885E96D5D265C65397;send;pb1pr5ekk8nndfmla093q5yrrmzhgg2zcsj4kdqhe
E31E3FFA9DA8DBF1EBE52FBE42965CDB11DF131153B5A19F4AA1C7784E802266;send;pb1pr5ekk8nndfmla093q5yrrmzhgg2zcsj4kdqhe
5065AE88993899EEE81FC6AB1F7F64EAD8EC6FD81F1E54AE881CA5F378F9C3C3;send;pb1pr5ekk8nndfmla093q5yrrmzhgg2zcsj4kdqhe
557A61ABB83796FCD7CAECD3046BBFB6551CE90A86EE9A21603B0C20ED8C649C;send;pb1pr5ekk8nndfmla093q5yrrmzhgg2zcsj4kdqhe
29D57C23BC0726A5EABFEFB5F3E808F29ADE6AE7A7A97D3A00EB47F1A5DD0208;send;pb1pr5ekk8nndfmla093q5yrrmzhgg2zcsj4kdqhe
182CA60CB7B7AC5BE554B8E464C60C9B9DD60D3FB1B24EE22D0E24C136B396CB;send;pb1pr5ekk8nndfmla093q5yrrmzhgg2zcsj4kdqhe
CCABC15F84981A715044B0665485B865812E9C2782BC113753D30A8CBEEDE36C;send;pb1pr5ekk8nndfmla093q5yrrmzhgg2zcsj4kdqhe
48C79AF4DF3D4696EAE5F8FA9417E3362D6C62BFE9A086E68D8BD2B57282D27C;send;pb1pr5ekk8nndfmla093q5yrrmzhgg2zcsj4kdqhe
645BB973B8BE01F17113C25B8521233E750D458D5BACA32BE2EDF7473C246F64;send;pb1pr5ekk8nndfmla093q5yrrmzhgg2zcsj4kdqhe
05D8A720D4173CEE914AA4109208022F7945B9634A5E32D7F41CAA994D86DA37;send;pb1pr5ekk8nndfmla093q5yrrmzhgg2zcsj4kdqhe
ED70E07EDF299D41313E71330F228F1020FB12B66FFAC7F4C981D4B98B7BD5DF;send;pb1pr5ekk8nndfmla093q5yrrmzhgg2zcsj4kdqhe
71A367E81592CDDD5170E221E67B31F9F14EDCAAF295831D6D1DF2656B16FF56;send;pb1pr5ekk8nndfmla093q5yrrmzhgg2zcsj4kdqhe
67C35DA0000C716DE5D7CDE93B2EC5248A5AF5306E98A95936B21F14E5A8C821;send;pb1pr5ekk8nndfmla093q5yrrmzhgg2zcsj4kdqhe
173944E3E8CEF832DBF318EEA173CB9DB3CE7C6F4263AF809557F80EFBFD8177;send;pb1pr5ekk8nndfmla093q5yrrmzhgg2zcsj4kdqhe
5AC1835FD684918ABFE53D76CE573BA5C3717182082A6BA982D7D366FF1D2BDE;send;pb1pr5ekk8nndfmla093q5yrrmzhgg2zcsj4kdqhe
DA578286C9E73C109C887402A1117CC5AE9679356D784AD8C8AC106D4BDCEA8D;send;pb1pr5ekk8nndfmla093q5yrrmzhgg2zcsj4kdqhe
BA68B9CC3705D93431DEF98B235AC6CCBA90C915968688815A0276FA17FB9511;send;pb1pr5ekk8nndfmla093q5yrrmzhgg2zcsj4kdqhe
54BFE46CC5564F6AC57F539CD05BA60A33635C0461BFEBB477EB4220C5DD8D40;send;pb1pr5ekk8nndfmla093q5yrrmzhgg2zcsj4kdqhe
EE3B89297B8832C9B51027968AA35815F1992DA8055D636502F538DE3B6E8235;send;pb1pr5ekk8nndfmla093q5yrrmzhgg2zcsj4kdqhe
E0265F67229C4E83B4726868DCD8121BBDDAFC4AD47E9A9103C5F54C8E1A0A12;send;pb1pr5ekk8nndfmla093q5yrrmzhgg2zcsj4kdqhe
F64CB13B40CAB188FFAFFEE1BD8D049B76966A9333A0EC02568E9AB95B9E593A;send;pb1pr5ekk8nndfmla093q5yrrmzhgg2zcsj4kdqhe
5351C2092BDAD1F38F6EF0F2DE5D6EC33495BA0B5E090121F19903E98FCE4F78;send;pb1pr5ekk8nndfmla093q5yrrmzhgg2zcsj4kdqhe
0A74553F2ED8F9EE4451DBBA9D5A98EB9094B2493DE76A0A3A00CFE02F8BF348;send;pb1pr5ekk8nndfmla093q5yrrmzhgg2zcsj4kdqhe
F998A6FFF3B2A24214B4AB6C7FE2F577F73585239EC46597ED117B7A46C89360;send;pb1pr5ekk8nndfmla093q5yrrmzhgg2zcsj4kdqhe
4CFE586DA8F6C357BA64A778EEF527A7FBC31285D7E05F393B4DABA09F57B92D;send;pb1pr5ekk8nndfmla093q5yrrmzhgg2zcsj4kdqhe
C6573FBFC2F8AB86479AD2881A6C7D1C37C6267D57628D2811B556307B064651;send;pb1pr5ekk8nndfmla093q5yrrmzhgg2zcsj4kdqhe
0663132C5DF785CEEEC540314460CB056E9A6C48CCE8F1BA537FD4B5456C4BD9;send;pb1pr5ekk8nndfmla093q5yrrmzhgg2zcsj4kdqhe
A79960711F0B5483BA35AE839D1E3FB4742DED210DE6315466D831CCFC36502D;send;pb1pr5ekk8nndfmla093q5yrrmzhgg2zcsj4kdqhe
CEFE3A80E65675A0EB54EA52788B54A535DF958A9F5D05780AA837FE716A80ED;send;pb1pr5ekk8nndfmla093q5yrrmzhgg2zcsj4kdqhe
436F0F7AB60BBB06336943D29C8701B64737EBDA99EF543110C5A7AF1F1C48C2;send;pb1pr5ekk8nndfmla093q5yrrmzhgg2zcsj4kdqhe
08F3E5EA74F5C99DA7174CAC76B10EBD89636C2AA92775F9D7F5BAC7F2FED554;send;pb1pr5ekk8nndfmla093q5yrrmzhgg2zcsj4kdqhe
A64B3C7A3BB81220EEF6899FB90BF57E7BB16B56222BCD63F62A14DE8D378F02;send;pb1pr5ekk8nndfmla093q5yrrmzhgg2zcsj4kdqhe
865C2C089E56D2CA4B8624CE617D8D327F6CD09F707406DA605C948A0B14AFC6;send;pb1pr5ekk8nndfmla093q5yrrmzhgg2zcsj4kdqhe
782C58357435391E3B14B403CE4D63BD015546446B5FABBF1BD45CB1E5D3F891;send;pb1pr5ekk8nndfmla093q5yrrmzhgg2zcsj4kdqhe
FB94041D286F2BB44B5CAD1B4CBA5FA12C17F9476E6612166045B5C7B445E507;send;pb1pr5ekk8nndfmla093q5yrrmzhgg2zcsj4kdqhe
525B467884DC84005AAAB31A3D216D6F7DD728B98588D10DAD4A7575B7544211;send;pb1pr5ekk8nndfmla093q5yrrmzhgg2zcsj4kdqhe
9D37AFAE3DB1FDFEA15A5906FA0B3ACDF74F69833FC4B48B3525E31B293419DC;send;pb1pr5ekk8nndfmla093q5yrrmzhgg2zcsj4kdqhe
73056F8F362F86F8FC03D75D3D45E871D304361655DE6903CD55814C55882319;send;pb1pr5ekk8nndfmla093q5yrrmzhgg2zcsj4kdqhe
EFE0D03B11B8218AC867A71D5279BF053FCCE7BAE37069CD08D80135FC82DD15;send;pb1pr5ekk8nndfmla093q5yrrmzhgg2zcsj4kdqhe
47CF94F3F283232A4DAF853FD15C21EB0551AB7482F3D1CBF3D9F747C9098053;send;pb1pr5ekk8nndfmla093q5yrrmzhgg2zcsj4kdqhe
58B160744B0BE1E57CABDB56040AE48D8D6D98999132A95214D95D2483AF479C;send;pb1pr5ekk8nndfmla093q5yrrmzhgg2zcsj4kdqhe
71ABBC7CA5C81986F2D494B2C8DC384F43944E05D84E69375BE2B1C571452612;send;pb1pr5ekk8nndfmla093q5yrrmzhgg2zcsj4kdqhe
2243F660D0158C7905FF91849D6376D92556D7FA266375A06ADC6EC73E12C86B;send;pb1pr5ekk8nndfmla093q5yrrmzhgg2zcsj4kdqhe
29D1959256C6DA399CB80F0374C0D02554A26BCD4C7F0B33DE9D12F6A220371B;send;pb1pr5ekk8nndfmla093q5yrrmzhgg2zcsj4kdqhe
BB67C8D7D6C6E0A571EAD565BF9370748D09B2CD7059F612E69B93500C7FE7BF;send;pb1pr5ekk8nndfmla093q5yrrmzhgg2zcsj4kdqhe
FB437549E6169252CDF38925928996188A97794B2351DE412A6D60D3F4F786A7;send;pb1pr5ekk8nndfmla093q5yrrmzhgg2zcsj4kdqhe
F2C82C68A4E69E6ADFB358A095D8E6F3E480163A503C1E500C94B1B027471F63;send;pb1pr5ekk8nndfmla093q5yrrmzhgg2zcsj4kdqhe
C63593240570A4798D8C8EA5A6CD278449A905CCA5E95AF0EEF8339A8356B3D7;send;pb1pr5ekk8nndfmla093q5yrrmzhgg2zcsj4kdqhe
A622656C866E78E10F39FF6B2E75EAC531D8102001780BEE66E882112DEE91E9;send;pb1pr5ekk8nndfmla093q5yrrmzhgg2zcsj4kdqhe
B00960218A65285BBC35C9ED9ED59249B9F307B2C50E0049E5CA813A2AEBFE44;send;pb1pr5ekk8nndfmla093q5yrrmzhgg2zcsj4kdqhe
9B294F5DDDF8015A680CDC38B312B7DA9E9C0EACDB2656CA5A5D19D2CAAC31DA;send;pb1pr5ekk8nndfmla093q5yrrmzhgg2zcsj4kdqhe
24B062FD5E5CB707240927BC916132BB001D80BB570836679EB5A214AD845739;send;pb1pr5ekk8nndfmla093q5yrrmzhgg2zcsj4kdqhe
38ED9CA78C9477AD7A82C3182DA9A98BE0671C7FAC8E53794487DE79D88FAE6C;send;pb1pr5ekk8nndfmla093q5yrrmzhgg2zcsj4kdqhe
A77F0147AC41D375AE5DFBA55FAD6C4E3E57DBAA1A69B10675CBD487507AA5CE;send;pb1pr5ekk8nndfmla093q5yrrmzhgg2zcsj4kdqhe
5672548A7AFCBAB351E4E9BDC28B0EDF3C3FF0A5550D847B5298FB5092F0553E;send;pb1pr5ekk8nndfmla093q5yrrmzhgg2zcsj4kdqhe
2ADA899F3630994CA4DAF52E5BF065CA4ACD7CA2890C053642CB64637B0689E0;send;pb1pr5ekk8nndfmla093q5yrrmzhgg2zcsj4kdqhe
496D181D2EBFD297EE273A391BC94AADEC0CEB34E64DFFAC345372DC2FD1763E;send;pb1pr5ekk8nndfmla093q5yrrmzhgg2zcsj4kdqhe
05C8DD1B3056AFF01AE3E2AF7E0BA87F0D69E2B4805D98D6E99B23C52D8F1F33;send;pb1pr5ekk8nndfmla093q5yrrmzhgg2zcsj4kdqhe
105621F15F3B186D0C99D85041D9973CC640519618EE94020E0F82FB74DB81DE;send;pb1pr5ekk8nndfmla093q5yrrmzhgg2zcsj4kdqhe
0E499B9C497F2D8BD16DF46FE0BB8DD57F45FDB7E3F3353257785AA448CEB696;send;pb1pr5ekk8nndfmla093q5yrrmzhgg2zcsj4kdqhe
CC441801D5F9F147454C1D9E42A90C0D9BA42131722AD64149C99EF690E4746A;send;pb1pr5ekk8nndfmla093q5yrrmzhgg2zcsj4kdqhe
A0E04615B95EF1CBA68D4B09C442751892D8411EFE1BE22DCF3471BA48E37DB0;send;pb1pr5ekk8nndfmla093q5yrrmzhgg2zcsj4kdqhe
EAAB6DC327584BD80BE90A0D8CBE2539BEC770788372F991E8D19EA0A8606611;send;pb1pr5ekk8nndfmla093q5yrrmzhgg2zcsj4kdqhe
C294005C5B3ED4C24694F3204F44B057D43D4B4BDFFF41D5092B97D0581EDAD7;withdraw;pb1pr5ekk8nndfmla093q5yrrmzhgg2zcsj4kdqhe
8962DF05D6CA321BFDEB459010A72A5C7D2FB888AA3917B05B0DA7E1A45FEDA7;send;pb1pr5ekk8nndfmla093q5yrrmzhgg2zcsj4kdqhe
18B249AA76424A69B1CB22F5A3C078DB5E35190757345C6481357B1CFFB139E1;send;pb1pr5ekk8nndfmla093q5yrrmzhgg2zcsj4kdqhe
C50BAF0DF101B893F7D67263815B334565F1916442323FD181A1BDEF781844B3;send;pb1pr5ekk8nndfmla093q5yrrmzhgg2zcsj4kdqhe
D00DC0130663C65071236E5670B0F4AB823E8EAFBC3E655EF4D85CD949B1ECCC;send;pb1pr5ekk8nndfmla093q5yrrmzhgg2zcsj4kdqhe
6215149B03FC3CCD184D1139DDC1D654EA89B40E3A91A7833896A9248DDD512F;send;pb1pr5ekk8nndfmla093q5yrrmzhgg2zcsj4kdqhe
5FD68DC79802C2B22B4B1C0FCD35C28DE45BDFC694A061D93B107372F7CFE9BE;send;pb1pr5ekk8nndfmla093q5yrrmzhgg2zcsj4kdqhe
36ABD828730F4D3F04AD66681C49F8DE8EEF787BEB3EE197B0A770A51ECF0E15;send;pb1pr5ekk8nndfmla093q5yrrmzhgg2zcsj4kdqhe
C5F4A11279C0B4E7D8A95CD37101E19E9C624EF4985389718ED8147CE379BDE9;send;pb1pr5ekk8nndfmla093q5yrrmzhgg2zcsj4kdqhe
69BD74729966A5E75080F0571CB01B5F12854D168E325D74C850E4C8F07421F4;send;pb1pr5ekk8nndfmla093q5yrrmzhgg2zcsj4kdqhe
8AD071D35C1D1ADB94CB5D8DC5FB43FC5BC62360AFFFC3F794A0A9909F726FCD;send;pb1pr5ekk8nndfmla093q5yrrmzhgg2zcsj4kdqhe
F1FB56E82B5E3A31C0D0D1DE7BDBA5B370E8557F779963B161EB91AC948C9C49;send;pb1pr5ekk8nndfmla093q5yrrmzhgg2zcsj4kdqhe
7C514C24866CC75F0ADAD11A9925EBA2B03397C11C9442C18A49BBCECD2AF6B2;send;pb1pr5ekk8nndfmla093q5yrrmzhgg2zcsj4kdqhe
3131A712AECBD4B8CDE0F3E07146024B86C87882F888CEE826734CA20CC21D0E;send;pb1pr5ekk8nndfmla093q5yrrmzhgg2zcsj4kdqhe
5950C17B29D1282D91026B55943DDCAC8C4CDDE5A0BE4DAFFC57EB5CA036B6F3;send;pb1pr5ekk8nndfmla093q5yrrmzhgg2zcsj4kdqhe
79C9A0E3B35ECFB279FD43260AD5EDC990E401C6C51F92AB8F5BA0CB40C7CDDB;send;pb1pr5ekk8nndfmla093q5yrrmzhgg2zcsj4kdqhe
D1F7AF45DAF8586E56B042898F0F9580EAFDF832449343F5288D4DBB8FA482F8;send;pb1pr5ekk8nndfmla093q5yrrmzhgg2zcsj4kdqhe
CFFCE49C59F4E419E5A5DDE2C1A95989C7739700EE6CA8BCE115E2361227DDF4;send;pb1pr5ekk8nndfmla093q5yrrmzhgg2zcsj4kdqhe
D9CF97A44366DE6A211B7446FF95D8BE1813B63C330F3C9B16FC12969EDE6D12;send;pb1pr5ekk8nndfmla093q5yrrmzhgg2zcsj4kdqhe
08CC6229251B0D11AD42A6C9442240E4CBBA92B75EC1C92EDD2F3045CAB13E00;send;pb1pr5ekk8nndfmla093q5yrrmzhgg2zcsj4kdqhe
842F8B1BE44CE25A54602D55DB091729CD60CBA54A2E2822CEA2A3726E9275BA;send;pb1pr5ekk8nndfmla093q5yrrmzhgg2zcsj4kdqhe
38865AA9C9C2B5F91FB4911CAC6AC397D0A75C6E497E93BBFBB521B856546E16;send;pb1pr5ekk8nndfmla093q5yrrmzhgg2zcsj4kdqhe
4D1E38E7CFA53971E7D5983613C2D599024D76FFDF80468916E73756A37F58A9;send;pb1pr5ekk8nndfmla093q5yrrmzhgg2zcsj4kdqhe
FCBB661631DB45D585445109B63914D63D3B1916B4BB7622780CE947983C23B8;send;pb1pr5ekk8nndfmla093q5yrrmzhgg2zcsj4kdqhe
EEA2EDDD0E138D96E2EF30723582736E23E7A80062FF23C84B16B2A97C15CB1F;send;pb1pr5ekk8nndfmla093q5yrrmzhgg2zcsj4kdqhe
6DE7DA4F8FFABB9A2B597908ED039CF7412D8A19C7EEFEEF43C378FC68407AC4;send;pb1pr5ekk8nndfmla093q5yrrmzhgg2zcsj4kdqhe
17E4F5CE7329FF5EBBD3435D7F91A57E3BDC85BFD01E4B89986DF33E3554CDB1;send;pb1pr5ekk8nndfmla093q5yrrmzhgg2zcsj4kdqhe
6B38FFB8560CBE35BA485DD51345A56C16F83EA04FBBA6580AC4BD00795E6F68;send;pb1pr5ekk8nndfmla093q5yrrmzhgg2zcsj4kdqhe
4EB1E1D40CDB0AF981363B4209475351021186300CD317928CAF6946FBCD852F;send;pb1pr5ekk8nndfmla093q5yrrmzhgg2zcsj4kdqhe
167ED9AB6E353A00C6C73F71CF8E7A1530E073A3160A2CA5BD2B401C9DEFAB4B;send;pb1pr5ekk8nndfmla093q5yrrmzhgg2zcsj4kdqhe
AAF70CD7C6EB0C1667C025CEC4A261F97813EF0D886E5CE162030A5E30472FC3;send;pb1pr5ekk8nndfmla093q5yrrmzhgg2zcsj4kdqhe
6BE39FEC37989BA548FB078F06BD905BFBF5D701EE0E3F69118A307A23CD5FC8;send;pb1pr5ekk8nndfmla093q5yrrmzhgg2zcsj4kdqhe
C67A597EEBD2C61FAD183768531AF6736ECD6728F356DC4B951731C2FFE71C2C;send;pb1pr5ekk8nndfmla093q5yrrmzhgg2zcsj4kdqhe
4125FB19F74561B289496C69E62B3574F9879C1952956CC573AEE4FD9A68A3FA;send;pb1pr5ekk8nndfmla093q5yrrmzhgg2zcsj4kdqhe
0C402A128000C0B83CB623019FBA585830957B7BDB2417CCF6BDE834B5A506F6;send;pb1pr5ekk8nndfmla093q5yrrmzhgg2zcsj4kdqhe
AD2C2BBF66F7C5872E76F5F283F17A30F95F8DE9834A0B2CEAD74C0DA1927B14;send;pb1pr5ekk8nndfmla093q5yrrmzhgg2zcsj4kdqhe
495DFFE776A9E3540B3BE5BF7F0D804DF45E11774A5742FAF7E6D3DD12246945;send;pb1pr5ekk8nndfmla093q5yrrmzhgg2zcsj4kdqhe
31D6C30DE504E4D76CC091B5E3D206B7C220BBDAAA3DF19C1BEB76BCE2814696;send;pb1pr5ekk8nndfmla093q5yrrmzhgg2zcsj4kdqhe
898B5F2A2AB6F2BF02D1DD4273A63AE4D9776FEE0AC48CC3914204E9C9EC1ECF;send;pb1pr5ekk8nndfmla093q5yrrmzhgg2zcsj4kdqhe
2947282DC3C540F2D47E62EC2AE8634699453FE3814345A4C9762D276DCD5DBD;send;pb1pr5ekk8nndfmla093q5yrrmzhgg2zcsj4kdqhe
4AF6CAA9F90795D53A089BCB63998F2294185C26EDFF4AE54470810777E7B8AC;send;pb1pr5ekk8nndfmla093q5yrrmzhgg2zcsj4kdqhe
B012D0653C438F0743EC8BBA7451F4AA4D946FA2A8795D7D652C4ADADBFC9B1B;send;pb1pr5ekk8nndfmla093q5yrrmzhgg2zcsj4kdqhe
AEB8B1F26877B5FBF288D65979B13A5AAB20B5FE3FF0CB8273861B059CA365D9;send;pb1pr5ekk8nndfmla093q5yrrmzhgg2zcsj4kdqhe
EBF651AC64FAA74AFD4D76B2363901E985E04CA3FE65DD48F09C424172710875;send;pb1pr5ekk8nndfmla093q5yrrmzhgg2zcsj4kdqhe
42654667EB46B73C089E1A9465B97A4C9430C7BD3BECEF64B753E7AC115ACFB3;send;pb1pr5ekk8nndfmla093q5yrrmzhgg2zcsj4kdqhe
F1BB283207C6698CC4180D9EB823A8BA97A237FD486230179464DCE13935C7C2;send;pb1pr5ekk8nndfmla093q5yrrmzhgg2zcsj4kdqhe
46FCA328532CCC2583ADF6741731517969A77237A76211019AA1B4C3CFB011FD;send;pb1pr5ekk8nndfmla093q5yrrmzhgg2zcsj4kdqhe
E6F1501527A27B0175FED9CC98BA2FC6C204A306845C5D252224797D1B63998E;send;pb1pr5ekk8nndfmla093q5yrrmzhgg2zcsj4kdqhe
EC64D13A153DDC2DC037547A083B4FAE3C22F9CB952DBFCCC6334CD217C5CD30;send;pb1pr5ekk8nndfmla093q5yrrmzhgg2zcsj4kdqhe
4768EB832642F44DFF066E26DC60A3E897F4E7AE522303EB533664D53AB500AB;send;pb1pr5ekk8nndfmla093q5yrrmzhgg2zcsj4kdqhe
1FC07781DE7206A75618C32D49157858B7136D99D72AFE769CCA1116EEE19D27;send;pb1pr5ekk8nndfmla093q5yrrmzhgg2zcsj4kdqhe
76069D073CDD50C56116F1ABA6078CAC83523EDCB1B61F8056079D7887B88E59;send;pb1pr5ekk8nndfmla093q5yrrmzhgg2zcsj4kdqhe
8449D4409F1B9272FE933B39D101D63FA9CCAFDA605C7E8E92BCB1568518704D;send;pb1pr5ekk8nndfmla093q5yrrmzhgg2zcsj4kdqhe
142521483BC9B40CB775DBD56E926BD63FBD60385029DC6AE5FB5DCFA6684057;send;pb1pr5ekk8nndfmla093q5yrrmzhgg2zcsj4kdqhe
E8674F79FE0F203B05DB3300F34EA89C0A655C16F20DD705E5FEBBD6404831B5;send;pb1pr5ekk8nndfmla093q5yrrmzhgg2zcsj4kdqhe
55F03615D224A9547319295DE04E12AFC231C57D4905E30CAA17561E78E5910A;send;pb1pr5ekk8nndfmla093q5yrrmzhgg2zcsj4kdqhe
DF834E251FE1BB65B7EAB2CD0A4AADFBDC354C304907BA7F64B08E7D247F8A75;send;pb1pr5ekk8nndfmla093q5yrrmzhgg2zcsj4kdqhe
863BCE14DBBE45855663DE37833B234D4E3511E7704CC9878376BEAF399CBDB4;send;pb1pr5ekk8nndfmla093q5yrrmzhgg2zcsj4kdqhe
7D8AD2EC533F991DA9B72E61C2C76F29E294410738BB36B6AE3F519FDB59280E;send;pb1pr5ekk8nndfmla093q5yrrmzhgg2zcsj4kdqhe
C79C2DE0E6A56BA7C8542C92CA89EE3A63345B4059944A39529C9279BCE44EBD;write_session;pb1xvd4k9jg5h0d4dhzr4z0txtwe9p5zxf58xcmxd
C16406969EB57762768DE27B6E24B7C3CCC14B48208B88D80833AE42CE0F9473;write_session;pb1xvd4k9jg5h0d4dhzr4z0txtwe9p5zxf58xcmxd
C09A606F8AB3D23307687B8E5548EA2E47B5D3C43CEF878653D61CA3D9AE5DC6;send;pb1pr5ekk8nndfmla093q5yrrmzhgg2zcsj4kdqhe
27E9DF00CCE1AEC24762230BEAC169207E7B62059C9B1F73A7B3210FBBA48A61;send;pb1pr5ekk8nndfmla093q5yrrmzhgg2zcsj4kdqhe
5236912E374FCC1C7A661EB328A68BEA2923582443AAFE76F39F7AAE02C65D31;send;pb1pr5ekk8nndfmla093q5yrrmzhgg2zcsj4kdqhe
9AC3AD62EE487DF00BA44B3A482D28842D04FF05D96F821968A122AF0F20FF0E;send;pb1pr5ekk8nndfmla093q5yrrmzhgg2zcsj4kdqhe
8E8A1B58223F0BD76727E60F2B6569A35BE777B690805C91AAB764AC891B2FB1;send;pb1pr5ekk8nndfmla093q5yrrmzhgg2zcsj4kdqhe
1A711657C35463C9908719AA3FA10EC2E0A8C7435DEA7EF1DD472D9F311B1253;send;pb1pr5ekk8nndfmla093q5yrrmzhgg2zcsj4kdqhe
97518345B66DCC56E538D4BCDB7E2BD34EF57D5B3B3F2AAD4C7D007D45E4C17A;send;pb1pr5ekk8nndfmla093q5yrrmzhgg2zcsj4kdqhe
904C02CC5AF0F5D0DC9A47A3A309977077503F9E9BC06D1D2D27D983C7800860;send;pb1pr5ekk8nndfmla093q5yrrmzhgg2zcsj4kdqhe
499852F9C99ECEC175A094B7AB17B8D45DAE0B3299E8B4C4E2636F096999D5E9;send;pb1pr5ekk8nndfmla093q5yrrmzhgg2zcsj4kdqhe
E18E4EA5E525ABF8AECC93C0C894EF0500934A3D9899000658ACC85CB228F1C6;send;pb1pr5ekk8nndfmla093q5yrrmzhgg2zcsj4kdqhe
74C42745ED73BDA078D2E6B3AAE780585F58FF7253C144E232BFAE3D596FEB99;send;pb1pr5ekk8nndfmla093q5yrrmzhgg2zcsj4kdqhe
5CBE2CE601EFB0372FFAA8DDDAA6BCC18060DE3DFA2BDA6D21BCCC8CD631063E;send;pb1pr5ekk8nndfmla093q5yrrmzhgg2zcsj4kdqhe
E292D2B5CB964A5505F01F0BDCFD4F7604AAB1F01DAF6E9770A1DCAD2E1B1BF4;send;pb1pr5ekk8nndfmla093q5yrrmzhgg2zcsj4kdqhe
D532642A967AA381819BACE496CE0BE19DE51BCBBA7E4F8899AF8CA24A275BC3;send;pb1pr5ekk8nndfmla093q5yrrmzhgg2zcsj4kdqhe
EEEF2E13640EA951F4E86402AD42F8D2DBF3C43FA1F0C0A02AC07CCF29F3E7F3;send;pb1pr5ekk8nndfmla093q5yrrmzhgg2zcsj4kdqhe
2DC85A6ADE70298102BFA39BA0F67C7046700FF9C9771FD020A719E7462E6BD4;send;pb1pr5ekk8nndfmla093q5yrrmzhgg2zcsj4kdqhe
16BE1C6B5AAFABFDCCDCC4A9F02656088BC2C8E998D435A03415718F40D172EE;send;pb1pr5ekk8nndfmla093q5yrrmzhgg2zcsj4kdqhe
8521E8B8A7C9B49671CD7A31C3AA11C0A0C32651D049998C45FA2C2C43069751;send;pb1pr5ekk8nndfmla093q5yrrmzhgg2zcsj4kdqhe
F193DF8CE59FA4E2AAFE4971D6B300ECBD7E400115C9F13BAC09EDF9A4459629;send;pb1pr5ekk8nndfmla093q5yrrmzhgg2zcsj4kdqhe
727C85817EAB71262A9599432E67EDBA0CBFFBFA5AD2A94132749C15449AB7F2;send;pb1pr5ekk8nndfmla093q5yrrmzhgg2zcsj4kdqhe
E67EAF50A9C792FB4366517C85584493649202FD9B319FA9C6B9ECED0B799439;write_scope;pb1xvd4k9jg5h0d4dhzr4z0txtwe9p5zxf58xcmxd
177BBD7E1A7DC788E023D96CB863CDCDBD5C2C84A4FB7CB012DE841FAEB750DB;send;pb1pr5ekk8nndfmla093q5yrrmzhgg2zcsj4kdqhe
953C4C0C4F998ED3F04C896DCF0DC1C63C84C4FD7506E9FB7830F89758C61459;send;pb1pr5ekk8nndfmla093q5yrrmzhgg2zcsj4kdqhe
773F9D1F1AB37C1C0DAEC26597AA72B60532C15C8BD6941E78076194FA6DA37B;send;pb13dfvqt7zyp69z3el72qsu6z3f0egh9xfng9jvt
37916474DF971003C817F7748D77A98253C2219B8B19A7E9C0E6AA4B3E99776E;write_scope;pb1xvd4k9jg5h0d4dhzr4z0txtwe9p5zxf58xcmxd
0E2C8875D368AFA8D8B40F9B66A78B9216C2822816CE1A723D25F3597D944667;send;pb1pr5ekk8nndfmla093q5yrrmzhgg2zcsj4kdqhe
42178CDBDDAB7489DEA60C5654F00C6F649F7366B08E40B499CF886049E1A94F;send;pb1pr5ekk8nndfmla093q5yrrmzhgg2zcsj4kdqhe
BB4CCE44E53674325A071BE9781F39629A54046D8E9120D720F3BBDE8ABF0234;send;pb1pr5ekk8nndfmla093q5yrrmzhgg2zcsj4kdqhe
8806D17CDC655A8C6207EE34CE32791E3A684FD45793E7517241815420E343CF;send;pb1pr5ekk8nndfmla093q5yrrmzhgg2zcsj4kdqhe
B7E46B8F024D4ED68DAA5FD9D21F97201A2FE652E1CBBBAD282DF2FFE9765514;send;pb1pr5ekk8nndfmla093q5yrrmzhgg2zcsj4kdqhe
F531AD1C117F40D5256980AEF99753355A5611A96A4A9F6A52BFAB65CE45A80E;send;pb1pr5ekk8nndfmla093q5yrrmzhgg2zcsj4kdqhe
3B9C639DA886B307E2550559D00ECD268E644C34CA7AD3D4D7834867B6C15871;send;pb1pr5ekk8nndfmla093q5yrrmzhgg2zcsj4kdqhe
F42E33184EF20B056DFDB412489A28CBCFE52678EDE8292F74BF81D679BDD381;send;pb13dfvqt7zyp69z3el72qsu6z3f0egh9xfng9jvt
85604A74663FF86024811F4A3C545EC6DE3C3E123994E7E5D919D98B0CDAF6AA;send;pb1pr5ekk8nndfmla093q5yrrmzhgg2zcsj4kdqhe
F2D87DBFFBF10CBFBEBA8F0BA80386BEBADBE6A53FB6D8C714BCFFA474E7C7D5;send;pb1pr5ekk8nndfmla093q5yrrmzhgg2zcsj4kdqhe
00A1E71590E7B26B54D70C1DAEB5265A6790EEC9C1C5B27F138F81EE994006B1;send;pb1pr5ekk8nndfmla093q5yrrmzhgg2zcsj4kdqhe
7B2BCB476A89E0A195A4FA2AD1A65882B9378C6A13036D09F0AA29EDAC76AA69;send;pb1pr5ekk8nndfmla093q5yrrmzhgg2zcsj4kdqhe
5CF202FF0D3D6A557791EC96C34E2AE1CF45E6C98CA2BE2AF89EBCBB2641D7C2;send;pb1pr5ekk8nndfmla093q5yrrmzhgg2zcsj4kdqhe
8700C4EA2846954C3D39A6C37A609469592ECAB3E97498482973CFBF4185D96E;write_scope;pb1xzl9wgh0ry2dma43f58vmuteqd3996j6mhqhgz
97D5EBDDF720128AE97DA1AB9A73A959B4250F776EE81B749AEB920F75894AA0;undelegate;pb1cfryzd7y0us6km8jct5zh20uc5uw05u8e3tqcx
B07B19CBD36929746335D5DC2E5943E8A97224107EB50772271E3CA681C18B86;send;pb1pr5ekk8nndfmla093q5yrrmzhgg2zcsj4kdqhe
C6B1FBBEE645CC4E609CF466CC8F58C7695CFF2CAA81B3890F6D615CBECE67FA;send;pb1pr5ekk8nndfmla093q5yrrmzhgg2zcsj4kdqhe
5408E1700E65D07533BADF27F447D3907A00A40B4D58CF066E2C3BA2157AAA22;send;pb1ue8c6wvts6dmshrqf0f7jlrzss90fswf6rrsek
5BF1AF4589E00220D194FCD5C96A930D84C58AD800AE8F0BF2637ED8A3E2A88D;send;pb1pr5ekk8nndfmla093q5yrrmzhgg2zcsj4kdqhe
6E7712EC32D89CECB84F26D734B0E818ADB74A23A36856E86EF4530374633CD0;send;pb1pr5ekk8nndfmla093q5yrrmzhgg2zcsj4kdqhe
9AA4751BB0FAEB78B73803415FC5DC5B078AD4ED1FE65A31BCECC5927D3E7170;mint;pb13p3fe2ydk7p6q9th5gl5ha4vmnz3ztpheqmkvz
E71757E60548E7172CD241DF087FD383321805201272732EF62EACA0459802A4;send;pb1pr5ekk8nndfmla093q5yrrmzhgg2zcsj4kdqhe
9E691AD578DBB1D364FFF44E0CBDFE15CBD7853E0C0C691D00BA8A5C6B2EF367;send;pb1pr5ekk8nndfmla093q5yrrmzhgg2zcsj4kdqhe
DE1FD3F9400B7A70E7CC6779EF6EEE575CAD4159B2DA357013C9E7579345F285;send;pb1pr5ekk8nndfmla093q5yrrmzhgg2zcsj4kdqhe
625C37926BC8CAE496E773DC2F171DDED4CEB874EF2DD3A8096C000205BD1A90;withdraw;pb13p3fe2ydk7p6q9th5gl5ha4vmnz3ztpheqmkvz
2B934B8A50A151CA1DBD9F04E7539D54503E16750115E490EF4F309360F1BC5C;send;pb1pr5ekk8nndfmla093q5yrrmzhgg2zcsj4kdqhe
073262D643855AA5411452C09B1749FEA1777A0041EB01AD7CDD423A3E8141DE;add_marker;pb1zsherr3eat6gvq9ptg3m0n3dj33xf2mwevk3ca
B8B90200C58665479CF9A11B8448228E40434841D241B67B66221AF96FF675FD;withdraw;pb1zsherr3eat6gvq9ptg3m0n3dj33xf2mwevk3ca
887522DC77860A8184D6F5C23B4991F885BAD5FE7BC88FEAD9283A7C5BA09103;send;pb1pr5ekk8nndfmla093q5yrrmzhgg2zcsj4kdqhe
EDA09B3B09D65CC5D55AE6BD9B456E306BE3AFB658C195BA0BFDED73DDC49922;send;pb1pr5ekk8nndfmla093q5yrrmzhgg2zcsj4kdqhe
1E468D3671E7EEDBF501FD5AE7F83BD4A49E4A7B85E02132F6407DF466A2F282;mint;pb13p3fe2ydk7p6q9th5gl5ha4vmnz3ztpheqmkvz
D5D906FF86A00D9686FE0589D956173DF5DE04987599CD42CBB6E80A26C3EC3F;withdraw;pb13p3fe2ydk7p6q9th5gl5ha4vmnz3ztpheqmkvz
CFC4970CF24D3301C98799C043E9FA66ECCA7603A7286A138276910DCF4024D1;write_session;pb1xvd4k9jg5h0d4dhzr4z0txtwe9p5zxf58xcmxd
37EF16F7677ADA7E283CE76359270DDB9AEF229C7D6C2C99B69D9EA5E3797B0C;send;pb1pr5ekk8nndfmla093q5yrrmzhgg2zcsj4kdqhe
4686FC9468B9004DEE1E6EDFC80F59FA801144B7E34D87A9BC38CE974F8C45E3;write_session;pb1xvd4k9jg5h0d4dhzr4z0txtwe9p5zxf58xcmxd
A3FC4EE2B1DAB75CDA81359F718D0DB8362B7287442969C97D2AA075C9415771;send;pb1pr5ekk8nndfmla093q5yrrmzhgg2zcsj4kdqhe
7036C502D964D628BF5900E8B1BFCD4DAE2076A8458FEC0BD2744F9435C3A860;send;pb1pr5ekk8nndfmla093q5yrrmzhgg2zcsj4kdqhe
64E3E080C330CBEA0F5D07EAC53A6ED30511C85090C93B32A74C1DB5A45EE490;send;pb1pr5ekk8nndfmla093q5yrrmzhgg2zcsj4kdqhe
25A8D6539B59ABDADAC3489238FB3233B3ED3C883C69401E1816FD85745F73D8;send;pb1pr5ekk8nndfmla093q5yrrmzhgg2zcsj4kdqhe
0A5A1D0EE1B0ED301BE2ACFB2A02A18495CF4EE07C9095AD75DB1F6C8CBC5CA5;grant_allowance;pb1pr5ekk8nndfmla093q5yrrmzhgg2zcsj4kdqhe
A695C388D7CAE188CDEFCF81712230F7854F50D382ECC6879C1BD63EE5C01E37;send;pb1pr5ekk8nndfmla093q5yrrmzhgg2zcsj4kdqhe
D30687DB531BA57E468F030D5E82009CD9A0F36300AB79A7E5C5C88662426B36;send;pb1pr5ekk8nndfmla093q5yrrmzhgg2zcsj4kdqhe
98A215060AB4477B7FD8F9D094D5EE1F11E5EE09C4454456598E7209AD0722A7;send;pb1tah4pmnkuutr4aghq4rqpdjk9qyqsvt43f02qt
9FFADEA52961C674E35DAA07D83C8CED799987CF55491C0D381062DE40C259D6;ibc_transfer;pb1cllqtg92pd2482zw9rr24uyfa4aldtl8r5v500
32BA898B5A6ABF937B1CF50B95F5D99FDA8CF0FC613D5D1DF34B15712AF84EE1;update_client;pb19kzuzfmmy9wjr3cl0ss8wjzjup9g49hq0xwu8c
282C4712FFC4A8BADB17542D7621A895E2631883E88850B003550BCA58A49896;send;pb1pr5ekk8nndfmla093q5yrrmzhgg2zcsj4kdqhe
0CAB7E11C402DAF26C13D948B5433C576EB0C4E1DD74B2C853B76B2E9ED2FCD3;send;pb1pr5ekk8nndfmla093q5yrrmzhgg2zcsj4kdqhe
955E6FD0FB75138A8BFF7FB3AB9D45158A28CB0B76D03815380DC17161C04D72;write_scope;pb1g7n9qcd7zzpafv0zx8u6gdqvj34aalqapygrks
69021BBE050DF66A0869841B79F8D1164EE346D0BC7353D01DAE7774D4FF0D9E;send;pb1pr5ekk8nndfmla093q5yrrmzhgg2zcsj4kdqhe
E65DBD80C2B4950446C214E21E30FB9BD7A23524B244C04A1A01423EEE81749E;send;pb1pr5ekk8nndfmla093q5yrrmzhgg2zcsj4kdqhe
921389884C0C94DE8154C3945204C0FAB0E5172A58728AAEC72250701FBB477D;send;pb1pr5ekk8nndfmla093q5yrrmzhgg2zcsj4kdqhe
330C01C73B80B5727265324BDF4285383D11462A92A4923DDEB45368108F58AF;send;pb1pg7gy8nnkuxdzz8dypt5vapkz92cl8lax7qjvg
402697D7ABF92702C836DE24C5DCAAC9E6B27A95822FEBE00F4B6995D985DCA2;send;pb1pr5ekk8nndfmla093q5yrrmzhgg2zcsj4kdqhe
5B4694A9CEA1B653CE80590782D40845D29348235DE12477E970002C4E594F9C;send;pb1pr5ekk8nndfmla093q5yrrmzhgg2zcsj4kdqhe
3A2637139D57009DC72CCEDF044B923D180021E6678F4527CC22CB266CCDF192;send;pb1pr5ekk8nndfmla093q5yrrmzhgg2zcsj4kdqhe
928A19ED3233ACA177474CDBA29155756CDFBE4C0D7B38A7DD3F4248A38EFFC0;send;pb1pr5ekk8nndfmla093q5yrrmzhgg2zcsj4kdqhe
E92D340079C888BD0787D8B28DE192E0B037A0885F01BBEE33610515FCC97E1C;send;pb1pr5ekk8nndfmla093q5yrrmzhgg2zcsj4kdqhe
E4E1E6386BA2C5B1F45C7A587B521F4A561BBF41D2763123EDE0BF5DC271FAE9;send;pb1pr5ekk8nndfmla093q5yrrmzhgg2zcsj4kdqhe
E29B5027990F6ADCBF5AF9B46A73CFA83C25829F1B8B6434FDA6219CE6281B3A;send;pb1pr5ekk8nndfmla093q5yrrmzhgg2zcsj4kdqhe
C5CB54ECF105AC060FDD96F71D0ECA142040290DE2AA881AD3A2B89F56A39113;send;pb1pr5ekk8nndfmla093q5yrrmzhgg2zcsj4kdqhe
EA1B15C1CE55549F210627E1D1475B72F79A304C412A6D6ABDCD443FF0255856;write_scope;pb1xzl9wgh0ry2dma43f58vmuteqd3996j6mhqhgz
086830BBC0300ED904BE5E3060B3E93281C85974113691563025B11F8EB86312;send;pb1pr5ekk8nndfmla093q5yrrmzhgg2zcsj4kdqhe
A3473670A20FEA5F9379F705A41D32576E7F361F04244DA91755D827656C9EFC;send;pb1pr5ekk8nndfmla093q5yrrmzhgg2zcsj4kdqhe
A2FE2CB84FFBB5988F554C990F5885A729A676B786A52C6790C933BBDB092AEB;send;pb1pr5ekk8nndfmla093q5yrrmzhgg2zcsj4kdqhe
B64355A8C749D6ECB3A83965514C4C4EEB15781B8CB75099FD3E64FDAEB39F90;send;pb1pr5ekk8nndfmla093q5yrrmzhgg2zcsj4kdqhe
1D3E79285AC9DF2276E387A230BA664A4D2FA8742085BDFBB32B10D1EAB5A0F0;send;pb1pr5ekk8nndfmla093q5yrrmzhgg2zcsj4kdqhe
DCDAEDE7064A63B84A92494C49300685E45E064E1CCDE2EB2E571144D72757C5;grant_allowance;pb1pr5ekk8nndfmla093q5yrrmzhgg2zcsj4kdqhe
CD3198E6CD229B7CFFA5F83E675DB9CF0A1B4B31590510AE174D3029957CCEE6;send;pb1ue8c6wvts6dmshrqf0f7jlrzss90fswf6rrsek
2ECDFFD3182F65268601BC5949B08FB8F2B6CF3EA0B9825AA8011B3C69E8C6B1;send;pb1pr5ekk8nndfmla093q5yrrmzhgg2zcsj4kdqhe
F37DFE31836EF8A8C5A706125B3CA3B295502E041EA5898A1D54D7369562060D;send;pb1pr5ekk8nndfmla093q5yrrmzhgg2zcsj4kdqhe
597654FB48B0F2FA522F0E703BE5DA14B4C7D1E033E33103098296977F0171FA;send;pb1pr5ekk8nndfmla093q5yrrmzhgg2zcsj4kdqhe
8487797E16203C3A5847C4570E19FA0B4BACB78409705BF0887EBEB1A9BB8365;send;pb1pr5ekk8nndfmla093q5yrrmzhgg2zcsj4kdqhe
87D1AD9B23F7C6D656226ABDDCEA6B31E9617EC8AFBAC3FB43C73DA899AE746A;send;pb1pr5ekk8nndfmla093q5yrrmzhgg2zcsj4kdqhe
0D61A0D245722C3E6DC5B9AD4A2B7FDE5E8D8BD8BF47197D46B11BC84B10D026;send;pb1pr5ekk8nndfmla093q5yrrmzhgg2zcsj4kdqhe
63A886B33A88F1577D1B02114DB72D59A7A0666304CF902106F36769F66E540B;send;pb1pr5ekk8nndfmla093q5yrrmzhgg2zcsj4kdqhe
07C9955B5C609CC1D1E98CC5B2DA112FE5CBCAC5D6298C56A6E115B78A71FCE6;send;pb1pr5ekk8nndfmla093q5yrrmzhgg2zcsj4kdqhe
16083FD67D5A8FA555509AED5C91F4599A9493377F8F090E68DB3711FC317529;write_scope;pb1xvd4k9jg5h0d4dhzr4z0txtwe9p5zxf58xcmxd
15D91B012A0F1F2A1F65FB1A87AAC1D9F2F940B041ACAB36CA5FC8228576AA98;send;pb1pr5ekk8nndfmla093q5yrrmzhgg2zcsj4kdqhe
2A54E4E08E685C0F0077B42268CC4270ED3FA5146043570D1502B72DDEA85C55;send;pb13dfvqt7zyp69z3el72qsu6z3f0egh9xfng9jvt
437967F0FD27A161B1B2C341AB055670BC9E78EDD290450F64A8BCC111FFF235;send;pb1pr5ekk8nndfmla093q5yrrmzhgg2zcsj4kdqhe
5A976DCE3AF5741922A9F3BE93B216F9620BAB50DFEFFC6F5013D09201F3CBA8;send;pb1pr5ekk8nndfmla093q5yrrmzhgg2zcsj4kdqhe
906F85DA23AB5B17916F10EA0B3D75C95F43C77C8E22E530DD4264CFBD2EAD66;send;pb1pr5ekk8nndfmla093q5yrrmzhgg2zcsj4kdqhe
C0E4BDB82F4917A41CD8FB21EFB7F579421FCFF51399DEF99406AA7C8B9D9CCE;send;pb1pr5ekk8nndfmla093q5yrrmzhgg2zcsj4kdqhe
C8D2E052FA94D2B5BFA7C6FF904FCBD5BC7C8C103D99D2B3DBA839C0DB2CAFCB;write_scope;pb1xvd4k9jg5h0d4dhzr4z0txtwe9p5zxf58xcmxd
540A98928E4D5F3D1ACD9E9946E95E28473B9FB547CE94A52CD0478BDE71AD43;send;pb1pr5ekk8nndfmla093q5yrrmzhgg2zcsj4kdqhe
53D7F8BB0B7C2C6BF224174FB26E140386F16760749A67D438232AA9683D568E;write_scope;pb1xvd4k9jg5h0d4dhzr4z0txtwe9p5zxf58xcmxd
