4A3CA0C26BEFEFD7E43E30E30F89177EB8F4663081BC2789E1718A3D99F35DBA;grant_allowance;pb1pr5ekk8nndfmla093q5yrrmzhgg2zcsj4kdqhe
D4E6518CC6E6BE9F9F298431EAEFA11DC5C891AA24203CCED3172240D6B1A071;send;pb1pr5ekk8nndfmla093q5yrrmzhgg2zcsj4kdqhe
CD12C2339EAEA5956AD5FD2AF21F8ECBD36E4020042DCF9CDA8873FA68D0DD02;send;pb1pr5ekk8nndfmla093q5yrrmzhgg2zcsj4kdqhe
5DAF63BD61A808FAC3CD22DD13B030026B2E26656B51352E6CB9DA7F7E891A33;send;pb1pr5ekk8nndfmla093q5yrrmzhgg2zcsj4kdqhe
0FD22CBB11188C4615506137C39BAB908B37E4B9DB8822DD3D3C8588E0BD4D64;send;pb1pr5ekk8nndfmla093q5yrrmzhgg2zcsj4kdqhe
B725A08B87A8D23B7175EA1C507D32D62F9A56FAC538669850B93F999DA3B198;send;pb1pr5ekk8nndfmla093q5yrrmzhgg2zcsj4kdqhe
3EB7BC2611E226A666E95089DB1BC1518EF01469BBC1AF8390D0CC6B7A0D3BE0;send;pb1pr5ekk8nndfmla093q5yrrmzhgg2zcsj4kdqhe
3FFCEB536D89B9CB2C986430B2583B766C16CBDC9CB8D6622D34D35EF0BC3CF5;send;pb1pr5ekk8nndfmla093q5yrrmzhgg2zcsj4kdqhe
40D29CF167B0D596294E697DC612B63845AE09C2884B0E23EB29F3E3624372C9;send;pb1pr5ekk8nndfmla093q5yrrmzhgg2zcsj4kdqhe
83413D360DBE2A655B0C0D183A0E005C7AC097199D34ADF6549DBE29B61D3CF4;send;pb1pr5ekk8nndfmla093q5yrrmzhgg2zcsj4kdqhe
B5FF29AAE374DE83D0ECE7F4922B5A75CED650A169D32B56EFE5B376C5734B36;send;pb1pr5ekk8nndfmla093q5yrrmzhgg2zcsj4kdqhe
D2B658D95D8C79B54E5A50F809B3B027D2AC60F3CEF5CE7D02725A9CC541EC38;send;pb1pr5ekk8nndfmla093q5yrrmzhgg2zcsj4kdqhe
D0C6A41704303F81EA8D6594378F6D25A147F1349CB6934EA10AAD8F15C9E28B;send;pb1pr5ekk8nndfmla093q5yrrmzhgg2zcsj4kdqhe
3BDC479DD8C22296B0860D3BB43D8A9F7D04990D96D67099CC0185C8C1106F15;send;pb1pr5ekk8nndfmla093q5yrrmzhgg2zcsj4kdqhe
F67D5CC427233A10D958095513A0CEA5F870924B5351BFC08060B00E9EBDB9CA;send;pb1pr5ekk8nndfmla093q5yrrmzhgg2zcsj4kdqhe
9EA2CC4932597DEE5D316613CB8F32B57A3593DAFA57E28165CD10013085B426;send;pb1zsherr3eat6gvq9ptg3m0n3dj33xf2mwevk3ca
151119AFDA0175350B998D3B82BA32075CB37A5CC1F4F598069B02D48E29A985;grant;pb10yc7pqdk8fn65mfma87cgcxylx9el0zmcz876k
26718775984AFAA00210592FF2D75DA1C107B197950E12370E1A458A9890014F;send;pb1pr5ekk8nndfmla093q5yrrmzhgg2zcsj4kdqhe
1D937BDF70C5D8C2400721E234B8038CC57E5FAA944FFDEF8EB56CEA0A3579D7;send;pb1pr5ekk8nndfmla093q5yrrmzhgg2zcsj4kdqhe
20582F4A0446053D6834078DEB19A9D714716814C79C27F8D5B5E31DF6CC9865;write_session;pb1xvd4k9jg5h0d4dhzr4z0txtwe9p5zxf58xcmxd
F3B58015E523443B8CA635142445121A6372828957B84F3B83C9E57C308AF208;write_session;pb1xvd4k9jg5h0d4dhzr4z0txtwe9p5zxf58xcmxd
3BAAD4763335A7C47015CB16BFAD8C219F410121204F54A44ABB6ACAF7ED1D4A;send;pb1pr5ekk8nndfmla093q5yrrmzhgg2zcsj4kdqhe
00BF8E944C7252C82177D7485C563C0D648DF00AE0F75531681BCBCD58E38BE3;write_session;pb1xzl9wgh0ry2dma43f58vmuteqd3996j6mhqhgz
36B5C0BC45D28BB803B75CC67F9EA90B2BB0771AD256334F05F2ABAEDC1EC1AF;write_session;pb1g7n9qcd7zzpafv0zx8u6gdqvj34aalqapygrks
5ED747E72026E3E220B06065627356CED4CF5EDB00E8A7CA887A866180CB5ACF;write_session;pb1xvd4k9jg5h0d4dhzr4z0txtwe9p5zxf58xcmxd
5A53DBDE132DBC04CCB3A9286D0232A5458A2E1F8AC14FAB575E125BB7F6547B;write_session;pb1xvd4k9jg5h0d4dhzr4z0txtwe9p5zxf58xcmxd
317BBF3C51E487676E31C100112598EAF20291880097970DE3E76EF2611FC921;write_session;pb1xvd4k9jg5h0d4dhzr4z0txtwe9p5zxf58xcmxd
81C29A239F980B1102F48E0E579778C0DB2C68F2F686386768018ED3DE3D9E3C;write_session;pb1xvd4k9jg5h0d4dhzr4z0txtwe9p5zxf58xcmxd
49B17A4300D5E05B53D12BC14BCD968F6D6D1BC4EB3DAC7133DCCFE20F5CF35C;write_session;pb1xvd4k9jg5h0d4dhzr4z0txtwe9p5zxf58xcmxd
1959B2E89622C2FDB04BA4199E4A87FCE04B4F2CF23D624155431F2E0ADA7F65;write_session;pb1g7n9qcd7zzpafv0zx8u6gdqvj34aalqapygrks
EBC6C28333F4F8F71847BEB12CE08E2A47ACB7DA673C620650079B96AE5C5551;write_session;pb1xvd4k9jg5h0d4dhzr4z0txtwe9p5zxf58xcmxd
CF83E090EC554470EA9BF4601FFDAA195745AC9BBF2CE00F17A26932C07F04D6;write_session;pb1xvd4k9jg5h0d4dhzr4z0txtwe9p5zxf58xcmxd
42606192D3A63263F22C6F59E815F8E22438CDE4ACE7B5114810877BE00D6B8F;write_session;pb1g7n9qcd7zzpafv0zx8u6gdqvj34aalqapygrks
EDDC11C7E9D1A32D0BD8F0014DD10F7080F36B2448B83CBA4C026B4EB956A7A0;write_session;pb1xvd4k9jg5h0d4dhzr4z0txtwe9p5zxf58xcmxd
2DC044AD7C81E30E686328FD33364CD5A451A83758DD4DE5E840FBFD7B3D1E7B;write_session;pb1xzl9wgh0ry2dma43f58vmuteqd3996j6mhqhgz
C1FFC98B999950CFD3080E5BBE722A7A7BC0F2B8CFB1B980188E9B62D01C7F47;write_session;pb1yvmg7c0hmhunrr6mrh5vz3mu4g2z06l5y842xz
B68051C7630541C5EC86D27145035A9B06A949706E205178E673DF75B7087AD2;write_session;pb1g7n9qcd7zzpafv0zx8u6gdqvj34aalqapygrks
2B91FCEB52DD0A0FBFDC7DACAF133F4F9CC59380D5C155096CEE32CB4E9DCC5F;write_session;pb1xzl9wgh0ry2dma43f58vmuteqd3996j6mhqhgz
8868C96AE8F03481814F0D04A138E9627D23913C468703764E715CB00B5BFB8A;write_session;pb1xzl9wgh0ry2dma43f58vmuteqd3996j6mhqhgz
E88BB2CEE98ADDFD7257429FE5FEC0C00CC6793408894185C8C80BFC0EA9830D;write_session;pb1xvd4k9jg5h0d4dhzr4z0txtwe9p5zxf58xcmxd
6BAC9A8BE41CF8858999822AD92D153F5ECB4D38587C85C029E6ECD9B09D1D78;write_session;pb1xvd4k9jg5h0d4dhzr4z0txtwe9p5zxf58xcmxd
F3BC455CB0719635BEB5806350E9ACA6770A3330D21F77E827A901D19375EBEE;write_session;pb1xvd4k9jg5h0d4dhzr4z0txtwe9p5zxf58xcmxd
A4469225A7C7D3B12E7714BE92DC460983C77495FEA25958DF4C3AEF409F77D5;write_session;pb1xzl9wgh0ry2dma43f58vmuteqd3996j6mhqhgz
8794606A41F74E546722D02B579AF2C34A655434C15A94AA67CB1677CFB36DA6;write_session;pb1xzl9wgh0ry2dma43f58vmuteqd3996j6mhqhgz
3C786D58604C35E2DDB344D34FAC5A884865425A69E1160F9983778C3B2F671D;write_session;pb1xzl9wgh0ry2dma43f58vmuteqd3996j6mhqhgz
ED6B0152A924F3BED885B9E431C10E404F9C3B03237C226A57C9A50467B00A33;write_session;pb1xvd4k9jg5h0d4dhzr4z0txtwe9p5zxf58xcmxd
1B9FFB7759E983171C614D1687E85D3D7732D338AF6358BE0681E148CA1B896C;write_session;pb1xvd4k9jg5h0d4dhzr4z0txtwe9p5zxf58xcmxd
A1F5780826AB01A5923BA75BBA2E7B48FC12FB6F755059B4FB5494DBBEE5E7FB;write_record;pb1xzl9wgh0ry2dma43f58vmuteqd3996j6mhqhgz
CD5B2423E2082137C6E2ED16D6D6BCE284E5F315034DD726F2CA4A21613B45A7;write_session;pb1xvd4k9jg5h0d4dhzr4z0txtwe9p5zxf58xcmxd
D8C1C8256C0EB391423A5BD9D1B3F3B25523C25009330589FBCB48F839DFC162;write_session;pb1xvd4k9jg5h0d4dhzr4z0txtwe9p5zxf58xcmxd
D715DE17ED20CF3E611C81ED317DCF6E1235A6C5711D5F4791D44A96E56CF2B9;write_session;pb1xzl9wgh0ry2dma43f58vmuteqd3996j6mhqhgz
F59C53F6F16D0B8B7838CB18898A4F38A29E4CC9F8E5694D252AB4593F6B9F5D;write_session;pb1g7n9qcd7zzpafv0zx8u6gdqvj34aalqapygrks
5085B983D72EEF5FD57C740D8C7E55EDC8662B1746273E7F3268C12FD53861EC;write_session;pb1xvd4k9jg5h0d4dhzr4z0txtwe9p5zxf58xcmxd
14E710DEF0C055752A04D827C2F086FD2812C40C3E4FA60C2236FE4C87F7FCAD;write_session;pb1xvd4k9jg5h0d4dhzr4z0txtwe9p5zxf58xcmxd
177079587B48B77800C073FE99E21F99D52E5A3504B4C0ED789DEC89D5AA12A2;write_session;pb1xvd4k9jg5h0d4dhzr4z0txtwe9p5zxf58xcmxd
46BEFAF68E26751D8D7BBA147DAF2ED0D55373FDD81F8A186480F383A7197843;write_session;pb1xvd4k9jg5h0d4dhzr4z0txtwe9p5zxf58xcmxd
63AA304F787B384161D7908A84723CF15040852F7A9FEFAB209003B5427F919D;write_session;pb1g7n9qcd7zzpafv0zx8u6gdqvj34aalqapygrks
3F6F248FD64124DE03C86B7E401616BD601C13B83FDF64E297D5E3C83AD715B8;write_session;pb1xzl9wgh0ry2dma43f58vmuteqd3996j6mhqhgz
A3B34C16BF59EFE8CDA04254860E6EF3129981696A806BA4A335E89B96E7AFFE;write_session;pb1yvmg7c0hmhunrr6mrh5vz3mu4g2z06l5y842xz
B67153AD1E1087F801BE31217E7307FFC11EB7D62F55A35E8C32E0ACD6F036A6;write_session;pb1xvd4k9jg5h0d4dhzr4z0txtwe9p5zxf58xcmxd
5E914425B01DC5FA6F95DA76BB1C2E63D91D55E55ED8C1BEBB8A33C129733E9E;write_session;pb1xvd4k9jg5h0d4dhzr4z0txtwe9p5zxf58xcmxd
0E94FE1CCB9BB6A2DCEE2F14E4F19FA9CA1AA2959528BA457AF6B30F33427764;write_session;pb1xzl9wgh0ry2dma43f58vmuteqd3996j6mhqhgz
01236CACB850528B16CB54393941750AA57DFF9D14AE6C3B3B263BB9D5F8F145;write_session;pb1xvd4k9jg5h0d4dhzr4z0txtwe9p5zxf58xcmxd
A2F4DB5AEE273766AFB7E14E22E0AEB5E5AF2C84219D6FAFC6C562E6A895D907;write_session;pb1xvd4k9jg5h0d4dhzr4z0txtwe9p5zxf58xcmxd
58CCB86E863F65FC3B3CD66E2E27B76AFFCCFCE50BF8A6F1240B832D0D3E56EB;write_session;pb1xvd4k9jg5h0d4dhzr4z0txtwe9p5zxf58xcmxd
F1CAB8D098FAC207549E6E87B608865878C4D21B218982A40CDD8678DD867260;grant_allowance;pb1pr5ekk8nndfmla093q5yrrmzhgg2zcsj4kdqhe
F297FF7B84EC2FB85B9563E7586923DFE80663EBD938E5473C2EBC0567FAA6A5;write_session;pb1xzl9wgh0ry2dma43f58vmuteqd3996j6mhqhgz
7BABFC1061858B3DB1F55EFEC8A0F69EE328997A5850D38E3E591177BEB77D39;write_session;pb1xvd4k9jg5h0d4dhzr4z0txtwe9p5zxf58xcmxd
C71102DD7039712A1CFB68DB3F32AA5DBF33482AF4C2F850FA2486C905636925;write_session;pb1xvd4k9jg5h0d4dhzr4z0txtwe9p5zxf58xcmxd
AD3A6585CC9C1FDE19635376D8C7F72D4C395F177E03AFAD4318E3FC20A19ED5;write_session;pb1xvd4k9jg5h0d4dhzr4z0txtwe9p5zxf58xcmxd
8524770D81DED45ECA9A8F95E582AF525DB1A97C9A250D53052EF3C67E572CB5;write_session;pb1xvd4k9jg5h0d4dhzr4z0txtwe9p5zxf58xcmxd
4A8E81DDF675AD8CE3B24675A5A755E71BCF558DFB27A3F1530BBD253E03A000;write_session;pb1xvd4k9jg5h0d4dhzr4z0txtwe9p5zxf58xcmxd
F16134D56469FDC7AD99C6931B1156196E445A6396359143A9FD6CFF655F6E19;write_session;pb1xzl9wgh0ry2dma43f58vmuteqd3996j6mhqhgz
D0BFE40062C690B8BC965BF322D1D042542F13A6EC6CA8255B7C92DED51F436F;write_session;pb1xzl9wgh0ry2dma43f58vmuteqd3996j6mhqhgz
F62E361722ACB0FCF6C64004A06D303BC7ADD71AD512DFB41929FB116C1F1D8A;write_session;pb1xvd4k9jg5h0d4dhzr4z0txtwe9p5zxf58xcmxd
889CF8D27A396EDF70DE7350481BC3F677C19BCC0DC751A842AFB11D52877C88;write_session;pb1xvd4k9jg5h0d4dhzr4z0txtwe9p5zxf58xcmxd
463C99046E95817B01369E0B87CCCF979D0D2408D699C2C0EC91FEE617EEB444;write_session;pb1xzl9wgh0ry2dma43f58vmuteqd3996j6mhqhgz
1891AD980387DEC3FB1BB9C9C376A1336CB302405F987789BA428405B87480E2;send;pb1pr5ekk8nndfmla093q5yrrmzhgg2zcsj4kdqhe
E8BC60672CEBDCA2F4118644F771FB91EEEC9EF02E69788B46316C073C91C4EF;write_session;pb1xvd4k9jg5h0d4dhzr4z0txtwe9p5zxf58xcmxd
60601B0B9FC4A547C7E1159C9D08797DAEB73B089BC7FCCFAE3AC29AB303AF1D;write_session;pb1xvd4k9jg5h0d4dhzr4z0txtwe9p5zxf58xcmxd
74692520D71F8FE2F3117A4D81608726A852981F5A56ADA8D85E539497C3B672;write_session;pb1xvd4k9jg5h0d4dhzr4z0txtwe9p5zxf58xcmxd
AF01BE89B58EA3A23A27097538F8EB7406BF182BB9BFFC5910F7498FAA87B9A4;write_session;pb1xvd4k9jg5h0d4dhzr4z0txtwe9p5zxf58xcmxd
1246066BEC997D69D877EAC6D65D99A2A97AA6678B0EF0CEEF9A36BAC3EA5C47;write_session;pb1xvd4k9jg5h0d4dhzr4z0txtwe9p5zxf58xcmxd
EF29D7595FCF939C765AAB6039CF68BDC60B60DFB61C80A7E97D7162076314E4;write_session;pb1xvd4k9jg5h0d4dhzr4z0txtwe9p5zxf58xcmxd
C96445B97013682837FC0D0082A1D8194045CE36FA5B7908644C27CC6E794348;write_session;pb1xzl9wgh0ry2dma43f58vmuteqd3996j6mhqhgz
5E2167022F02BA901DDFEEED4571294EDCCB3A72911A812DF334EFF1B674A220;write_session;pb1xvd4k9jg5h0d4dhzr4z0txtwe9p5zxf58xcmxd
A830D77FFE7DC04F236A1B91021178C69D096CC7380058760768DF43C2D659A1;write_session;pb1xvd4k9jg5h0d4dhzr4z0txtwe9p5zxf58xcmxd
4D788F753F2BFEB67FF8F503BC199DDBAE7C3B6D1378D44F598CA178B16E3BD0;write_session;pb1xvd4k9jg5h0d4dhzr4z0txtwe9p5zxf58xcmxd
EE4C14A9439E881ABF4E42400577FDDAD52621E05932A39A8DB2D8A3AACDE6B2;write_session;pb1xvd4k9jg5h0d4dhzr4z0txtwe9p5zxf58xcmxd
74B6D80E697BF8D508F31BF43AC2126803D8A76596369F0C3EE7FEE29FD0856B;send;pb1pr5ekk8nndfmla093q5yrrmzhgg2zcsj4kdqhe
36F8ADA44962A351DF21F37F72AF5156C1DDFD1CDAE872BF544D6C92E7A3A7AF;write_session;pb1xzl9wgh0ry2dma43f58vmuteqd3996j6mhqhgz
B753660BFBFFA22D92E1EBC900B2BCBF1F202FD1C89BAA3A79ECF90550A5DA17;write_session;pb1xvd4k9jg5h0d4dhzr4z0txtwe9p5zxf58xcmxd
BA20D2862B3014808E2A1171C4DEEB22B591519D5233229A0872D4CC39DCDB0C;write_session;pb1xvd4k9jg5h0d4dhzr4z0txtwe9p5zxf58xcmxd
9C288914A0DC670CFA14DADF79C8B368D200AD8D4048A5146A540872B07B1200;write_session;pb1xzl9wgh0ry2dma43f58vmuteqd3996j6mhqhgz
3AF892E3DF85B1745595117B937264753D7539FBAFD2B7D517D256AF8FA847C5;write_session;pb1xvd4k9jg5h0d4dhzr4z0txtwe9p5zxf58xcmxd
90512930940B5FF08EAFDB981FC9D6ACA359F8E3B4A0BA668CBE237EBC75E958;write_session;pb1xzl9wgh0ry2dma43f58vmuteqd3996j6mhqhgz
EB42ADB60D9EA81E76FE5318BA7D54C6A1E45C94E6732D209F161C9F267E318B;write_session;pb1xvd4k9jg5h0d4dhzr4z0txtwe9p5zxf58xcmxd
107C95F9F7262078214177D7200DE6BEB9BDF99CDDF78413FAEBD0325AD79BB1;write_session;pb1xvd4k9jg5h0d4dhzr4z0txtwe9p5zxf58xcmxd
00412C5BE3F7705013F43B57DE0DF89C035D829EA3C5DEDBCD3D618CE0BE7930;write_session;pb1xzl9wgh0ry2dma43f58vmuteqd3996j6mhqhgz
3F24D68B7792D6CFA940916588765B1F8D4607FDC4A4F014AE4A7D8F59A5865B;write_session;pb1xvd4k9jg5h0d4dhzr4z0txtwe9p5zxf58xcmxd
CD76F5448B1B7F68E506C888053B334E543F6495D8DD031600070103D00173FF;write_session;pb1xvd4k9jg5h0d4dhzr4z0txtwe9p5zxf58xcmxd
C8A687E05CA4DF755321C66A4C6F5922FC3A9FFA35FA127494AB4DCBC2CAD832;write_session;pb1xzl9wgh0ry2dma43f58vmuteqd3996j6mhqhgz
02EF22A3A38C344D1E080752FF5250ED28B2120D3E72F8A94F1F35C67FB3636A;write_session;pb1xvd4k9jg5h0d4dhzr4z0txtwe9p5zxf58xcmxd
4667939744629AD384E9ADDD7373DE02D2D9A06E7197A10FDE9DADB99C813C39;write_session;pb1xvd4k9jg5h0d4dhzr4z0txtwe9p5zxf58xcmxd
F76868B5E6B43CD63559DFC642A3D526F0363F5BF4A10F598830D749098F3F35;write_session;pb1xvd4k9jg5h0d4dhzr4z0txtwe9p5zxf58xcmxd
77023FE53511C1D400A01981B59970B55039C25E585F640E7CA5B8AE47762B9A;write_session;pb1xvd4k9jg5h0d4dhzr4z0txtwe9p5zxf58xcmxd
F5AC6CCBB8E77BCB0FA6F900B4C65A87D533D493D51E02D45E84834D88487902;write_session;pb1xvd4k9jg5h0d4dhzr4z0txtwe9p5zxf58xcmxd
6B982E471A05850F86CF589543476B5C58613409B0F243E10AE34FDBA50ED678;write_session;pb1xvd4k9jg5h0d4dhzr4z0txtwe9p5zxf58xcmxd
A3E2AA57A3371138AD7E512EB84EEED97AC6DCFCF0B5FF7077DF42406D650D1A;write_session;pb1xvd4k9jg5h0d4dhzr4z0txtwe9p5zxf58xcmxd
41483223322EC9F7026BBED0A0043DC39D8AAE26947811AA7672D59689FED40C;write_session;pb1xvd4k9jg5h0d4dhzr4z0txtwe9p5zxf58xcmxd
F5B827634E09B6BA359CB0C1AE9F85C4EBC404AB3D20C4E9C032426E77F3C2B5;write_session;pb1xzl9wgh0ry2dma43f58vmuteqd3996j6mhqhgz
0FE639A83086BC4E2F1ACC7D61151FD66457E14CB6C72362EF29DC37A2A4B4DC;write_session;pb1xvd4k9jg5h0d4dhzr4z0txtwe9p5zxf58xcmxd
792C1282885D9E0B32CFDA5A7AB3AC3F6C0C04D9ECA956329CA9EB96F757E15A;write_session;pb1xvd4k9jg5h0d4dhzr4z0txtwe9p5zxf58xcmxd
3BD7F4F854BBDCBD10CF2FB7F5B165C45FF960EF6838B61C784FE57950096175;write_session;pb1xvd4k9jg5h0d4dhzr4z0txtwe9p5zxf58xcmxd
36A294FE561A9BA87D145AB6DC1E124F2C37AB8AF3D9B900EE832D2F9E7AF6FD;write_session;pb1xvd4k9jg5h0d4dhzr4z0txtwe9p5zxf58xcmxd
F52A11E28EBEA8B0AAADFCC9CEBD4839B3F82BFCE93149CE00A2DB1FD14BC430;write_session;pb1xzl9wgh0ry2dma43f58vmuteqd3996j6mhqhgz
D0CACFD7EA96C5FAC8781659453AC101BA9F706B963EAC33226D71533DA6E1C4;write_session;pb1xvd4k9jg5h0d4dhzr4z0txtwe9p5zxf58xcmxd
71AE8BE25F2E0798483940D750A4A0DDA238881BD1FE9839E0F3C60063CA0C44;write_session;pb1xvd4k9jg5h0d4dhzr4z0txtwe9p5zxf58xcmxd
68F707E6E8555D3E60B289D99CEC7869C6C3CB296C9C11724EA8F3AC460E6308;write_session;pb1xvd4k9jg5h0d4dhzr4z0txtwe9p5zxf58xcmxd
6000444BCEFC0EB080520D0A8F230C7D03F975C1B3ABC0EFA0CC612C33D13975;write_session;pb1xvd4k9jg5h0d4dhzr4z0txtwe9p5zxf58xcmxd
B9EA9E6C449BDA6F0A0A0F8277077497E5E0D6FDC6A199397BD3ECA3EFF1B3A4;write_session;pb1xvd4k9jg5h0d4dhzr4z0txtwe9p5zxf58xcmxd
36FB88127E7C6E70949C066103E80C3E810B47C5363A2F4ADE2ECD957F1E4051;write_session;pb1xzl9wgh0ry2dma43f58vmuteqd3996j6mhqhgz
80A448EF821D1852D052CFCAAB9230DF3DE9C42136F68DFD0EBC23E050375956;write_session;pb1xvd4k9jg5h0d4dhzr4z0txtwe9p5zxf58xcmxd
65CEC1B6EDF8A4D512708B389EE1FC48E92B6750B9D3856E898C7E2896E545E7;write_session;pb1xvd4k9jg5h0d4dhzr4z0txtwe9p5zxf58xcmxd
208BE93320C9A2C9473422D31EA8D052F2CA229B732C6BBEFA4A215125D69E38;write_session;pb1xvd4k9jg5h0d4dhzr4z0txtwe9p5zxf58xcmxd
9016D14F24A3D5D7F8F540D173EBFBA7F9DD435A53000EC99D7E31E445B1E3D5;write_session;pb1xvd4k9jg5h0d4dhzr4z0txtwe9p5zxf58xcmxd
F85ECA30DA6772A928A84900C730F7BCC3CA80F386DD96EF625ADC70C99DEB58;write_session;pb1xvd4k9jg5h0d4dhzr4z0txtwe9p5zxf58xcmxd
E42F099801102BE5D3CCB10AFDD25036D15DE28D39259F8E447A68CC00EE515B;write_session;pb1xvd4k9jg5h0d4dhzr4z0txtwe9p5zxf58xcmxd
843148E27FC304BE3C7FF5CB6631986973A6CA26BB6A0B94C24DB8EDC51D9DEB;send;pb1pr5ekk8nndfmla093q5yrrmzhgg2zcsj4kdqhe
F78D6601AD87F9B6B5182D93AFAFE882E0E112ADD9C8AE55EECEDDD23CB81AA1;write_session;pb1xvd4k9jg5h0d4dhzr4z0txtwe9p5zxf58xcmxd
A5DE59C4E249FC8B5A78E5424DE553ABC93FA980BB9B6D98ABACBBAD2F558170;write_session;pb1xzl9wgh0ry2dma43f58vmuteqd3996j6mhqhgz
F527E0516789344722B4D6EC9264693DD6CEF42323EF6758324166FA5F513294;write_session;pb1xvd4k9jg5h0d4dhzr4z0txtwe9p5zxf58xcmxd
90797CEA3F76D04E5F969CA69F53179C7004077E027C91649D86FB67F3EEC2E7;write_session;pb1xvd4k9jg5h0d4dhzr4z0txtwe9p5zxf58xcmxd
BDF951876B46E793EF8402932FB52EF467EC13FB4900691CEB5993F89628004B;write_session;pb1xvd4k9jg5h0d4dhzr4z0txtwe9p5zxf58xcmxd
E4668FC98918A1CCFF1284B2EA1C67289EEBE15732FCFDDBFBC975FAE94A8A37;write_session;pb1xvd4k9jg5h0d4dhzr4z0txtwe9p5zxf58xcmxd
529C1B283AD4CABAD6EF5E0968348E20B40362A7EB65CDAA187C8BAAB9ECB08B;write_session;pb1xvd4k9jg5h0d4dhzr4z0txtwe9p5zxf58xcmxd
0033F9B952F9A17CA97464CE562438B6ECDB115AE1DDD4B0CA9CF654C5E2D252;write_session;pb1yvmg7c0hmhunrr6mrh5vz3mu4g2z06l5y842xz
B727A0F64BFF2CB133B5BBE93D107A0ECE1B91E898F407F2C7F168F98DB337ED;write_session;pb1xvd4k9jg5h0d4dhzr4z0txtwe9p5zxf58xcmxd
BE446C3FAD5794683C2A324D54853207BCB8BC4FA96DE897E49C22914816DA9B;write_session;pb1xvd4k9jg5h0d4dhzr4z0txtwe9p5zxf58xcmxd
3514E045F9DDDEAEB49B5B63641D8AC3481BD3E092E4407829B37166C2675F5C;write_session;pb1xvd4k9jg5h0d4dhzr4z0txtwe9p5zxf58xcmxd
E1292C441530642E11E3D0FE7CBDAC3A24A4EFCF158AD847702D94358EDE39BB;write_session;pb1xvd4k9jg5h0d4dhzr4z0txtwe9p5zxf58xcmxd
B26B27408A052CB9CFF1C21DCA817E6CC4CD387AFC9367EF7A84AA1D2246A52F;write_session;pb1xvd4k9jg5h0d4dhzr4z0txtwe9p5zxf58xcmxd
6ADDD0E890D59E4E97EAA98D44173BCF5803CDF000718EEC1EA9719D1E9CFE60;write_session;pb1xvd4k9jg5h0d4dhzr4z0txtwe9p5zxf58xcmxd
CEBEE4BD174F990357749A190B153F046C4F945A7CBD2625E7A67DADEFF9DB62;write_session;pb1xvd4k9jg5h0d4dhzr4z0txtwe9p5zxf58xcmxd
B5D83DAB35E43D3057A7E7BCF56C49045795C481304370C137CE26600A558676;write_session;pb1xvd4k9jg5h0d4dhzr4z0txtwe9p5zxf58xcmxd
FAF6F3E604D323FE2EAE4F1B8C60AA85D293808DE082FB8D55343E27732C2751;write_session;pb1xvd4k9jg5h0d4dhzr4z0txtwe9p5zxf58xcmxd
55DA81B9F8793634480F47F043FCED907B1E4902E138914156ECF3CD7631EFD2;write_session;pb1xzl9wgh0ry2dma43f58vmuteqd3996j6mhqhgz
9AE78F373FECBEBF09BC4CF7707FCEBF5FBFB5F9827557205A9F56158F7F6356;write_session;pb1xzl9wgh0ry2dma43f58vmuteqd3996j6mhqhgz
3622AC1EC02F4410C88078D4057D1EF761E3B629CC78A72CCDEB1341B42BB5B4;write_session;pb1xvd4k9jg5h0d4dhzr4z0txtwe9p5zxf58xcmxd
B690B4244EAF94741FC5B236D754BB4CEF737453B890D081B9AC1A0E86C711AC;write_session;pb1xzl9wgh0ry2dma43f58vmuteqd3996j6mhqhgz
C8547BBF34C4522CCC83507FB42D5E44D2DBEF56B38FBF91DA1317455B087CD8;write_session;pb1xvd4k9jg5h0d4dhzr4z0txtwe9p5zxf58xcmxd
940B68C5A840E62097FF7302AAF974074DE7377C9CF7BC01D7D6FAAB43175113;write_session;pb1xvd4k9jg5h0d4dhzr4z0txtwe9p5zxf58xcmxd
FB832D8DDF6C8088B9AA1C1A2B0D4DBA68F9CC1A8E5A6A45F144ED6A1D386D6D;write_session;pb1xvd4k9jg5h0d4dhzr4z0txtwe9p5zxf58xcmxd
F8A5989753036333AC42A5EB5F2005B51649A9C85DCBCDBEEE1780CEB666FFC3;write_session;pb1xvd4k9jg5h0d4dhzr4z0txtwe9p5zxf58xcmxd
CAB2AA43FBB7C6657C065EE283A9CC2AFAF6EBAB2AF1BAC9DE8E21A3013C219D;write_session;pb1xvd4k9jg5h0d4dhzr4z0txtwe9p5zxf58xcmxd
B9D0EA0BBAA7B7DD8ADBC5B7A7F32D2E9A34842CE906C75A9E03A842896500DB;write_session;pb1xvd4k9jg5h0d4dhzr4z0txtwe9p5zxf58xcmxd
DF9373B952E7E68E7A2F713A32FE52A80A028A89B33B5BBFBC58ABF06A2F6F77;write_session;pb1xvd4k9jg5h0d4dhzr4z0txtwe9p5zxf58xcmxd
35ABF63C010531289E5C0641B4A17060550CEEDEC15CCBE6503E9B9418AFD3E0;write_session;pb1xvd4k9jg5h0d4dhzr4z0txtwe9p5zxf58xcmxd
A1A26E2DEAE39F3B9627333F0EA4C59349027C65F690D8A97E09DD3EF7E11A61;write_session;pb1xvd4k9jg5h0d4dhzr4z0txtwe9p5zxf58xcmxd
BC0C5A7AB09139DB354D1B19F82C7A54620E3557023CEDA22E3B2CC708EAAA23;write_session;pb1xvd4k9jg5h0d4dhzr4z0txtwe9p5zxf58xcmxd
7D314195470BF54F3424B7C4E1B8DF990D88F3E9F3ACDCDBEB4B3B6ADBC542F0;write_session;pb1xvd4k9jg5h0d4dhzr4z0txtwe9p5zxf58xcmxd
5F5F1062B8EA19CFF33F419CF1BFA8007AC1AC21B052CC393C990C0C065FC865;write_session;pb1xvd4k9jg5h0d4dhzr4z0txtwe9p5zxf58xcmxd
96592EFF5BBF71A442C84C89EB7990775286C03205A1F2B81F32FD8D83751FE4;write_session;pb1xzl9wgh0ry2dma43f58vmuteqd3996j6mhqhgz
2144187B3E942CD665EA153A435861A63B08E9962145BE493065DF3683A559E2;write_session;pb1xvd4k9jg5h0d4dhzr4z0txtwe9p5zxf58xcmxd
DCCBEFF8CD0E5DF743CF7540BAEBAD40FD5A6015A88F7E62BDC03B110887C05D;write_session;pb1xvd4k9jg5h0d4dhzr4z0txtwe9p5zxf58xcmxd
F9CA3FFC3BB7988E790C8D25995A0180FD2CF182DB6A1C4615572A2B932EB17B;write_session;pb1xvd4k9jg5h0d4dhzr4z0txtwe9p5zxf58xcmxd
45D13F5B05E3975EA19A0E8B92799CEAF2B28FDBA74625A2D23DB79625D76707;write_session;pb1xvd4k9jg5h0d4dhzr4z0txtwe9p5zxf58xcmxd
515F582795DCA6A7994EB39D37BC35FA92A9F5CB051044AFDFC4F92BEB3A1215;write_session;pb1xvd4k9jg5h0d4dhzr4z0txtwe9p5zxf58xcmxd
C3B3C5754A7EBC1FDAEB8C73EF6CBD616A23C646A017E63E5F479B668EC3DC66;write_session;pb1xvd4k9jg5h0d4dhzr4z0txtwe9p5zxf58xcmxd
AFBBB2FCE35CC1BED85F0184D26B2C30E9AB75893A0FEEA4324628CE67C8DA7F;write_session;pb1xvd4k9jg5h0d4dhzr4z0txtwe9p5zxf58xcmxd
61DB1B6AE3CC26B663613A256EF1DFF39448D5CB8865E4E283DE51F5C360171E;write_session;pb1xvd4k9jg5h0d4dhzr4z0txtwe9p5zxf58xcmxd
39AE58AA8EF7977FD6F258F859A829704F9AD2AA304A52719453AEAE9BAE7DD3;write_session;pb1xvd4k9jg5h0d4dhzr4z0txtwe9p5zxf58xcmxd
E882BC9F10919D7B112BD5153B8AEB9C76D0268BD804DCA30B2DAA40B39627C5;write_session;pb1yvmg7c0hmhunrr6mrh5vz3mu4g2z06l5y842xz
F2B861CA6F0916F069B67B3FFBC4A6C7B8BF169001098E224E190244F8718E40;write_session;pb1xvd4k9jg5h0d4dhzr4z0txtwe9p5zxf58xcmxd
2C873658B0078F595D45D79FB61541CADB73B1A00BD0ACD0331651EC47FBA0C3;write_session;pb1xvd4k9jg5h0d4dhzr4z0txtwe9p5zxf58xcmxd
CA84B15BDD8DAA147BBE0E07973B34483C8BCAF9B6A9F7A73E57FAF8DE6C6069;write_session;pb1xzl9wgh0ry2dma43f58vmuteqd3996j6mhqhgz
308EE992686562EABA2B6407A7F66F9A8687C063A4946279DCEDD454506393C7;write_session;pb1xvd4k9jg5h0d4dhzr4z0txtwe9p5zxf58xcmxd
61F71B1176416D68128E25229B61BF919C6303BC3A681B10CF0240B8C8966EEE;write_session;pb1xvd4k9jg5h0d4dhzr4z0txtwe9p5zxf58xcmxd
8885C1F4D1C898318D24147CC991743F9A8B3C33050ED7FFF55CA8059D66028A;write_session;pb1xvd4k9jg5h0d4dhzr4z0txtwe9p5zxf58xcmxd
E9C773AF58AEF13DAE26833F578A63E9AFD1D66E08F7ED2B41AB34DF22511B15;write_session;pb1xvd4k9jg5h0d4dhzr4z0txtwe9p5zxf58xcmxd
4ADC47162AE348DADC6CEE162BC1A289FECD4EA967E9FF9071CC108566DE1C38;write_session;pb1g7n9qcd7zzpafv0zx8u6gdqvj34aalqapygrks
91C45038BBD67024A5D578F01912A2FE0EA61EFA7D2C8B042C0FAFBEC1DC70D7;write_session;pb1yvmg7c0hmhunrr6mrh5vz3mu4g2z06l5y842xz
B01D28DFEDF228EAB34FE3DAA59574AB339752BFDBD23A2790C98018E09D1E0D;write_session;pb1xzl9wgh0ry2dma43f58vmuteqd3996j6mhqhgz
1E135C3A3318C7794137EB3C53D35C73037CB10781384C8ADE377E509CF23779;write_session;pb1xzl9wgh0ry2dma43f58vmuteqd3996j6mhqhgz
90447AF12ECB6BDEA55A34739EC1B703766391D288A8B685915FBC8FA305EEEF;write_session;pb1xzl9wgh0ry2dma43f58vmuteqd3996j6mhqhgz
2348202B4DCE49CB60F16D4E673E6E1AA63C65848A22A24E75B33D5CC2F1C8FA;write_session;pb1xzl9wgh0ry2dma43f58vmuteqd3996j6mhqhgz
6A7A551762F808128C3E13294B0E78BA335FC507A924F8ACC703F1447158412F;write_session;pb1g7n9qcd7zzpafv0zx8u6gdqvj34aalqapygrks
9DEC3600090CBD32C02D7154B3858FFD5E80DAD79FB387D164C56732A96F4A84;write_session;pb1yvmg7c0hmhunrr6mrh5vz3mu4g2z06l5y842xz
6637D6EDFFF4F722CD46AE4F270B6DD2AD0E3F63F57E75A985736DB345652412;write_session;pb1xvd4k9jg5h0d4dhzr4z0txtwe9p5zxf58xcmxd
9CF8AE3BD8450FFF348D37F771625B0D18F722EA1F1C873B92A11610FBAACE11;write_session;pb1xzl9wgh0ry2dma43f58vmuteqd3996j6mhqhgz
6B4E24E8765C00D029A00F3F194EC084BBE16AE305294ED7AF8D27D15F3A56FD;write_session;pb1xzl9wgh0ry2dma43f58vmuteqd3996j6mhqhgz
CA9E12ECC81994B1E99AC247A76712746E2B9512389B1238C41A298EF88BE373;write_session;pb1xzl9wgh0ry2dma43f58vmuteqd3996j6mhqhgz
1EBF7B40863C59E7BCE0B84E5C370C28AF918B09D30F94F174B8CF611DC21C2C;write_session;pb1yvmg7c0hmhunrr6mrh5vz3mu4g2z06l5y842xz
5B7C69942903A5C00FBBB5B26E787769207A613D1B63163F6D17C13C3D9A33A3;write_session;pb1g7n9qcd7zzpafv0zx8u6gdqvj34aalqapygrks
C9673468FCE2C76626A2EC6BDD221DDEA9ADD3F00D9B699B38DD5C47DBC8074F;write_session;pb1xvd4k9jg5h0d4dhzr4z0txtwe9p5zxf58xcmxd
D52C228D5F87F1AD0A292017B5AB22932AD7B6CE242658AA1A6FA6E2C38A7992;write_session;pb1xvd4k9jg5h0d4dhzr4z0txtwe9p5zxf58xcmxd
114F3CBDC2EB4A2794929CC09DAC826A8E9384F9E26A22F75207D4AC8A3A217C;write_session;pb1yvmg7c0hmhunrr6mrh5vz3mu4g2z06l5y842xz
8955CBD1A923AD745F453302E54B2F4AE3D7AE86DC72EE1501C975862F1AB9C1;write_session;pb1yvmg7c0hmhunrr6mrh5vz3mu4g2z06l5y842xz
A586A50BC8828F9118CAB1B65671B73277634436064831A1BD7E61F3E9AB3275;write_session;pb1xvd4k9jg5h0d4dhzr4z0txtwe9p5zxf58xcmxd
E1F849144DB419DA0C62A81A57E88FD8B24525DCD5A62D7D55557905FB11A558;write_session;pb1xvd4k9jg5h0d4dhzr4z0txtwe9p5zxf58xcmxd
D5C799C8CC6009A8C98272B84B943A80681DD4ECA871C093A14F1D932435A51B;write_session;pb1xzl9wgh0ry2dma43f58vmuteqd3996j6mhqhgz
8B69A0733DEE06EFE64C19AB132F25D11ACB913E8E36F7A188743B7ECA5983CC;write_session;pb1xzl9wgh0ry2dma43f58vmuteqd3996j6mhqhgz
704F73640819271EC4530B8D3AC4209EB382CD431FD51D3BC725E2D20B4614C8;write_session;pb1yvmg7c0hmhunrr6mrh5vz3mu4g2z06l5y842xz
4D57B8266A9B04C6FB994F63A79C3A615AE98809C2F34828DDA7833D7DC2BAA9;send;pb1pr5ekk8nndfmla093q5yrrmzhgg2zcsj4kdqhe
95BBB096A917129915C6854E04F3D4A05C2D50D1AEF939CCD5195D699C533680;write_session;pb1xvd4k9jg5h0d4dhzr4z0txtwe9p5zxf58xcmxd
91396F68AB2D4F3A6DC271CD80F70DE36BB9ADC88AE866FAE4307AC9421A9D7A;write_session;pb1xvd4k9jg5h0d4dhzr4z0txtwe9p5zxf58xcmxd
E0200691DA1EACC8BC98821E011ADEC32F6CDDDA5B68A06EC3A5EDC96D3DD852;write_session;pb1xzl9wgh0ry2dma43f58vmuteqd3996j6mhqhgz
3A17C88D8EC43C91ED679BEC8E90F116310D7863DD652EF5F0D745F54012421C;write_session;pb1yvmg7c0hmhunrr6mrh5vz3mu4g2z06l5y842xz
C6D8BDF56787D7A936C0A31309760A5A981DBD6C98407DE43258FBB6581CB159;send;pb1pr5ekk8nndfmla093q5yrrmzhgg2zcsj4kdqhe
C6AE025BA93B430ACF24001D7B2317577962806F9EC2F79E71306FF16A78BC21;write_session;pb1yvmg7c0hmhunrr6mrh5vz3mu4g2z06l5y842xz
372A6AC15B5FF3BC857920BD744491E3EC46B7DACD312B51DDF200F55C4523A0;write_session;pb1xvd4k9jg5h0d4dhzr4z0txtwe9p5zxf58xcmxd
97DA806FDD9FAB92D1304DBABE7F58082FE2B33782DCD72F87ED93D41CA1E3AF;write_session;pb1xvd4k9jg5h0d4dhzr4z0txtwe9p5zxf58xcmxd
8E189FE1B45A8DC473366245FDDDC2856C3162A9F6FC661E4B99854C05904322;write_session;pb1xvd4k9jg5h0d4dhzr4z0txtwe9p5zxf58xcmxd
7B523621CFEF1150645909BD7B8677078007BECC44737DD46B6120E1D7A6F994;write_session;pb1xzl9wgh0ry2dma43f58vmuteqd3996j6mhqhgz
82F070139745176C5DC2CC68042314E14CED47734BBCF57830CA9C61FBE95975;send;pb13dfvqt7zyp69z3el72qsu6z3f0egh9xfng9jvt
5E74B1FDE0D0B7D69E11C8CDEB44A45E897D7C66A3A239489E63CA5BD3A0138E;write_session;pb1xvd4k9jg5h0d4dhzr4z0txtwe9p5zxf58xcmxd
11B824785008AACEE009A7BEDBF53A819B1058EC640BC840AE21F343D8EE024B;write_session;pb1xvd4k9jg5h0d4dhzr4z0txtwe9p5zxf58xcmxd
1DF7D0E2D3B69A0ED6D9CAC583FE4EC1022436C1CF5C720B0169DDE545C550E7;write_session;pb1xvd4k9jg5h0d4dhzr4z0txtwe9p5zxf58xcmxd
4DFC2F9BE55D38EF7B81888D415DAFE5972C6304309DFC8D03FBED36B5660300;write_session;pb1yvmg7c0hmhunrr6mrh5vz3mu4g2z06l5y842xz
50E76B284FE944F7C2BF1476E53ABBDCE122BB3430C6595D3B64D1E36264A3FF;write_session;pb1xzl9wgh0ry2dma43f58vmuteqd3996j6mhqhgz
31772A9635388DB510F8598C745712AD2DDF60439EF7FCBDD6AC15B45491CE3C;write_session;pb1xzl9wgh0ry2dma43f58vmuteqd3996j6mhqhgz
0BEAA53D7CA96FB3E1D32AE554CD38AA66D72BD90B92C40F8D6A48E65FFEA26A;write_session;pb1xvd4k9jg5h0d4dhzr4z0txtwe9p5zxf58xcmxd
BE09232184253EE282336E38EB6AD8B9E1D1887A5366D260295551513C552B51;write_session;pb1xvd4k9jg5h0d4dhzr4z0txtwe9p5zxf58xcmxd
EAB980A45B54970976A0063FF133217267390E6CE4E91394ED6A6F2317E6F1A8;write_session;pb1xvd4k9jg5h0d4dhzr4z0txtwe9p5zxf58xcmxd
984F1BD59D5A4A64981A20DEE1FB6A62CA3E378D26B2C2C890EAAE98369270E3;write_session;pb1xzl9wgh0ry2dma43f58vmuteqd3996j6mhqhgz
C54A13768D0AEC6DBC9BA9FD723355BD844747990A6F068CCAD0A03437F4995C;write_session;pb1xvd4k9jg5h0d4dhzr4z0txtwe9p5zxf58xcmxd
38D8B963D42668509C592FF09D002B59010963FF759F751AC9AA5E530E199570;write_session;pb1xvd4k9jg5h0d4dhzr4z0txtwe9p5zxf58xcmxd
5B1713B5BD0A88C843B37E06BC8253C4269BD39DDB132B788F763888FC677220;write_session;pb1xvd4k9jg5h0d4dhzr4z0txtwe9p5zxf58xcmxd
337D9B1110DFAB12097BAB4A09E8DFB7128960C626150D99816820C4B4F2362D;write_session;pb1xvd4k9jg5h0d4dhzr4z0txtwe9p5zxf58xcmxd
813EB207D8F0FA497D7A85CC368F612D291EE2764C62E713896214625CBB17A7;write_session;pb1xvd4k9jg5h0d4dhzr4z0txtwe9p5zxf58xcmxd
5E79296765355D982F53A11E8991DAE2221E407FB9C71C1EB64FFB2C0CF7D766;write_session;pb1xvd4k9jg5h0d4dhzr4z0txtwe9p5zxf58xcmxd
538D81ACEF1E7A85921B8344D049F640EB65ADC8C007AEA3A97A0742709FC316;write_session;pb1xzl9wgh0ry2dma43f58vmuteqd3996j6mhqhgz
6DE928582AF9C958A10B6E1A0082D99D79008880330350224EFC33EB7DBD68B5;write_session;pb1yvmg7c0hmhunrr6mrh5vz3mu4g2z06l5y842xz
EC58B0B16EBE05D49FC8A5102288FBD4FC2DAFD98E4C4017974B2DCEC779CCEC;write_session;pb1xvd4k9jg5h0d4dhzr4z0txtwe9p5zxf58xcmxd
C299257DB50368E433BF5D0094FFD5933F22323F9BB279FEE2C51F6AC9DFC733;write_session;pb1xvd4k9jg5h0d4dhzr4z0txtwe9p5zxf58xcmxd
B60BD5B4E159F96491F7994CCC1A86A090EF562688F06917AB0CAE9414BC41BE;write_session;pb1xvd4k9jg5h0d4dhzr4z0txtwe9p5zxf58xcmxd
DF9FDDF9ADBE4FCB9848656B3DD1A909B6F2B8B43F09B9B34435E363DC08C2CE;write_session;pb1xvd4k9jg5h0d4dhzr4z0txtwe9p5zxf58xcmxd
93F95191B1097BCB66FBEF1FC789A5C8746BD0C00530579BF5D7532AF3DFB7FF;write_session;pb1yvmg7c0hmhunrr6mrh5vz3mu4g2z06l5y842xz
1A82630890253EAC9E4A9A412F3C0A61A58F95F505CD80FC162D323E74E0D3E3;write_session;pb1xzl9wgh0ry2dma43f58vmuteqd3996j6mhqhgz
4771AB0C5BD4A5315467AE91E2EFA56CD9F56E90677364BC20458E503BE6A982;write_session;pb1xvd4k9jg5h0d4dhzr4z0txtwe9p5zxf58xcmxd
647DAAF8034650F8358AD8D4291F49FBBE83ECA61EFA20CA918AD8670564463D;write_session;pb1xvd4k9jg5h0d4dhzr4z0txtwe9p5zxf58xcmxd
390696407240C3199AA91ED5FC7808D8ED814668687C19A7A346E5EB3DC5D76D;write_session;pb1xzl9wgh0ry2dma43f58vmuteqd3996j6mhqhgz
F1C9C57B5EE884C1EAF5E76B1C9DAF993B516825F056E717A9C008F735AEF9E8;write_session;pb1xzl9wgh0ry2dma43f58vmuteqd3996j6mhqhgz
0C6CC7295AF3C26E8769CB7899D29AD76BAC6BC740F3F8D89BEF6995E75CCB62;write_session;pb1xvd4k9jg5h0d4dhzr4z0txtwe9p5zxf58xcmxd
747C9BDFC0E1AFC9D03AB16FB84D9FECCFF52C7FCD39259CE8352278F7553CA4;write_session;pb1xvd4k9jg5h0d4dhzr4z0txtwe9p5zxf58xcmxd
C6D7779CB63453C7E10BDA840648559E7A946BFEA9AB7173E0450BC455C96DEB;write_session;pb1xvd4k9jg5h0d4dhzr4z0txtwe9p5zxf58xcmxd
0D656AF4C0E379DC8D5CA493A9931D983709D5C6B7F61B1D7A6D8E9D9AB21F36;write_session;pb1xvd4k9jg5h0d4dhzr4z0txtwe9p5zxf58xcmxd
DCA406FE433B8A612678AA2F6E91F1CBD4C3863DF20E4393E583252744332604;write_session;pb1xvd4k9jg5h0d4dhzr4z0txtwe9p5zxf58xcmxd
D636397EEDB1484FB163F6E8E43156E4C851E56C32D2FDC0E435BA371AACA634;write_session;pb1xvd4k9jg5h0d4dhzr4z0txtwe9p5zxf58xcmxd
7C9073DE12DBD6F1E0A5AB2401E057871D24176FDCD460EB4763E87312DFE3C0;write_session;pb1xzl9wgh0ry2dma43f58vmuteqd3996j6mhqhgz
CD1C54D36A49A84A3C6C39FC251FB244728D1C8F304464841DD0AE9B77C17CE4;write_session;pb1yvmg7c0hmhunrr6mrh5vz3mu4g2z06l5y842xz
996D402D554C2986938177F736044A14AE8CFBC3618CB68066A0A813118B4236;write_session;pb1xvd4k9jg5h0d4dhzr4z0txtwe9p5zxf58xcmxd
8B0156A6D430C01F95BD6D5C8B29A0E907FCA280F1AE39A488469A33BEA1F29C;write_session;pb1xvd4k9jg5h0d4dhzr4z0txtwe9p5zxf58xcmxd
75BFE30CA7DF52EDC1032915A78DD40D15C2D90583C56A98DAB924FE5CEA726B;write_session;pb1xvd4k9jg5h0d4dhzr4z0txtwe9p5zxf58xcmxd
AAE0F79B45902B519BE890BD943F11CB77464DE53B924D9A4DA4C0871424CB4E;write_session;pb1xvd4k9jg5h0d4dhzr4z0txtwe9p5zxf58xcmxd
76AD8F0F7B017F3DA8E7B3FD6F4474CA53C38EFAB322686E364A2AFFC8A788FF;write_session;pb1xvd4k9jg5h0d4dhzr4z0txtwe9p5zxf58xcmxd
1465A737226434FA2D12517BCB2524C1476433BCCD82322DA55650E1A294E351;write_session;pb1xvd4k9jg5h0d4dhzr4z0txtwe9p5zxf58xcmxd
1548B3F880FBB4240E7911A685DB39455E55C8AF7FB6164CAF432E6AF962368B;write_session;pb1xvd4k9jg5h0d4dhzr4z0txtwe9p5zxf58xcmxd
E28676733CD9E1CF49B00BCC38AF0F1C2F200F093383CDE013490FB90CCB78C3;write_session;pb1xvd4k9jg5h0d4dhzr4z0txtwe9p5zxf58xcmxd
218646557CCC3F8202865C08039AEE431A64E9B5212CA2B6B617E9964B668465;write_session;pb1xvd4k9jg5h0d4dhzr4z0txtwe9p5zxf58xcmxd
465D9F37B5A379934F433D83701D057D8296FA73F5D6994C51AC6F190C0DA108;write_session;pb1xvd4k9jg5h0d4dhzr4z0txtwe9p5zxf58xcmxd
2704AA8E1C6724010D04B91F179C372AA40CF1A40E7B9338EBAB8A6E5CA36D42;write_session;pb1xvd4k9jg5h0d4dhzr4z0txtwe9p5zxf58xcmxd
DD82608ACAD71C441A23B1A218BA4834AADAA5A60696A114EFFA4B9AB5B5DA8C;write_session;pb1xvd4k9jg5h0d4dhzr4z0txtwe9p5zxf58xcmxd
B4FB87223DBF1E9D144DF873267EABF64B3268BE21CE045763F0626BB442061D;write_session;pb1xvd4k9jg5h0d4dhzr4z0txtwe9p5zxf58xcmxd
EEEE163E337C32A04510F2E127419456EA6DCAF2EC4BCD32EF1D663550F269A4;write_session;pb1xvd4k9jg5h0d4dhzr4z0txtwe9p5zxf58xcmxd
B0375053214920E3FA75736A9EA4F8F69016B1E76DE8C0B64EA39F71C34C9DCE;write_session;pb1xvd4k9jg5h0d4dhzr4z0txtwe9p5zxf58xcmxd
CA886A34EED203A83D8D711D5BC74415D01C9819CA03A1DAB42083CC701CF83F;write_session;pb1yvmg7c0hmhunrr6mrh5vz3mu4g2z06l5y842xz
9397109EC821C85B8DB9E4B516E2F3D75BF34780693A3C14BB6E7C19E491425A;write_session;pb1xvd4k9jg5h0d4dhzr4z0txtwe9p5zxf58xcmxd
73965F59B78A47CAD3CEDF6EBE9BFD2C9237C70739DAA78B9E9264344B689DDB;write_session;pb1xvd4k9jg5h0d4dhzr4z0txtwe9p5zxf58xcmxd
DD110B9E899177BE0243B84B29F2B1334B77579A66BEA288C95374A1857ACAED;write_session;pb1xvd4k9jg5h0d4dhzr4z0txtwe9p5zxf58xcmxd
DF40D1EF8E4BD29ACAA5CB1F4B8E3C60C4AE1C08219989ACC2C127CC882EE2E2;write_session;pb1xzl9wgh0ry2dma43f58vmuteqd3996j6mhqhgz
A1EA645AFC7BBA4F0E54CA23CE8C76D79B43ABF97CB6198A1EADD8EA4730126D;write_session;pb1g7n9qcd7zzpafv0zx8u6gdqvj34aalqapygrks
9DFBE461E085982301705746DC81593A732FBE558A7F4AC8F9798A5262C4C4B2;write_session;pb1xzl9wgh0ry2dma43f58vmuteqd3996j6mhqhgz
D8247A1ABD8FCE6B0005A5671A14486BA19490CDC9E438B8B57A02FB4DCD8D47;write_session;pb1xvd4k9jg5h0d4dhzr4z0txtwe9p5zxf58xcmxd
950923B21A6B7714964154CEBCAA7888ABA28BB5C9F9C8505D5885A863156212;write_session;pb1xvd4k9jg5h0d4dhzr4z0txtwe9p5zxf58xcmxd
F7AF6AB33A7E092828C0B7C628EC90554B0416F0EA15AA44C5F6E1B1FF971937;write_session;pb1xvd4k9jg5h0d4dhzr4z0txtwe9p5zxf58xcmxd
774500A4464DB67C0E4DA4AF88F6FED2243E34C00E0C69CF4A332EC9B66EAF9F;write_session;pb1xvd4k9jg5h0d4dhzr4z0txtwe9p5zxf58xcmxd
615B96B3441499AB7BEF78058887FA2A6827365EF25521015476EC4D8F7240AB;write_session;pb1xvd4k9jg5h0d4dhzr4z0txtwe9p5zxf58xcmxd
D51B44A0E92FDF41177141B44D68ABEF90A73B2F29C8D822F71C70680E2E2B1D;execute_contract;pb1w5w04w6hc97ane806df37amugdqt334a9wa0sh
DD2880DC94487874048EAC1FDD304FFB9F057EC53BE1B8514F1C9274A8EF25D7;write_session;pb1xvd4k9jg5h0d4dhzr4z0txtwe9p5zxf58xcmxd
ECAB8775344F7491F155A19447F78D805A0E0CE58B3667D188920768089A259B;write_session;pb1xvd4k9jg5h0d4dhzr4z0txtwe9p5zxf58xcmxd
2A8C7A5F85A80513BA33D002F1F8A839483BCDCE943B0C2F622CECB1BE11FB80;write_session;pb1xvd4k9jg5h0d4dhzr4z0txtwe9p5zxf58xcmxd
15CE16D9215CB3A51277C16D12C18C0C401B24161D42FCCE3F104CBB0F580D43;write_session;pb1xvd4k9jg5h0d4dhzr4z0txtwe9p5zxf58xcmxd
07CCA294A251772606E545EADF7EBB7DFEAEBC89E2DDB97F7347B63E0ACE70A1;write_session;pb1xvd4k9jg5h0d4dhzr4z0txtwe9p5zxf58xcmxd
69856569D85DCDD2CEF7FD9BA4667B8BB7EF5D0A33E49B6331A66D479FA2E230;write_session;pb1xzl9wgh0ry2dma43f58vmuteqd3996j6mhqhgz
B03A306B92F2A0FBC4131075A17AF0AD8ADC32105B1D9C2307F292973000EF91;write_session;pb1xvd4k9jg5h0d4dhzr4z0txtwe9p5zxf58xcmxd
99F8949DD1669807257F5EB5E17AF4469D8DE10B914DE8FB856B010A9559B2D1;write_session;pb1xvd4k9jg5h0d4dhzr4z0txtwe9p5zxf58xcmxd
1B82FEC344D5EC547EADB0501A5B0ABD9A2271116DE90D4CA2F969935D73D3CF;write_session;pb1xvd4k9jg5h0d4dhzr4z0txtwe9p5zxf58xcmxd
1823FF22F3C0B24717F43D032E176723C4E3F7999D7B2C039BAD6DACDE2986E1;write_session;pb1xvd4k9jg5h0d4dhzr4z0txtwe9p5zxf58xcmxd
7666ACB3EDB0816507F5128F13A24E0C8EF2AD9E7CE70185FC7162204C1A4436;write_session;pb1xvd4k9jg5h0d4dhzr4z0txtwe9p5zxf58xcmxd
2B6425F322BB71BE1CEAB4DADD480B684BA62BB3A0A621C294DD9B9CCB2AA799;write_session;pb1xzl9wgh0ry2dma43f58vmuteqd3996j6mhqhgz
B835512A4A78CE4B234C358CEE9B6DE287135D127B581CF094A1804D8D5EB50B;write_session;pb1xzl9wgh0ry2dma43f58vmuteqd3996j6mhqhgz
574C46BBFCEC59B49B51583D0489072109503CE1DDF4334F86A044F9CF29A3B1;write_session;pb1xvd4k9jg5h0d4dhzr4z0txtwe9p5zxf58xcmxd
87D59C873050F8A23264E375B4F1761F505B3A7D050DCA0AD5CB7C9A1DCA3814;write_session;pb1xzl9wgh0ry2dma43f58vmuteqd3996j6mhqhgz
067A645D92D37A9E7ED8A19D466EFDC7B3986EC19C1906CEAC312F54441B33F7;write_session;pb1xvd4k9jg5h0d4dhzr4z0txtwe9p5zxf58xcmxd
D173D8792B2FAA24F381B5D4C0B871A1435996DF9E5A7F9EF03B2D049BD039DE;write_session;pb1xvd4k9jg5h0d4dhzr4z0txtwe9p5zxf58xcmxd
A908F4982903367EE518659EF66C97995BAD79CCB5ADC459DA72A486E0944EFE;write_session;pb1xzl9wgh0ry2dma43f58vmuteqd3996j6mhqhgz
EBAC738FCA6E9EB2FD4FD719D6B54294DA3C6A843C360E90916F19317666C5C1;write_session;pb1xvd4k9jg5h0d4dhzr4z0txtwe9p5zxf58xcmxd
A846667C6475C90FD3CD7C55B9AE3747835269356BC3EFB2FA251C30BA3CF883;write_session;pb1xvd4k9jg5h0d4dhzr4z0txtwe9p5zxf58xcmxd
950853F399EFC87FFFA218488A402F3F57DE0225C0CA58CCDAD63B1BB1EECCC6;write_session;pb1yvmg7c0hmhunrr6mrh5vz3mu4g2z06l5y842xz
238B6A4DDAE4D9A260078BBAC910A2A65406311CED9683C220E3B0A63351840C;write_session;pb1xvd4k9jg5h0d4dhzr4z0txtwe9p5zxf58xcmxd
9E72CF8150E118817F207BF78438B593DAAA410D26741CCA60FD3BD98354A8BD;write_session;pb1xvd4k9jg5h0d4dhzr4z0txtwe9p5zxf58xcmxd
B5C6DE8BA8CFD61AF2D0D05F33DEA4541D756551C8EA07BC1309623440B3C7F4;write_session;pb1xvd4k9jg5h0d4dhzr4z0txtwe9p5zxf58xcmxd
8BCAFD41D908155A50BA3E156541222F5B292D7CE9DF511D304E8C8107D5EF8E;write_session;pb1xzl9wgh0ry2dma43f58vmuteqd3996j6mhqhgz
376D6DA2B8854FA9560F0F0E022E2D9B53AAC4DD3E2E6AC6EEEDFB54166EE6BE;write_session;pb1xvd4k9jg5h0d4dhzr4z0txtwe9p5zxf58xcmxd
0CEFA1A8EAA1E839CDE0807A8D3E9B51A1DF445608A8DF51127C31000D0425BF;write_session;pb1xvd4k9jg5h0d4dhzr4z0txtwe9p5zxf58xcmxd
02AAC176CB13618C553E0ADF5D798B09D561761A3216BDC5D159DE8F09050755;write_session;pb1xvd4k9jg5h0d4dhzr4z0txtwe9p5zxf58xcmxd
5ED4A9DFC698271EE904D033B37E29B416D0261CD06FE7326F512997386C4A3E;write_session;pb1xvd4k9jg5h0d4dhzr4z0txtwe9p5zxf58xcmxd
D821C6D3088929D8F4B2FD4EA09F87BCC379264CDF2D94D0A1F9537FE8470D42;write_session;pb1xvd4k9jg5h0d4dhzr4z0txtwe9p5zxf58xcmxd
CBD3C702192E7D1A39502E3CB81A3FD228094C212C07C9B47362B77929DABC53;write_session;pb1xzl9wgh0ry2dma43f58vmuteqd3996j6mhqhgz
0B22B96D0EEB21DBB4127447B1E62DE1C03F932C0D4B9DE5DBC6B97B831055AA;write_session;pb1xvd4k9jg5h0d4dhzr4z0txtwe9p5zxf58xcmxd
DE0E0272AEB62A854F427429C83BB3F59402D74BA982416BF456CBD906B97D8C;write_session;pb1xvd4k9jg5h0d4dhzr4z0txtwe9p5zxf58xcmxd
859A09EA2A803F9EF25865FFC0710CCE8089F8ABA1A478DB6B389E2703618EA9;write_session;pb1xzl9wgh0ry2dma43f58vmuteqd3996j6mhqhgz
706C1B2B11A877B449AF5BB629AB2652279DC0B3805E822D5738B954E47A15D5;write_session;pb1g7n9qcd7zzpafv0zx8u6gdqvj34aalqapygrks
A6C4C9D1CAA2650D1EDBCCB3274ABA21DAB7C39600342BCDE5531A91D76462EC;write_session;pb1xvd4k9jg5h0d4dhzr4z0txtwe9p5zxf58xcmxd
F1A20502E1E1796E5CBD93C77F4AAA7ABF006EAC9FDF74A5B504E8E3C266DF58;write_session;pb1xvd4k9jg5h0d4dhzr4z0txtwe9p5zxf58xcmxd
A82FF89F7E6EEC6B1D3F3253D3B6988BF3FD2709B6EBE8851275E0D1ED5AF84A;write_session;pb1yvmg7c0hmhunrr6mrh5vz3mu4g2z06l5y842xz
C84966F23C3625B6BAEC60963E7B62F58EFC93F297148268B1DC4C774CE796E1;write_session;pb1xvd4k9jg5h0d4dhzr4z0txtwe9p5zxf58xcmxd
2C77CE506ACFA13BF80ECE8270A0B20B72155B15EC1A33D342946F7FF98CF561;write_session;pb1xvd4k9jg5h0d4dhzr4z0txtwe9p5zxf58xcmxd
D820C73FB0A556EE515DA2165781FC8A7226AE47CF567380A212DEEFCC74C39E;send;pb1pr5ekk8nndfmla093q5yrrmzhgg2zcsj4kdqhe
D3D26BC929F2C99AF7A616D0A0C9ABA9F43F6523470F65599F908316F60317BE;write_session;pb1xvd4k9jg5h0d4dhzr4z0txtwe9p5zxf58xcmxd
F10654796E405CAFE855CF630F2B2EA728CF3CF3A24524F96D0C9A9925798A51;write_session;pb1xvd4k9jg5h0d4dhzr4z0txtwe9p5zxf58xcmxd
AD42702DC2F2E7B13EC7ACACEC1F91DD5E401639B1B16FAB4A51895D11C01136;write_session;pb1yvmg7c0hmhunrr6mrh5vz3mu4g2z06l5y842xz
B30EFD07DCFB610E3F9226E0AA2CCF2E2680A868F8B03D333EA836A8501C4191;write_session;pb1xzl9wgh0ry2dma43f58vmuteqd3996j6mhqhgz
