A1187329DFC2741AEDFC5809C9C06FDD098CB13AC13CD837DC890645267E77A5;grant_allowance;pb1pr5ekk8nndfmla093q5yrrmzhgg2zcsj4kdqhe
3A8CB1D14002B8C71470919352CD0D5B26F0643B3B4EAC303411CF4399464471;grant_allowance;pb1pr5ekk8nndfmla093q5yrrmzhgg2zcsj4kdqhe
478BB104F43990302D85770367183AE80E5B2BBE7D57A3C85983A02C379B6FF8;send;pb1pr5ekk8nndfmla093q5yrrmzhgg2zcsj4kdqhe
589F2DDEA53E49C2EDDA4585B15998A35BEA5C77D4649C512C068E5A1B7858B5;write_scope;pb1xvd4k9jg5h0d4dhzr4z0txtwe9p5zxf58xcmxd
A349A8F6008A7BEFBC3E8513FE83910ED4592741C5D76393266F654A200A7286;send;pb13dfvqt7zyp69z3el72qsu6z3f0egh9xfng9jvt
03863FF13F954BDBB9EA5543B20F2C6096354B5FE1A2C9A8D7CC6340422541C8;update_client;pb19kzuzfmmy9wjr3cl0ss8wjzjup9g49hq0xwu8c
60B888E6118BC87DED8EE504EB9D2A2545B67985DBE815B2F983F5DF193631A6;update_client;pb16vmp7sz28pnvgz6f3zm6q93y39jsd33aazwg4u
1902C31C6C0499309C32B72BDD6EB483C4B33AACA5246E4AF668F88E46FD5174;send;pb1cllqtg92pd2482zw9rr24uyfa4aldtl8r5v500
956039089DA1ECB9B28F792D69C0056B7A44FFB1AB5CB62D9F691472881B2DFE;write_scope;pb1xvd4k9jg5h0d4dhzr4z0txtwe9p5zxf58xcmxd
A825DA848932DC6A61D2B7E5B82F56846BA7444A0C073842E2370B71D9B3E860;send;pb1pr5ekk8nndfmla093q5yrrmzhgg2zcsj4kdqhe
BD74B7C3ADED7F7051434C1B5749D94EC3877D1BCFDD0F77D8F411FBC4A0EF77;send;pb13dfvqt7zyp69z3el72qsu6z3f0egh9xfng9jvt
446AC3BF39F8AF4295B4686247E29C7A99A3DFC421F869E0A523B94C6D9A63A8;write_scope;pb1xvd4k9jg5h0d4dhzr4z0txtwe9p5zxf58xcmxd
1F3BFC8ECBFDE7E3BD074B89D199FF26FE47FD34500B1E19A75E343153716E4C;send;pb13dfvqt7zyp69z3el72qsu6z3f0egh9xfng9jvt
29D058287B76A1271CDC694ABD35CB6F09D855F49FA6261F73B8832B43A3D680;vote;pb1gf7tv6svl3xqluld0j0d3lvuvr2v08vd52k6x3
AAD0D843656D8C39BC2A24CDC6D6DEE044B53FDE21C268F451DB539D65EAA22C;write_scope;pb1xvd4k9jg5h0d4dhzr4z0txtwe9p5zxf58xcmxd
A4BC03978013BD4E103EFB4E98288DE97F00B909C3B8CC8F9119B47735F995C0;write_scope;pb1xvd4k9jg5h0d4dhzr4z0txtwe9p5zxf58xcmxd
ADDF07F88803B9EE8218B0130FC7D6A29ADF732E960277C092187516EB7974C3;write_scope;pb1xvd4k9jg5h0d4dhzr4z0txtwe9p5zxf58xcmxd
8A09A06E733B8BF5CB24E21256443F1304CAA6BD0D023E2321DE718EC7AE2A20;write_scope;pb1xvd4k9jg5h0d4dhzr4z0txtwe9p5zxf58xcmxd
8CF61B84CAD9FA3A7B8AB925433ED6679184A32DC7410B124ED3E150EE36A9F0;write_scope;pb1xvd4k9jg5h0d4dhzr4z0txtwe9p5zxf58xcmxd
5E0910A8923651828BB9B4367A156237D4B758E67767CE07F76AEBDBA03CC17E;write_scope;pb1xzl9wgh0ry2dma43f58vmuteqd3996j6mhqhgz
8CEC4FF3F6DDB483F3D2AE3095C0A76FA94AF9B6189A4D650A45D6515E7DE85E;write_scope;pb1xvd4k9jg5h0d4dhzr4z0txtwe9p5zxf58xcmxd
B2BFC9D01317DA62FC2F3B8171DF90080D71CF8C339CA98721E86C41DE5DDD04;write_scope;pb1xvd4k9jg5h0d4dhzr4z0txtwe9p5zxf58xcmxd
ED79B5B0219310697435310247780A22095B2EA274B012DA595AAE60252673DF;vote;pb1u6utg39mzgyfvrlsg08k0tuwrx8le2v06rt295
3AD090D98F95C470A50CE2AC532E59E433E8657BBB43F90B0792DF4B9D424574;write_scope;pb1xvd4k9jg5h0d4dhzr4z0txtwe9p5zxf58xcmxd
3B8590DB48C6F3B013606B9BA00F0BAAC3A686CC0BA2C71C520DB1B384CF6BDD;write_scope;pb1xvd4k9jg5h0d4dhzr4z0txtwe9p5zxf58xcmxd
94FF5B0E63313E55A673F99E125315E3C46A263DB251559839CFD2DDD17B8CAE;write_scope;pb1xvd4k9jg5h0d4dhzr4z0txtwe9p5zxf58xcmxd
7F43AF53F70CFF4318299654624B6AF2F6B3549A291974BF10E27B3C834A1219;write_scope;pb1xzl9wgh0ry2dma43f58vmuteqd3996j6mhqhgz
6C2C89F5B092E43C3B11BB78EB8B7FF6DDB01D484AB84CF297A7E0FAD2A821EE;write_scope;pb1xzl9wgh0ry2dma43f58vmuteqd3996j6mhqhgz
7D22FB24D5BE124739304579FBE1572585E1858839A0608F21F94C659E6ACD2C;write_scope;pb1xvd4k9jg5h0d4dhzr4z0txtwe9p5zxf58xcmxd
E3AA587735D983188530ADD84464493B1756BFC6E050123D27351898D132D60F;write_scope;pb1xvd4k9jg5h0d4dhzr4z0txtwe9p5zxf58xcmxd
A52702932675D2738E9121FE837BE09877D2A33B857FFF270D6C3EA03927042D;write_scope;pb1xvd4k9jg5h0d4dhzr4z0txtwe9p5zxf58xcmxd
BADE4099F3A234D006FA9C8673F6E4E9A3ED68F29F72CCD341B43662240D9733;send;pb13dfvqt7zyp69z3el72qsu6z3f0egh9xfng9jvt
2729C8A06776C6E5BB63AC280DD57CCC894A272E34A7AFD92EAFC9356C5C3BAF;send;pb13dfvqt7zyp69z3el72qsu6z3f0egh9xfng9jvt
B8B3195DE3DC03CD2EE39AA0351E719C593D34E769904BF321C436A5F2B7F95A;send;pb13dfvqt7zyp69z3el72qsu6z3f0egh9xfng9jvt
4DEBB3336CD7171243183F22F3B0DB303E225265982B18240499DC931EC405E6;send;pb13dfvqt7zyp69z3el72qsu6z3f0egh9xfng9jvt
EF335D0434C7126A68D86C9C351E32AAC0A841BBD09FAA54D059650C3C5AB152;write_scope;pb1xvd4k9jg5h0d4dhzr4z0txtwe9p5zxf58xcmxd
2A6042B3241D45933C3C10DA17B4A503F40F713CCFF6C6DCB3EF6D78CF1710D1;send;pb13dfvqt7zyp69z3el72qsu6z3f0egh9xfng9jvt
AEFFE1C44F0C63E705C97A6E8BD0749556F5EE0C299C5A5B744FD3AA6CCBF617;send;pb1ue8c6wvts6dmshrqf0f7jlrzss90fswf6rrsek
D65A0B673AA1CBE3215A6D93556A3FDB1D254B4B92C90BC54D3B35D123FCCB59;send;pb1ue8c6wvts6dmshrqf0f7jlrzss90fswf6rrsek
480FE0C102E8F9C4FB458B6916A3F1F3612258247A289D942DA8ADCC5292D7B1;send;pb13dfvqt7zyp69z3el72qsu6z3f0egh9xfng9jvt
AAD6FBF2C876722DA2862462B13FDDAD678EBF5F996F2CF51834B9DA916305E8;send;pb13dfvqt7zyp69z3el72qsu6z3f0egh9xfng9jvt
C1DFBF302630F032D46F8C0864E29A2DD66FF8E0D88838CDBF51C700FE05AD07;write_scope;pb1xvd4k9jg5h0d4dhzr4z0txtwe9p5zxf58xcmxd
6FD2DAD1A43D3BF484488BD283E22CFD43E4783225211FAB3321DC44A3BB4A07;write_scope;pb1xvd4k9jg5h0d4dhzr4z0txtwe9p5zxf58xcmxd
9241E27C822488309455C24DF6B7A9813E62226E080F1EEA70B9CD37E28B1D96;write_scope;pb1xvd4k9jg5h0d4dhzr4z0txtwe9p5zxf58xcmxd
C40E2C96BBC9B27A5B23057F6D3D7834DB4C15417534808410CF32BC720BCF04;send;pb14kv02494hu98zq9grt6ahsjup045zp9a2tuak3
1D3473565AB4556E11F4B2A3FD5CFAA1097577E1C6C89697DA8DD9A24A220427;write_scope;pb1xvd4k9jg5h0d4dhzr4z0txtwe9p5zxf58xcmxd
33083F1106A5BF85258A846801E2F35DF08219EDC5955AE6FF3A1DEE590E2EFB;write_scope;pb1xvd4k9jg5h0d4dhzr4z0txtwe9p5zxf58xcmxd
CC127D7AF68C7478EF80DC9563D965079FE3984CBFF8333980A6975E2EA15A98;write_scope;pb1xvd4k9jg5h0d4dhzr4z0txtwe9p5zxf58xcmxd
CB0015EB917EECEAD4DF9EA73A4AA7F37663937EBA7B0A13D3191258C32F0D8B;write_scope;pb1xvd4k9jg5h0d4dhzr4z0txtwe9p5zxf58xcmxd
70D6CBD6791050C394559BE69109155F1E326D0F6655F889F694AFB4A16B5C0D;write_record;pb1xvd4k9jg5h0d4dhzr4z0txtwe9p5zxf58xcmxd
1B88C9FBAF3010121BD3D3882FB1CC5FA291033976749F630A96D471CD035041;write_scope;pb1xvd4k9jg5h0d4dhzr4z0txtwe9p5zxf58xcmxd
8945321B8FCC7B27237D2B7011AFA7F94056A4AC68DC6A1D62514139246B8E55;write_scope;pb1xvd4k9jg5h0d4dhzr4z0txtwe9p5zxf58xcmxd
8B8345D0E07F612A018516902A4FB998CAC19F1DA941730D79116669AFE1F1D3;write_scope;pb1xvd4k9jg5h0d4dhzr4z0txtwe9p5zxf58xcmxd
1502AFC2ECA190D668036751CD79FD33E8003052EE76F9312655F03F83EFDE26;write_scope;pb1xvd4k9jg5h0d4dhzr4z0txtwe9p5zxf58xcmxd
E09D002EB2BBDAE54AF0FF82F2237515B93336299E6FB8E5957B76C4BA4BD8A6;write_record;pb1xvd4k9jg5h0d4dhzr4z0txtwe9p5zxf58xcmxd
33DC20581B891D7FFF2206C6A395CA9EEB65A088FB507EB76E1E364136F67E20;write_scope;pb1xvd4k9jg5h0d4dhzr4z0txtwe9p5zxf58xcmxd
B6F1419813CDA2BEB485EAE203C8653431B414BE55589A5964D31F975149176E;write_scope;pb1xvd4k9jg5h0d4dhzr4z0txtwe9p5zxf58xcmxd
1D0CF4C7A02E555009310C6FCCBE5B01AF1DF406A200A9A5D9E2D5D4D8B7088A;write_scope;pb1xvd4k9jg5h0d4dhzr4z0txtwe9p5zxf58xcmxd
69242A9714AFAFD4C5410D5BED98E5C22093F51CD2A26A61080094BA985CA523;write_scope;pb1yvmg7c0hmhunrr6mrh5vz3mu4g2z06l5y842xz
1B01AB05B99BF0224041A5E18CE367A02F7A6CF8A8574C9A91FCF19B218D3BAB;write_record;pb1xvd4k9jg5h0d4dhzr4z0txtwe9p5zxf58xcmxd
2736A171158428B21BC0F6A686F67CC108D7D2F81E9D2B69F79D086B77C0536B;write_scope;pb1yvmg7c0hmhunrr6mrh5vz3mu4g2z06l5y842xz
B408E369B2245C485C9D3AB3BA366958962DEA9A109DA28D1F05465B78111661;write_scope;pb1xvd4k9jg5h0d4dhzr4z0txtwe9p5zxf58xcmxd
A804428E86B9BE6F5E560D504B589BCEF7E79BA6B337CBAD0C5DD29BBC0256B9;write_scope;pb1xvd4k9jg5h0d4dhzr4z0txtwe9p5zxf58xcmxd
FF067532F62CFD4C66E414F592E531F26EFA9FEE93358FD2380464BA4C64C623;write_scope;pb1xvd4k9jg5h0d4dhzr4z0txtwe9p5zxf58xcmxd
E45145A79266E4FC5D2D1393CEB8F63AE04842646447116B43F0456167142EBA;write_record;pb1xvd4k9jg5h0d4dhzr4z0txtwe9p5zxf58xcmxd
3E2B86F58117C6EE5DA72E56CEB0DACCBA9405A9A1E3CFC5FA51B778F5F87BE1;write_scope;pb1xvd4k9jg5h0d4dhzr4z0txtwe9p5zxf58xcmxd
4185F18F051FEE11AFD76DBAE9A4103A96766CC92E4FD52B31B274817196801B;write_scope;pb1xvd4k9jg5h0d4dhzr4z0txtwe9p5zxf58xcmxd
797A60411CD394D988A18D5A9483BC1D996C8C421672301359BC9E84DFC25366;write_scope;pb1xvd4k9jg5h0d4dhzr4z0txtwe9p5zxf58xcmxd
9EBC984214FE4C9F4D5A12F5C7DCF19F4AC1F27B2D296F97594C369A209E9EFB;write_record;pb1xvd4k9jg5h0d4dhzr4z0txtwe9p5zxf58xcmxd
0E237A256C6DB836DF14FF4FDA7CC2EDB21408BEC35756C02457F595E7607F0A;write_scope;pb1xzl9wgh0ry2dma43f58vmuteqd3996j6mhqhgz
2AF14537C9224735810FD534A3F6DE22734ABB05942939038346B9DE0714AD95;send;pb13dfvqt7zyp69z3el72qsu6z3f0egh9xfng9jvt
A87CA161265E2A9CD2A5E2B9C9E9A058BE8A69357DDEC8738CC417FDE57B81A8;send;pb13dfvqt7zyp69z3el72qsu6z3f0egh9xfng9jvt
F132FEE2349AEE21DD49C04689613B3C3381EDCA9D1824BACD11D33E78CFBE73;send;pb13dfvqt7zyp69z3el72qsu6z3f0egh9xfng9jvt
3323C42074542BFD4CA2FAAF33E522E373FC6E5B64B8C006AFC4DB1C727F8D05;send;pb13dfvqt7zyp69z3el72qsu6z3f0egh9xfng9jvt
8E190D60D2D7155DADFDF824CAD98AA957CD866E4DCA29AF2158D86ADDD03C7E;send;pb13dfvqt7zyp69z3el72qsu6z3f0egh9xfng9jvt
EC8B6C28FC205CFA06DE6502E63AACD8D81DDEC0AE3F6C0E380EFBBE1B4311E9;send;pb13dfvqt7zyp69z3el72qsu6z3f0egh9xfng9jvt
CEDC9B1B8ED7ECCA8CC888458CC65C93F1D4564C80BBDC1CB483E37C6C11838C;send;pb13dfvqt7zyp69z3el72qsu6z3f0egh9xfng9jvt
3D0193B2DB9B582B8CBC96FD707580B5BF063BBE82D4DDC8DDAAC51C92F53048;send;pb13dfvqt7zyp69z3el72qsu6z3f0egh9xfng9jvt
69FF39716832B9FB41ED3E8D98E5BD7589A297034A7DAF0FFDA03D869E9C86F4;send;pb13dfvqt7zyp69z3el72qsu6z3f0egh9xfng9jvt
93FE240C7EB9CA55B9F392B7276BB5E2B1014FFC45C9F07EA28E329A0A2847A7;send;pb13dfvqt7zyp69z3el72qsu6z3f0egh9xfng9jvt
223F3BAFBDF6CA66B0465E4683F27CE150E1B64CCBBB8145A65DBC94193AF290;send;pb1jlkx797ys6h9dadtlehgapp5lpzne89c2rprs3
3D08AD9F59C2A865E4592E06483F178003B8879E6C5288483003D23309041F6C;send;pb13dfvqt7zyp69z3el72qsu6z3f0egh9xfng9jvt
C2886FCD54E0912267020937B174698617F6067A97CEC1FB83C00B9690A4E609;send;pb13dfvqt7zyp69z3el72qsu6z3f0egh9xfng9jvt
F900E1E2D4DE4FDEA09C17B28E728652CD155255B9401EAD1115C7BF394AEFCA;send;pb13dfvqt7zyp69z3el72qsu6z3f0egh9xfng9jvt
337383E11BE33A24BB5310E27DD7AD58B36BEE9467394603E84EB740C3A16895;send;pb13dfvqt7zyp69z3el72qsu6z3f0egh9xfng9jvt
C67E9D70617F9387F69559D1ED302B879FE3854DFF0B9E81E582F075FE4E53E7;send;pb13dfvqt7zyp69z3el72qsu6z3f0egh9xfng9jvt
D5FD4FA456A1217E2B0CB172E933340460FF80B87D7E44458E626A54F0D634D0;send;pb13dfvqt7zyp69z3el72qsu6z3f0egh9xfng9jvt
C25A74642638632613DDE790285C4E20971C88699C60EEE4DFE4A012821C6084;send;pb13dfvqt7zyp69z3el72qsu6z3f0egh9xfng9jvt
3FEF10BA65C219C26105F01864C65EBEE0D4D1C639FE60C0BCDC1BE557DBB166;send;pb13dfvqt7zyp69z3el72qsu6z3f0egh9xfng9jvt
D7407B5B0ADFBD99741DC3A9572677DB613D29CE0FF2E313F9EF1075A51C8988;write_scope;pb1xzl9wgh0ry2dma43f58vmuteqd3996j6mhqhgz
6FD570A8AEF36817A33394AAAC8094DCD038E1A2807855B29D28A445B208F70F;write_scope;pb1xvd4k9jg5h0d4dhzr4z0txtwe9p5zxf58xcmxd
E74DACB64C739BBD831C20B08C578F9774D27AD7ED4CCA117AC43B38BF99E6BD;write_scope;pb1xvd4k9jg5h0d4dhzr4z0txtwe9p5zxf58xcmxd
9C0A1B62B788250A5CB962352876DE7F85CB32EC7404AD0566B745E1BBB6112F;write_scope;pb1xvd4k9jg5h0d4dhzr4z0txtwe9p5zxf58xcmxd
CC5C9C659A838F97386547BB633B17964ED206E8854BDAE5314351C4B88BCB4B;write_scope;pb1xvd4k9jg5h0d4dhzr4z0txtwe9p5zxf58xcmxd
30F368D7724612C111F34BADFAED874E4CBB616CA35FC63AA66892D707C6AB15;write_scope;pb1yvmg7c0hmhunrr6mrh5vz3mu4g2z06l5y842xz
8C0938BEAD30663B7F808524E3C3CC841C571BFE1A54714008908E78A457F92F;write_scope;pb1xvd4k9jg5h0d4dhzr4z0txtwe9p5zxf58xcmxd
943ADCF6E7A153833139487411560E5FC2756E4CB12A03455080263819E0EB23;write_scope;pb1xvd4k9jg5h0d4dhzr4z0txtwe9p5zxf58xcmxd
AAB0583B4B6A446C2DC3D70F562C9E0B75333E6DD6955EBD64AC0D223444FDC6;write_scope;pb1xvd4k9jg5h0d4dhzr4z0txtwe9p5zxf58xcmxd
D40CA8FAA55066EE978C23D8D2E98D5569688893B488F07D27FB35BC15638F1C;write_scope;pb1xzl9wgh0ry2dma43f58vmuteqd3996j6mhqhgz
826915D8B13CA399A3565C2678060BC5E735A306D3E0C8731985910690F366CE;write_scope;pb1xvd4k9jg5h0d4dhzr4z0txtwe9p5zxf58xcmxd
016636B181E2AAD593C6485762E62246874ECA1A4AD807D6207CEB00601249F0;write_scope;pb1xvd4k9jg5h0d4dhzr4z0txtwe9p5zxf58xcmxd
D660F461016732527D42696AFE289DCB563CDAC42948365EB7763FFDEA05440E;write_scope;pb1xzl9wgh0ry2dma43f58vmuteqd3996j6mhqhgz
F3D96521E9488582B1A5E96069262000F7F6EF2BC1C89A9E05D3699D3864EB3F;write_scope;pb1xzl9wgh0ry2dma43f58vmuteqd3996j6mhqhgz
EDEAB37F928A32CE339C682B651ABF9C6E99B8888E57D8A6CD2748343FF1EA54;write_scope;pb1xvd4k9jg5h0d4dhzr4z0txtwe9p5zxf58xcmxd
57D0532E409FE1E3B447C5E986FA48D9185CFF00435A3DBCD9F9B2EB2717FB06;write_scope;pb1xvd4k9jg5h0d4dhzr4z0txtwe9p5zxf58xcmxd
4F387FBB719BB9C92A2B111DA9321D3FF63C0EEFCACC0F94215065969A7F96F9;write_scope;pb1yvmg7c0hmhunrr6mrh5vz3mu4g2z06l5y842xz
4F36EAFFE8E56D41B7081D92875B977E3587AEAF55B5B8CF5D0EC00F4F57F5AD;write_scope;pb1xvd4k9jg5h0d4dhzr4z0txtwe9p5zxf58xcmxd
A7B85854FBFA4AD77D835B1A943D11C756A3A8A26D8B5AB74CFACB05C5C6BCDB;write_scope;pb1xzl9wgh0ry2dma43f58vmuteqd3996j6mhqhgz
582CB897F9B0A32CBCAFE9BC777E5B29788DA2A462010E440715987A8DE44229;write_scope;pb1xvd4k9jg5h0d4dhzr4z0txtwe9p5zxf58xcmxd
D554FA691D67006182479643EB2C5AC1B0FB7B0225AC895AF3BB2978987EDD50;write_scope;pb1xvd4k9jg5h0d4dhzr4z0txtwe9p5zxf58xcmxd
3693C308B4F0456B04CFF170DD37A8EB82796BC46DE67F6DD90F59AA206F3094;write_scope;pb1xvd4k9jg5h0d4dhzr4z0txtwe9p5zxf58xcmxd
AEA090C0E260A8959C34C99D97ECAE3F4BAC21C88A5FE5DCCBDA4D98F4FDDBC4;write_scope;pb1xvd4k9jg5h0d4dhzr4z0txtwe9p5zxf58xcmxd
12700A7935EF5854E0327269DF68FA11D633AEB9B3BDA2AAD57DD1A0C394D367;write_scope;pb1xvd4k9jg5h0d4dhzr4z0txtwe9p5zxf58xcmxd
40912D3D041BC390BD1CD802353558A55FC4F67FEF9219090B74268627EB21E4;write_scope;pb1yvmg7c0hmhunrr6mrh5vz3mu4g2z06l5y842xz
5CE3E97FAC131692C5FC9D3A6DEC88DA07E7DC36FCA2E425DAC5F29730CBB513;write_scope;pb1xvd4k9jg5h0d4dhzr4z0txtwe9p5zxf58xcmxd
2BADCEB9121314774C23CA79A92B3F02FCAE741AFEEE219C35FD8D4F603579B1;write_scope;pb1xvd4k9jg5h0d4dhzr4z0txtwe9p5zxf58xcmxd
63B58C21609846F4DB82C31F433391E299D5C0D39F40F7C5F0FE6598C6AACDD8;write_scope;pb1xvd4k9jg5h0d4dhzr4z0txtwe9p5zxf58xcmxd
4A37C48AA1F77984E96FAE8BE3085C21D3C0D00EFB87EBB0F997D8D0CF471CE6;write_scope;pb1yvmg7c0hmhunrr6mrh5vz3mu4g2z06l5y842xz
6E48937B7A6614CE18BF38FD47CAC7A0F97DE612644ABF3C6C18460695114F2E;send;pb13dfvqt7zyp69z3el72qsu6z3f0egh9xfng9jvt
DB476E434D18E3B24EC58735C1B32060D8D0BE6080157E083BFE5F2D90B7B3DA;send;pb13dfvqt7zyp69z3el72qsu6z3f0egh9xfng9jvt
D19FC17241742BADAB9BA9C6C24171348081FF3A3A520049ED5596B2B7F08C56;send;pb13dfvqt7zyp69z3el72qsu6z3f0egh9xfng9jvt
AAF8A69DB35676BFFCD742BCCD41F934B8D96599591D9F36126F3FBCF12BB6E6;send;pb13dfvqt7zyp69z3el72qsu6z3f0egh9xfng9jvt
50C2A2537CF47637C6E33EC74462B36CE70DB2FB52019BF786DC0E45078DA4FF;send;pb13dfvqt7zyp69z3el72qsu6z3f0egh9xfng9jvt
A7A1FD0DF4CC5FA7D27A976B204484CA384A142C4C71AF902CAB40CB9EAF2DCA;send;pb13dfvqt7zyp69z3el72qsu6z3f0egh9xfng9jvt
E8D411D136A7BEF078021B655D8C06092B66F1E259FE8D1FCF69619AF9B1BC66;send;pb13dfvqt7zyp69z3el72qsu6z3f0egh9xfng9jvt
098A8C81233F4DAB93071521921BB14D87B5C255BFB5516F5A5129CA25D17F10;send;pb13dfvqt7zyp69z3el72qsu6z3f0egh9xfng9jvt
14559B5DEB24776E43B55E95C3B520090F620649C2FF074A29A30CA14F0D54FB;send;pb13dfvqt7zyp69z3el72qsu6z3f0egh9xfng9jvt
B37976B79BD35C2C473E606EE9A21E97A6704A5551BC485C94E847A31A0599E9;send;pb13dfvqt7zyp69z3el72qsu6z3f0egh9xfng9jvt
51B1D99FBC3B9542BF67CDDEFD7D0F069033F77B6C8BA45DC0EE0E8DDDCF896C;send;pb13dfvqt7zyp69z3el72qsu6z3f0egh9xfng9jvt
D0B180C56DA064C63BCBF3D74CB0BCF4BFF68F2A126B7679D1747330AB14895D;send;pb13dfvqt7zyp69z3el72qsu6z3f0egh9xfng9jvt
24AA0E7406C70AE4BB6526503D7055001EE774F5508409564E9ED5E88BBEB5C2;send;pb13dfvqt7zyp69z3el72qsu6z3f0egh9xfng9jvt
D1F408BD396D439940782D67F0FF25D7E04CA66F13AA94B86697A294FF5E9BC4;send;pb13dfvqt7zyp69z3el72qsu6z3f0egh9xfng9jvt
7342AA1DA78C4481F3A6CC6E7DADED431171AF1B5F6C42739D18EC56D412DE5C;write_scope;pb1xvd4k9jg5h0d4dhzr4z0txtwe9p5zxf58xcmxd
9949A7D0A241BD566ACF467FF7820815B311FE1B61D4CCBDCB67C4E576D4FAD8;send;pb1jlkx797ys6h9dadtlehgapp5lpzne89c2rprs3
6C6DB80882E5048052E6268DDA1472BD4BD31FD639EE27EC9382CCFDABE63706;send;pb13dfvqt7zyp69z3el72qsu6z3f0egh9xfng9jvt
71F3705FDA1D71701D47BBAB9B2CDB0960CA7F35486CB984222765D1332ADE4C;send;pb1jlkx797ys6h9dadtlehgapp5lpzne89c2rprs3
2A1FABEF6177699AF5CBBB76B51C7256AC0AEB1B25C257EEEF042852E79B790A;send;pb13dfvqt7zyp69z3el72qsu6z3f0egh9xfng9jvt
B6E6EC30DF3031D517EEBB51B40AC00E492DA220338A3EB3F719C11333FF632A;write_scope;pb1yvmg7c0hmhunrr6mrh5vz3mu4g2z06l5y842xz
D501606446907D9D28AE228E607DB80DFE02BDD4C172D9033CAF107072A27F9C;write_scope;pb1xzl9wgh0ry2dma43f58vmuteqd3996j6mhqhgz
8D478F65908E93AFA757ECC09D7EB9211A6BEB99123BFA75C4CD55D6D66E7D26;write_scope;pb1xvd4k9jg5h0d4dhzr4z0txtwe9p5zxf58xcmxd
452062F0F834649CA0DF3505CC7E63BCF533266FF2FC63859BE609461250C834;write_scope;pb1xvd4k9jg5h0d4dhzr4z0txtwe9p5zxf58xcmxd
05EDB1C020BB59E615B303E4DAF5A6570B4D3DAEF3C54C5B651FD87D8434FE32;write_scope;pb1xzl9wgh0ry2dma43f58vmuteqd3996j6mhqhgz
8908B38AF135DC580EB41B7928AE505F1C55F226EECA8172940A77A1B1CD3DD0;write_scope;pb1xvd4k9jg5h0d4dhzr4z0txtwe9p5zxf58xcmxd
21F69DBA1A20659C0A8B3F7E73E980FCCE86FAA44E14F5173BAAAC1C3D718E59;write_record;pb1xvd4k9jg5h0d4dhzr4z0txtwe9p5zxf58xcmxd
17588C2B67E10A77914676CAE4A355F7384BF5EACE8A404C569497DC128775A3;write_scope;pb1xvd4k9jg5h0d4dhzr4z0txtwe9p5zxf58xcmxd
12874D755E56B6B36B29FF3CE5D50451144B1B153890B03627D5430D2718A721;write_scope;pb1xvd4k9jg5h0d4dhzr4z0txtwe9p5zxf58xcmxd
9B576C35EE8CFA79DA24E40C9F2EA3F6568483C060480F886BB465F94B7A3E28;write_scope;pb1xvd4k9jg5h0d4dhzr4z0txtwe9p5zxf58xcmxd
964086A72908E351872BF3F4A01C553B814D9A57F8E8A8D7D11C3F08478450E9;write_scope;pb1yvmg7c0hmhunrr6mrh5vz3mu4g2z06l5y842xz
FA2D2A33F582312B714B63BCCCE3F7C4A951A915DC8846E0AC566788590E07CA;write_scope;pb1xvd4k9jg5h0d4dhzr4z0txtwe9p5zxf58xcmxd
C852258E8C348B0A2849800BA3132751EC59F7BD35A21A632FADCC75DBCA9B36;write_record;pb1xvd4k9jg5h0d4dhzr4z0txtwe9p5zxf58xcmxd
E6F50F18370F1D5F0B6CE9E7102994FA2B7FEBF52CB8E2742E3AC7163F6427D1;write_scope;pb1g7n9qcd7zzpafv0zx8u6gdqvj34aalqapygrks
92C8A9F6BEC387AAF4A1C4F2743B6CA7CCD9FCF90D0DB29B36E84103C3D5FE08;write_session;pb1xvd4k9jg5h0d4dhzr4z0txtwe9p5zxf58xcmxd
B72B9947AF082C9B4F92BCE2FD49A17D854900D782A817BC76545F38C123A714;write_scope;pb1xvd4k9jg5h0d4dhzr4z0txtwe9p5zxf58xcmxd
9EC0C8C3290C605CD892F6A2B319D70E80C001375151163049930A477AC85448;write_scope;pb1xvd4k9jg5h0d4dhzr4z0txtwe9p5zxf58xcmxd
19746E37B0170740434AD5531DD1674A45AB024333E45B0E89E32A22AE0D80AB;write_scope;pb1xvd4k9jg5h0d4dhzr4z0txtwe9p5zxf58xcmxd
0B547B3F629FEF1BA594B05EA2973D0EA421F1A44DB1A47B3828F25D072924E5;write_scope;pb1xvd4k9jg5h0d4dhzr4z0txtwe9p5zxf58xcmxd
BA2A92D690C09CFC942004A7601D5B486A073C91EA7B0A1614CB21468DAF3938;write_scope;pb1xvd4k9jg5h0d4dhzr4z0txtwe9p5zxf58xcmxd
687EB1D9D9A6AC2FD3762891D5BA56F71BD8D3CFFC61AC81E1FA787FB71B5C23;write_scope;pb1xvd4k9jg5h0d4dhzr4z0txtwe9p5zxf58xcmxd
1A17123C16315620E795050B7C0E787F8351ACC900A34A8987BBFA4CD6DEB0DE;write_scope;pb1yvmg7c0hmhunrr6mrh5vz3mu4g2z06l5y842xz
A9C221385CBE0E1FEF825A8757B03804CCD0822191485788B71181A63F78562B;write_scope;pb1xvd4k9jg5h0d4dhzr4z0txtwe9p5zxf58xcmxd
149C34A66C6B776D978042D1786A247BF2540DEB56DD40019ACB0D95812C2449;write_scope;pb1xvd4k9jg5h0d4dhzr4z0txtwe9p5zxf58xcmxd
8C7CD079ED58535F000CC175F555BD89933CBB5E8BB9036477BD385323F4EDE4;write_scope;pb1xvd4k9jg5h0d4dhzr4z0txtwe9p5zxf58xcmxd
8A5613FF43A3A3D9EC3CC776CAE52608E99DCBD0C6BFF120A9B51EB15DFF8AA3;write_scope;pb1xzl9wgh0ry2dma43f58vmuteqd3996j6mhqhgz
CCB24FDBC812243A270660DBB56C5961B94F85F463F6B57549D524743E367109;write_scope;pb1xvd4k9jg5h0d4dhzr4z0txtwe9p5zxf58xcmxd
20CDE1F78C99F5A15DCA133383AFE00C9607129DEEB3BC40BD7A1A7115761ABF;write_scope;pb1xvd4k9jg5h0d4dhzr4z0txtwe9p5zxf58xcmxd
323BD90BCCCB7A7ACE0EBCE51481A394703593BCF54C3712F85AB4956FD28F05;write_scope;pb1xvd4k9jg5h0d4dhzr4z0txtwe9p5zxf58xcmxd
0084B2244DE170A9F0FCA878CC7BC826365EA361A0EC7EEACB36E2CF0D8E8391;write_scope;pb1xvd4k9jg5h0d4dhzr4z0txtwe9p5zxf58xcmxd
1812A95277DEDF34C7F6783710FF531882CB1E507C459BF580A195E762F58C1F;write_scope;pb1xvd4k9jg5h0d4dhzr4z0txtwe9p5zxf58xcmxd
6B301C177D799126391EBE82C0C43506C107EFCF6E40EE7E506CF49C1E9D0EE9;send;pb13dfvqt7zyp69z3el72qsu6z3f0egh9xfng9jvt
125E178C904B14586961322CEF52E0287CAF3F9ECE7799EC3E288BDEEF47CA78;send;pb1jlkx797ys6h9dadtlehgapp5lpzne89c2rprs3
9B26182812DA505843F6C83501D88BC81B6764F32FD9BC1ECE7570D44662CDBF;send;pb13dfvqt7zyp69z3el72qsu6z3f0egh9xfng9jvt
1E917773CF65C66B9F069992390EA372B30AA1F65655D8C6F4C1FF06000A3A56;send;pb13dfvqt7zyp69z3el72qsu6z3f0egh9xfng9jvt
855DBF87791D34D3C3AB55FE6046BEEFC333D6CE934960F8058D79109FD22336;send;pb13dfvqt7zyp69z3el72qsu6z3f0egh9xfng9jvt
EE9AAF9806C467491E5D2DB1CA1234C400DA51669E81DECE85A3107185775ADA;send;pb13dfvqt7zyp69z3el72qsu6z3f0egh9xfng9jvt
6E188539AFB3D4B1736FE48AC7289CD9D8E1A7B9D85FEC891B9FE192D031096D;send;pb13dfvqt7zyp69z3el72qsu6z3f0egh9xfng9jvt
6E56D415274C42C6D4B95B981E0B9508E4503E6F170350E59545388A6364EF74;send;pb13dfvqt7zyp69z3el72qsu6z3f0egh9xfng9jvt
B07717B6CAA05C0C6E722BEEB21C1BB04A54DB4D8691D5169EA268218497C4B3;send;pb13dfvqt7zyp69z3el72qsu6z3f0egh9xfng9jvt
B24DE7583367B8051B736EC4A2E6D8FCE0192E92B8EAC492C890DB43EE637B0F;send;pb13dfvqt7zyp69z3el72qsu6z3f0egh9xfng9jvt
5C5E02F1EC2713F0F5D16B2507280A3B1DEA9CC5345BF653ED9FAF36B589D36E;send;pb1ue8c6wvts6dmshrqf0f7jlrzss90fswf6rrsek
4D37F3500C46C215748414D4D0E084C7900EB7709677EF12F4053A45AD1A9A5F;send;pb13dfvqt7zyp69z3el72qsu6z3f0egh9xfng9jvt
4569B1B36F2EE96B99E8DB47DCADD59F163D94BF9FF4229CD872E835A0DA345A;send;pb13dfvqt7zyp69z3el72qsu6z3f0egh9xfng9jvt
504039DB347C9C2328C17CAE15D5BB33D43BA9F0EE387FA06F080A6B748F362C;send;pb13dfvqt7zyp69z3el72qsu6z3f0egh9xfng9jvt
F2630587F7DCA732BA3867AEEC8BFCE7006647180F8908D4506C1C8EE62353AE;send;pb13dfvqt7zyp69z3el72qsu6z3f0egh9xfng9jvt
341F67FBA1386FCE9FE537099834AFA1D203AEED44E0436FDA0CBD993B73E528;send;pb1jlkx797ys6h9dadtlehgapp5lpzne89c2rprs3
0166BCDE5B7AC9CE1BCA792DD3F25A6376D912A5852C145E9B7C9853F317380D;send;pb1pg7gy8nnkuxdzz8dypt5vapkz92cl8lax7qjvg
8F21B89A44CF06CC440BB9A1E2574FCF53F345F69656E68FD97A24E15F4E74C9;send;pb13dfvqt7zyp69z3el72qsu6z3f0egh9xfng9jvt
BF20BBFB85F2192041F7EFB92FAB73EC3CD82CECC46036D766232F03F53F2034;grant_allowance;pb1pr5ekk8nndfmla093q5yrrmzhgg2zcsj4kdqhe
