0211DF8553520C104A2F604D6D0686535304E2B7B8379C1549C9ED329BFC998F;write_scope;pb1xvd4k9jg5h0d4dhzr4z0txtwe9p5zxf58xcmxd
7B02A3E0DA04C57703A69C0ACBD98E7C81B4F2B9192B97D8BD8AFA5F500E9243;send;pb13dfvqt7zyp69z3el72qsu6z3f0egh9xfng9jvt
CB39D6C1D1D22F04479C4FF03AEEB042E1C8FC2C8B805282A75316932A2066F1;send;pb1pr5ekk8nndfmla093q5yrrmzhgg2zcsj4kdqhe
F6CC786E5B50CF5DE093BA79CF080C6B28101FAD35EF4D9688809191F116D2EB;grant_allowance;pb1pr5ekk8nndfmla093q5yrrmzhgg2zcsj4kdqhe
534FC54FB2C2788A2840EE6AF25512C3684CD21FD0AC1306AF3368ECF0693D87;send;pb1pr5ekk8nndfmla093q5yrrmzhgg2zcsj4kdqhe
0F99C58B85E3E49F58790ADF140642D89542F7007EFBC51F373CDE6718B56DD6;send;pb1pr5ekk8nndfmla093q5yrrmzhgg2zcsj4kdqhe
EDD22A4A7674973F1116E4FB6C0017BFB702B855A79FDEF4C501080916062503;mint;pb13p3fe2ydk7p6q9th5gl5ha4vmnz3ztpheqmkvz
92077953809E56B77704E9C06FE388634EA5C9510D92BE1235E7D020860061AF;mint;pb13p3fe2ydk7p6q9th5gl5ha4vmnz3ztpheqmkvz
D9DD569A127583FFAC5EEB527C6260DC38A2F1500372501DF9D6045D363E82C1;withdraw;pb13p3fe2ydk7p6q9th5gl5ha4vmnz3ztpheqmkvz
70E07558BEAF996ACEF919C8318B79672251FAF74A3267C9FA509AC68B38A355;mint;pb13p3fe2ydk7p6q9th5gl5ha4vmnz3ztpheqmkvz
90EBD389D6A15464E243A11CFCD557C5ADF8CBABD4AD58A248E58D85E54BF723;withdraw;pb13p3fe2ydk7p6q9th5gl5ha4vmnz3ztpheqmkvz
73006EF48ACAF34AFE64DC7640CA379D0C309FE23C13B10A11763670ED4BAB30;withdraw;pb13p3fe2ydk7p6q9th5gl5ha4vmnz3ztpheqmkvz
B2ED4E92DCA10C8D923BBD320D3D8264BAA2A3FF324204C88BA1E3675B846112;mint;pb13p3fe2ydk7p6q9th5gl5ha4vmnz3ztpheqmkvz
EE229E69B2991FB54B48619298BB8E6ED6D11EFB1F2EF705EA35316D067E64B3;mint;pb13p3fe2ydk7p6q9th5gl5ha4vmnz3ztpheqmkvz
9220B7A538C6DC491455A9A77AC954DE3B763C68960D2E9ECF68E9CFC9521EFF;withdraw;pb13p3fe2ydk7p6q9th5gl5ha4vmnz3ztpheqmkvz
E96B5E61E7F1640E3FFD7738DF479B5513B0C86CF31B2594F461D7406880F6BD;mint;pb1g2m2vp59amxd0hp5502e22hp0yprujd23z4qah
325432E4349961488F2B45178A283C002F3500D2D32E70CDDB072F62C56D2A8E;withdraw;pb13p3fe2ydk7p6q9th5gl5ha4vmnz3ztpheqmkvz
A87E8195CDC1FDE1D4DC37F9F981FD9B8ED692F0E47201D2F9A186F90BD1F4D4;send;pb1pr5ekk8nndfmla093q5yrrmzhgg2zcsj4kdqhe
D1232E06940B49D07EF94C8722B3B2C798726C33A6BAE666B0E9960A20FB4381;mint;pb1g2m2vp59amxd0hp5502e22hp0yprujd23z4qah
DD6B891DCCADF8EA4C3FAB0568BC7D43323C50FB3F0AA4B19BC193CDCA0ED74D;mint;pb13p3fe2ydk7p6q9th5gl5ha4vmnz3ztpheqmkvz
7BD25CFEF104531A404C38311F58BF819BF3FC391E98093863C14BB665A42270;mint;pb13p3fe2ydk7p6q9th5gl5ha4vmnz3ztpheqmkvz
C5E8857320F0D398F3C708FAA7221DB66202FB1D9C2DBE3C5510C50B383CC1A6;withdraw;pb1g2m2vp59amxd0hp5502e22hp0yprujd23z4qah
DAA22D844E9DCFDACD37BD503D7AC02573D023DA3E27AD9DF0A1A5CE6F438E55;withdraw;pb13p3fe2ydk7p6q9th5gl5ha4vmnz3ztpheqmkvz
07EE7D3880BF9F37AED1D49E1E0E5063383DA230BA16B7A0698C59BCA185A182;mint;pb13p3fe2ydk7p6q9th5gl5ha4vmnz3ztpheqmkvz
79956EAD0FC5A35774C6807FA88059A13A0F601AF9A957F16CC7D27B24F75D6A;withdraw;pb1g2m2vp59amxd0hp5502e22hp0yprujd23z4qah
6611E9FF18EE7359FD5A6E25903F8A2D9BDA316EA7D59439B97929FA13A8AC96;mint;pb13p3fe2ydk7p6q9th5gl5ha4vmnz3ztpheqmkvz
A068EA665F9B73B2B8A316B8E9E7480751EB9E5C28E747228460789912020D3D;mint;pb1g2m2vp59amxd0hp5502e22hp0yprujd23z4qah
60455C43D353B6E1888B9014B6924EE5E1C8A4C4A51AC94A0233C6A6FCC4DEEF;mint;pb1g2m2vp59amxd0hp5502e22hp0yprujd23z4qah
3F89736EBA6791F38B2D9050151BCADD2032F896D868817CE8853D79A5C2D807;withdraw;pb13p3fe2ydk7p6q9th5gl5ha4vmnz3ztpheqmkvz
D11AAC2AEF54A66D437DA6A5A1034DBB4859A74A68FD8F3A8E52E0134DF5D9AB;withdraw;pb13p3fe2ydk7p6q9th5gl5ha4vmnz3ztpheqmkvz
AFF35A68C66DEB76C4A2A63EF3181B93EDAE88D88E34EEDEB33CDC17229CC85E;burn;pb1g2m2vp59amxd0hp5502e22hp0yprujd23z4qah
33629F7BD658A49007C34894AB32BD06C50542CA785B82F3B8754089C3A5DF98;mint;pb13p3fe2ydk7p6q9th5gl5ha4vmnz3ztpheqmkvz
4A37D775E660DA3F570079FDB2EB3E30D73E9A1A068803E0AEE702FD1C518F7A;burn;pb1g2m2vp59amxd0hp5502e22hp0yprujd23z4qah
44F9F43C05B1CA9BF44D4B51FB4CEF8A135AAA294AAEEB32BF3C9D0BC9E80B5E;write_scope;pb1xvd4k9jg5h0d4dhzr4z0txtwe9p5zxf58xcmxd
889CE36C26C3F84E2C1B6C9648B95E28CF1F0185656AEEEA2B74DE7F30C3E0FB;send;pb1pr5ekk8nndfmla093q5yrrmzhgg2zcsj4kdqhe
1BFA5F8CB01470B1400A34BB53E12A827D834061583C1C98DB86992BBBFD176D;burn;pb1vm73d2qtvs86e2dguxt40tjzhv37r36h40wtqg
2F39A98231974C47CCDB89D66A1346C3BD08FCC1EF94315FEEF359E51B90401D;withdraw;pb1g2m2vp59amxd0hp5502e22hp0yprujd23z4qah
6E600C2DC41A23FA85A2C6E881CED8F5E29B8CE32C0D273776EAAF267B35A369;withdraw;pb13p3fe2ydk7p6q9th5gl5ha4vmnz3ztpheqmkvz
47A0751349B365706543D261085623679DCA60E1DCD5F5A35E1E6794DA63D314;burn;pb1vm73d2qtvs86e2dguxt40tjzhv37r36h40wtqg
23DF186A6F7ACE12645BB8286C89BA33042CC839C817D6E264BFAD7CDFE953E4;withdraw;pb1g2m2vp59amxd0hp5502e22hp0yprujd23z4qah
7725FD27C2659E41497B63717D2B3B0071DC0EB01759FAC047A492F35E42E6F9;withdraw;pb13p3fe2ydk7p6q9th5gl5ha4vmnz3ztpheqmkvz
A218241450EFA63F43F3977B363CB2C8F572979F7BCCF07C3A62F4E055A49010;write_session;pb1xvd4k9jg5h0d4dhzr4z0txtwe9p5zxf58xcmxd
F485E736727245EDC3B5F9D3FB6978354A73E452E98F865A15D8E82BE23D4573;burn;pb1vm73d2qtvs86e2dguxt40tjzhv37r36h40wtqg
BF088874D61E9C7C8523018C93B46596FE0DD1C94907B686D8E7A1CF28DC61AD;mint;pb1g2m2vp59amxd0hp5502e22hp0yprujd23z4qah
841968ADC00D8445C9C41A16FF4FC91CE5BEE17668D27F651A3237F71BC99C53;burn;pb1vm73d2qtvs86e2dguxt40tjzhv37r36h40wtqg
CE7CB773978CF45C641C5BC844D5E98AB859672BFE7D0E559EDA3615E5663400;write_scope;pb1xvd4k9jg5h0d4dhzr4z0txtwe9p5zxf58xcmxd
A4AE6CD02263957D3CABA6F56854D5CCF6A04F2D8B9BF454B98FE0702F08201F;burn;pb1vm73d2qtvs86e2dguxt40tjzhv37r36h40wtqg
2E9B140E6FA5CD47D35FAD13180A3AD8E2977352E30CA07F058437A2C6CEC212;write_session;pb1xvd4k9jg5h0d4dhzr4z0txtwe9p5zxf58xcmxd
7A9DE4AF692E8ECE9489971295D4316947FA41DF74034E24F8D92468CD49A2B6;burn;pb1vm73d2qtvs86e2dguxt40tjzhv37r36h40wtqg
7CA3B8EA7305D96786260673513BA9367DF731F87593E047328E81D035AC8F8B;write_session;pb1xvd4k9jg5h0d4dhzr4z0txtwe9p5zxf58xcmxd
112507FEF7FABB745573E0784C56AA7231FCD73856E87946ECF5C9946A484D3E;withdraw;pb1g2m2vp59amxd0hp5502e22hp0yprujd23z4qah
ECCFC1611C68A6947B86C0F9C14B1A6FA836A2DC681515DD3312F667C66BA36B;write_scope;pb1xvd4k9jg5h0d4dhzr4z0txtwe9p5zxf58xcmxd
9893E9D55C800902291AA0D33A00D25F9A1D6C38AEC6F3E7CDEB1C59C3B11FB6;burn;pb1vm73d2qtvs86e2dguxt40tjzhv37r36h40wtqg
A55AC1BDC59A267443BE41CF7CE470ABF0F06C478AC630CF760DC7CA13C131D6;write_session;pb1xvd4k9jg5h0d4dhzr4z0txtwe9p5zxf58xcmxd
013A603C66168B95075530DDAF3A049DA2283A890426271C512301B12A37528D;burn;pb1vm73d2qtvs86e2dguxt40tjzhv37r36h40wtqg
1A4C261073ADD0159A2AF52C92BBF4ADE69D6790FB338278B0F59284E001A6C8;write_session;pb1xvd4k9jg5h0d4dhzr4z0txtwe9p5zxf58xcmxd
CACEDC353C6B85C9539376E1CF8DF34550C642E8C541B8CD91D5729E61A537EA;burn;pb1vm73d2qtvs86e2dguxt40tjzhv37r36h40wtqg
F525074790BCFAC0B115E0123ABBA5C2032548F099A9ECE1FD00D38D9FDE1E7D;write_session;pb1xvd4k9jg5h0d4dhzr4z0txtwe9p5zxf58xcmxd
5462578567E675CC6785DCAB813DA44FE1C25BF4CF7028EEA7A13D810F72A046;write_session;pb1xvd4k9jg5h0d4dhzr4z0txtwe9p5zxf58xcmxd
127F80B1AD2F4769E13E4BE029E0792A6848E825BA814009817EC906ED300487;burn;pb1vm73d2qtvs86e2dguxt40tjzhv37r36h40wtqg
2A52784521000BDA5680D6EA0380A8F140CB8CC95824A4954A4B9BBF596E30AA;write_scope;pb1xvd4k9jg5h0d4dhzr4z0txtwe9p5zxf58xcmxd
F83EEDDC91EA87909F86C3CFB71D69459BFE3CE5D26FD8D041B350583F766DF4;burn;pb1vm73d2qtvs86e2dguxt40tjzhv37r36h40wtqg
F15D0D439434890FF7DFCD0CA76DA1895695AFE15B2825C9A183CB0FF6BDA052;write_session;pb1xvd4k9jg5h0d4dhzr4z0txtwe9p5zxf58xcmxd
A864D6244913AEB9DC34AEA31BF30F7CA7B93202816780AC8073D6AE97E7DBD5;burn;pb1vm73d2qtvs86e2dguxt40tjzhv37r36h40wtqg
4CAE89A7FBE6CBE2F01F29927C68B131A6DA79DE6669D7A22C45076EBA348C44;write_session;pb1xvd4k9jg5h0d4dhzr4z0txtwe9p5zxf58xcmxd
ACC52A1F5F5A75E5C9252A1C2526A75307D0E320F6CF4ED8F251C41320CBDEC4;write_scope;pb1xvd4k9jg5h0d4dhzr4z0txtwe9p5zxf58xcmxd
5100D8758034DC409F3582DDF250B9D3477F29C3B837C1B0704034562F996E9E;burn;pb1vm73d2qtvs86e2dguxt40tjzhv37r36h40wtqg
75AC4BE070CB76BDB03E6895E1BA4EFCFB89FCF842C64596801D75D6C43CFEAA;write_session;pb1xvd4k9jg5h0d4dhzr4z0txtwe9p5zxf58xcmxd
DE503607D803A2A55E5FFA946E0989949C5972CB494F435DEEDE5CF8AAD07F81;send;pb13dfvqt7zyp69z3el72qsu6z3f0egh9xfng9jvt
3E8CE1126CB4D760536D3F6C332DFC92E1A1B96114F84792494314D4ACCD2428;burn;pb1vm73d2qtvs86e2dguxt40tjzhv37r36h40wtqg
93406D56D1E2F21ACA240A1E27416CF8A64EE92D188A52FEBB7EFCE7E8546660;write_session;pb1xvd4k9jg5h0d4dhzr4z0txtwe9p5zxf58xcmxd
9C908C08ADD47228CD40E4E1A2936CCFCD5C7A7BF31417735F18430BB20ACDEA;write_session;pb1xvd4k9jg5h0d4dhzr4z0txtwe9p5zxf58xcmxd
079973F67808BD2895C13A5B217A9834B2F9006D2978A556D631F2128D206BCC;burn;pb1vm73d2qtvs86e2dguxt40tjzhv37r36h40wtqg
26C173766BDC8994B9E1B1EAF6A4E0924B9F0E88AE7125F29E58B2830AB3B118;write_scope;pb1xvd4k9jg5h0d4dhzr4z0txtwe9p5zxf58xcmxd
AFD7D8B0C3DF0ADAC6E6B6B7A54DE1AC4F6B1D40A7B1ECFAB127B8C19BA6E424;burn;pb1vm73d2qtvs86e2dguxt40tjzhv37r36h40wtqg
6A0376ACB7612069B3A09CD443E919FC8B5CA61CFC45B6CF73DFE638513B385E;write_session;pb1xvd4k9jg5h0d4dhzr4z0txtwe9p5zxf58xcmxd
8851A50DF7C53ABCDC4C024DCEADDD5E74A1DB92EC467820416B4EBD02BF5954;burn;pb1vm73d2qtvs86e2dguxt40tjzhv37r36h40wtqg
16ADEB956D6E924FCBD2207AAB4FC5145F2EBC0DBEBDA5701A3FD3DB649FCAC4;write_session;pb1xvd4k9jg5h0d4dhzr4z0txtwe9p5zxf58xcmxd
97FF7DCE403C141C7F18E2705E26CE6AE021EEA581CCF8AE6115A1FAFD1886C4;burn;pb1vm73d2qtvs86e2dguxt40tjzhv37r36h40wtqg
D5D96EA49FA57071AF90339C159E2F8F04578A53A507A6D07D0DB67FA3BE9D6C;write_session;pb1xvd4k9jg5h0d4dhzr4z0txtwe9p5zxf58xcmxd
FF13A450BFBFE424F9B1FE4D98D8365E73C107E9F74CD6FCB89599724440429A;burn;pb1vm73d2qtvs86e2dguxt40tjzhv37r36h40wtqg
16A0B0E43EA5CF5DCFBC0F827D1DB461F7D0EBE3B294ACCD19E2DD6A06114A4E;write_scope;pb1xvd4k9jg5h0d4dhzr4z0txtwe9p5zxf58xcmxd
62BCA8F110D397FE362BE2E944E26BEA9C04FF71EDAC29FA54D617248B1E9A02;write_scope;pb1xvd4k9jg5h0d4dhzr4z0txtwe9p5zxf58xcmxd
4CF6151120A7F505CBF08DDE989B490A5C8D53E3783970207ED228A65200E084;burn;pb1vm73d2qtvs86e2dguxt40tjzhv37r36h40wtqg
E648225318E598ED1C617D37C0F92CA153FF6EB1554D586B23F4B92EDCEB4698;write_session;pb1xvd4k9jg5h0d4dhzr4z0txtwe9p5zxf58xcmxd
F4ADE38E202A713199216762B31A64B1D18F0B5A23A1295B3404F6A3C1045F62;burn;pb1vm73d2qtvs86e2dguxt40tjzhv37r36h40wtqg
544EC6AB319907B240820C1BC35AF21400A521FBD9C4DEFD800B8EE0B5C0CC97;write_scope;pb1xvd4k9jg5h0d4dhzr4z0txtwe9p5zxf58xcmxd
82086CF3724C116AEE940AB6CD4A98C5CFE96F127FD6067B554F373D48989FF8;write_scope;pb1xvd4k9jg5h0d4dhzr4z0txtwe9p5zxf58xcmxd
32EE29B71AC3569E0469B2B4B0E342F3A6F58DE3E2CF80B3A44897B0A5E0C8E2;write_session;pb1xvd4k9jg5h0d4dhzr4z0txtwe9p5zxf58xcmxd
C360923AEC277A7FE87F1F85A51A935ADE5EB7F97C418F2C1EA3D38D5056581E;burn;pb1vm73d2qtvs86e2dguxt40tjzhv37r36h40wtqg
13678DBC6B1B8610FEE27AD9F2094378C797FD8CB80E61BCAFADC01268E903F9;burn;pb1vm73d2qtvs86e2dguxt40tjzhv37r36h40wtqg
A6AF6C0ADBAB76E4EAF0543140E15BC275B44979EAAB773BF412F0554CB2E71B;burn;pb1vm73d2qtvs86e2dguxt40tjzhv37r36h40wtqg
2A7E49059539DA39721F5F7734B95C23DA1374E266AE06DFD812A070CF4D7D99;burn;pb1vm73d2qtvs86e2dguxt40tjzhv37r36h40wtqg
F8EA0FF708A9DD07B91529FA9F123180E74FF0C439132B41F4C219E7857BCD4F;burn;pb1vm73d2qtvs86e2dguxt40tjzhv37r36h40wtqg
9C13EC00EBC56B96E76845BC1205C54D981BB48E5FF39FF398EC027CC70C118A;burn;pb1vm73d2qtvs86e2dguxt40tjzhv37r36h40wtqg
BADA69848DA95D5862E2FB264BE0029A571FA87034A1A8C1988DD9768DEF3E5B;burn;pb1vm73d2qtvs86e2dguxt40tjzhv37r36h40wtqg
63AEE116E8D9DBC347AD06BC9A4E10ADF1F6C0FCC13B15EDF94B3ECF00BA4481;burn;pb1vm73d2qtvs86e2dguxt40tjzhv37r36h40wtqg
AD3458207D7B731432DF6C6DBA55D417680904A351204D8B96FE91C54A5066F1;burn;pb1vm73d2qtvs86e2dguxt40tjzhv37r36h40wtqg
9892700CD9B5DE22623D1C859078935206F597E51CD3FD5C3914EE76034B46ED;burn;pb1vm73d2qtvs86e2dguxt40tjzhv37r36h40wtqg
25AC5336054160E60D687F1E664C92F89E3C33F960070557076A7ED419E453D7;burn;pb1vm73d2qtvs86e2dguxt40tjzhv37r36h40wtqg
18C2AB857E66D1CBCC1B82E3F8D45F50F9BED10982695EFBA6C11D32C836E3D7;burn;pb1vm73d2qtvs86e2dguxt40tjzhv37r36h40wtqg
DA31BBF86AC1E7D3FE8864CAC9D4AFE2F6F8A05F3BC66E4A1E00B6445E14AABE;send;pb1pr5ekk8nndfmla093q5yrrmzhgg2zcsj4kdqhe
89ACC9DD20BAF859E1251649198E11E53D73710B6671E1676DA4C95C55AA68F9;burn;pb1vm73d2qtvs86e2dguxt40tjzhv37r36h40wtqg
37BEFA1C018E0B548DED35D00BB640677CF6CCB6A5C14DF4D690AA2051FCD33B;burn;pb1vm73d2qtvs86e2dguxt40tjzhv37r36h40wtqg
1D261708B3FD3A8DB6B3F03CABB61851EF990D6263D87F412815629D603984C1;burn;pb1vm73d2qtvs86e2dguxt40tjzhv37r36h40wtqg
663D2B3098F0A11A21F1504371070A88C4B109E7E9D266A0594360F8EF987244;burn;pb1vm73d2qtvs86e2dguxt40tjzhv37r36h40wtqg
BE7E5299789AEB8E836E7B85F02B5FD22EBFC4D0D1CDA456A43DCE92E59CC195;burn;pb1vm73d2qtvs86e2dguxt40tjzhv37r36h40wtqg
F6206D931C9A19CD4A53DC6B8BAB0A6FB4D861A3A8F44BD99B9288BE3C62F39E;burn;pb1vm73d2qtvs86e2dguxt40tjzhv37r36h40wtqg
BD8EE4EA335D1E3D12DF637471F19BDB49E0D10E1C0D42E78ACEBD69BAF0DD50;burn;pb1vm73d2qtvs86e2dguxt40tjzhv37r36h40wtqg
4F4E8B7A8DE836D876CFC34DCA13FC17DB5CC023634491BCA6423B1AB3516E60;send;pb1tah4pmnkuutr4aghq4rqpdjk9qyqsvt43f02qt
EB2EF2A18698B56CE24FECE544BD30925EE60619D37C28FB9E454D77BF1F03BA;burn;pb1vm73d2qtvs86e2dguxt40tjzhv37r36h40wtqg
BFA3A2143D6FF13D1E6EE36726EAB527CE2CB4F7BE3E6F235FE9FD9671A05CD4;burn;pb1vm73d2qtvs86e2dguxt40tjzhv37r36h40wtqg
7D370C87953697DBA216241E41852E0FF9C06C4A6B53BB89B68A67A554EDC7DC;burn;pb1vm73d2qtvs86e2dguxt40tjzhv37r36h40wtqg
4277C78178348918F43208376848F953B384AF902B2A2A66077935DB7D730D6D;burn;pb1vm73d2qtvs86e2dguxt40tjzhv37r36h40wtqg
C0161AA6768CD19F75CD44998159CF120778AFC38DE0B0E6AA94CB80F7A774C4;burn;pb1vm73d2qtvs86e2dguxt40tjzhv37r36h40wtqg
CE87D1F51563B15EE396BDB4E9918D8CF8DC695EC7CB6D71CD33F229A1B9CFEE;burn;pb1vm73d2qtvs86e2dguxt40tjzhv37r36h40wtqg
BD2BB42D99F14BAC89AF1FD42BDADB6BCF3DA07214709328488D2729FC8387A6;burn;pb1vm73d2qtvs86e2dguxt40tjzhv37r36h40wtqg
5A1B0772E5068D21D788295C2A363243005E4AD661B8EFCADBCAB7063C845F89;burn;pb1vm73d2qtvs86e2dguxt40tjzhv37r36h40wtqg
6FB9FFFF477526F8134D916DF64D38F0E4D9680E222F4E68C8E577BEA79F62B0;burn;pb1vm73d2qtvs86e2dguxt40tjzhv37r36h40wtqg
6BDC1634765966679A539F9C665ACEE53EAD0CCCEDC2C58ADDD1C436E7FC0C46;burn;pb1vm73d2qtvs86e2dguxt40tjzhv37r36h40wtqg
080CEA916430ECACDA014E062621B52F7AB44D304A2BD51D73A728679951A9D9;burn;pb1vm73d2qtvs86e2dguxt40tjzhv37r36h40wtqg
182AF40FB526F16C03E0B8AA6EA5D870996DF62C8E0C7319358F0AAF354AC5FC;burn;pb1vm73d2qtvs86e2dguxt40tjzhv37r36h40wtqg
A18E0C459BC7695C26D9759EE82B7E692AF2DF8863F9AF566FDE2DD1F3265679;burn;pb1vm73d2qtvs86e2dguxt40tjzhv37r36h40wtqg
F1C41D0B60047F002BBD65C856A680E4AF993F2C340F47BC9FA6F3CFFE060E5A;burn;pb1vm73d2qtvs86e2dguxt40tjzhv37r36h40wtqg
E2E737993178B5942D62E016CF9C204AC7F308B026FA7111EC99EF48700B5104;burn;pb1vm73d2qtvs86e2dguxt40tjzhv37r36h40wtqg
2FC2F908AC1E0FB4F098E23435C8476959CF02D10303A162E4B1186603458D95;burn;pb1vm73d2qtvs86e2dguxt40tjzhv37r36h40wtqg
02E0D0B7156B0D271FEC7599C3B7C8322625A71D8DCF7AD7F03633E8BD657266;burn;pb1vm73d2qtvs86e2dguxt40tjzhv37r36h40wtqg
87115B50EDB75D2D9F186F18D959337E02205E29304E52F77684D3AA48601339;burn;pb1vm73d2qtvs86e2dguxt40tjzhv37r36h40wtqg
9A45ED4DE08A8DE39ADB0E223EA69732BFA577CD3A2B24EDDC299BD3CD685AD2;burn;pb1vm73d2qtvs86e2dguxt40tjzhv37r36h40wtqg
678FB035AA43B4850480579FC967CD9A8B80A287920EE2BF0F8E5F652B66F102;burn;pb1vm73d2qtvs86e2dguxt40tjzhv37r36h40wtqg
287DD40E1F08F00E3EEF7C4FBC5CD8BEC9EB7612C075F792F6A070B945236F39;burn;pb1vm73d2qtvs86e2dguxt40tjzhv37r36h40wtqg
96F902C16123379F3D66F2C6DF1E95D3C8B0D037353408939DE8D572BED56D53;burn;pb1vm73d2qtvs86e2dguxt40tjzhv37r36h40wtqg
3AB644DA2BAA628CD703BB91C181C3D0C47D222DD0D0E21C771BD43212288474;burn;pb1vm73d2qtvs86e2dguxt40tjzhv37r36h40wtqg
765B24C321AC1EC97F58E2EAA96AD7750575EE63589A21A43D08D40C44B36839;burn;pb1vm73d2qtvs86e2dguxt40tjzhv37r36h40wtqg
CB17FB75A88EBB883E2DA39F003A13A068132B957EFF100DBE9ECC4BF3409CAB;burn;pb1vm73d2qtvs86e2dguxt40tjzhv37r36h40wtqg
00B1AEC68BE6088314C36F889D3A8F5C75EE6B1086312A36A1617BD236CE4442;burn;pb1vm73d2qtvs86e2dguxt40tjzhv37r36h40wtqg
C3842234614B700021D4DB46CC4AB1219DA5C1CA87EC82CA87B8509E0F8C5F86;burn;pb1vm73d2qtvs86e2dguxt40tjzhv37r36h40wtqg
3F6B2A1C20BCC91FE65B5D49661D582E80C1DBF7C8794B6CFEAC44471416039C;burn;pb1vm73d2qtvs86e2dguxt40tjzhv37r36h40wtqg
09F88BD8A49432E53E9405D3D2A648DDF719773188B62783631E094979B9907A;burn;pb1vm73d2qtvs86e2dguxt40tjzhv37r36h40wtqg
251F6C481FF671A39AA2D62E4808830A95AE7DE60729ED5E42A7E4F35C8E8554;burn;pb1vm73d2qtvs86e2dguxt40tjzhv37r36h40wtqg
E2E4B881C8AAFE8FBA4D544F959E80357DB7F0B87A8B8AE859CEC8BD5FB0AEB5;burn;pb1vm73d2qtvs86e2dguxt40tjzhv37r36h40wtqg
9B857138F708167E67F7607DF394343242AE7B9311D5A79DFB1CA89B2EDAAFCA;burn;pb1vm73d2qtvs86e2dguxt40tjzhv37r36h40wtqg
F740B1EBBED8D80F655142E172B9311B7E9402ABEB4B2468489228DB9DF1867C;burn;pb1vm73d2qtvs86e2dguxt40tjzhv37r36h40wtqg
878C870B6259F49479C2F0E6659153AE7EAF262EA783919551E0F3CE9461CC32;burn;pb1vm73d2qtvs86e2dguxt40tjzhv37r36h40wtqg
84C548BD0772823D2D4D7FAF02C9FF4DDDFAF3FD951ADBAA90459D8531CDB6D3;burn;pb1vm73d2qtvs86e2dguxt40tjzhv37r36h40wtqg
CC873D962A891BAAF1AF949279F95AA5F5E74114D5CC27FF5211B6E6D71ACBE8;burn;pb1vm73d2qtvs86e2dguxt40tjzhv37r36h40wtqg
2CCAC8DF819F85A9E9AF9835A49BD59F5A72FEB03F916C47F064905426CA15A4;send;pb1pr5ekk8nndfmla093q5yrrmzhgg2zcsj4kdqhe
3AD705715ED153EB790ED2A92B21B2CBE116A59DB203F8A99897121A18C848B1;burn;pb1vm73d2qtvs86e2dguxt40tjzhv37r36h40wtqg
89A4A4B4CCAAD3A3ED25BB927E222917CDCEA211EFE9A60FD0CD89B21D3711C7;burn;pb1vm73d2qtvs86e2dguxt40tjzhv37r36h40wtqg
617660034BE637A515560A7AFCF9D1400D701A68CD8070E0354A5681A3CC726B;burn;pb1vm73d2qtvs86e2dguxt40tjzhv37r36h40wtqg
8348FD894C4A0B765D844E63C7226F1A74505F792A164AE7276C3CFD693A107E;burn;pb1vm73d2qtvs86e2dguxt40tjzhv37r36h40wtqg
DE639FAFFFB6A2559443A089CA7023F6D0D746568063514BB0E43C3869D023B8;burn;pb1vm73d2qtvs86e2dguxt40tjzhv37r36h40wtqg
BB07EECF5EC3734F4A4C32C0D35674A9D27480057C6B3797109642909EE07413;burn;pb1vm73d2qtvs86e2dguxt40tjzhv37r36h40wtqg
087B9895E33A03AF49C407DB6969CE8F3638123CDA6518609389B48E04E17F6B;burn;pb1vm73d2qtvs86e2dguxt40tjzhv37r36h40wtqg
A618B0F2F5104C775165C22D8F999CDF4414A5573D3B4D9D0CBC5E03B05DC6FD;burn;pb1vm73d2qtvs86e2dguxt40tjzhv37r36h40wtqg
B3B73880484C00302FC86CB578643F2BC9B1447B07908DE62CFFC91922766242;burn;pb1vm73d2qtvs86e2dguxt40tjzhv37r36h40wtqg
094D8B8432B3A6716E2631D2C7A0404B8B773B167DE209AD4023C69CA1A7C97A;burn;pb1vm73d2qtvs86e2dguxt40tjzhv37r36h40wtqg
660EBD35D2E6F7E5D9BF690A469BB487355989EE4B7460BF1D76A0BAAE9FE05A;burn;pb1vm73d2qtvs86e2dguxt40tjzhv37r36h40wtqg
C18FDAA6672F237AFCA3A68BAC13586E4D161CE25F01A6F71A9C5434B91C0B38;burn;pb1vm73d2qtvs86e2dguxt40tjzhv37r36h40wtqg
B5855F778AADE4A3B4547189B67DE8660B141F4B00B8F8A2BFFB3B7A70791666;burn;pb1vm73d2qtvs86e2dguxt40tjzhv37r36h40wtqg
6C2BC6EE7807FCADD78236B6791BEEFADA405D22D89E3D789FF146E0579B5640;burn;pb1vm73d2qtvs86e2dguxt40tjzhv37r36h40wtqg
7525BA1502F28D9416C198CD6ECA044D8CC3E8A899B27782D7D2E06D384BE052;burn;pb1vm73d2qtvs86e2dguxt40tjzhv37r36h40wtqg
9BF913842639C610185AF2B57A72F4FA03D23C06538ED226F16607BD0BF1553F;burn;pb1vm73d2qtvs86e2dguxt40tjzhv37r36h40wtqg
2B89DC3B603B6E4CD860336A6ABCA91E351E948EE3D31567EA6763CB21792F3B;burn;pb1vm73d2qtvs86e2dguxt40tjzhv37r36h40wtqg
FC1F7B58A0E2A028DF83466BA7226058385016CCEDFFEBF8C84D23A135C30881;burn;pb1vm73d2qtvs86e2dguxt40tjzhv37r36h40wtqg
76713418EC9DDC600A33DA6176FEB333ECC03D5A0FBA92DCC922D91D1D01F8BA;burn;pb1vm73d2qtvs86e2dguxt40tjzhv37r36h40wtqg
BC50CE74BF2D3CFD810471DA583547A35DF129403089E72D54AB7A589E839A8C;burn;pb1vm73d2qtvs86e2dguxt40tjzhv37r36h40wtqg
AC8D2299E3614CE63B1BAA4D892DFD1DE3BC770B28DCDC264041ECA64A58F446;burn;pb1a4szdl2kwr6d26nue63eptcuzq0gmn9557p8hl
75F690C0DBF6E21441A5CA3A77DB7C9782C01532B1BFB697CCD0579A77BE033F;burn;pb1vm73d2qtvs86e2dguxt40tjzhv37r36h40wtqg
36AB50178A8B0B2F6F91DD3819CAAF6E37619AF55DFDA7C88EF21F0F8CE37E50;burn;pb1vm73d2qtvs86e2dguxt40tjzhv37r36h40wtqg
5B33967059E049F2F899CCFDD5C1978630A583CA3295B9CB63A654E5C24116D5;burn;pb1lp3xr3uezqu5hnrl6ws04jhuzlmxrw2g3wumnf
B82A1CC5FE4B626A9FFAAB9CA4465A617AC5ACDAE491CA9AE6C16B59D07C4235;burn;pb1vm73d2qtvs86e2dguxt40tjzhv37r36h40wtqg
C5481C287855133BDCC444FE3BED770C2C83BA683F8E255CCBBEC30D6E8E9588;burn;pb1lp3xr3uezqu5hnrl6ws04jhuzlmxrw2g3wumnf
6F6E3BBF2D72EA8214C3B3F6A89A3C2204302F01CA7FAEA7B62FF7D76F197491;burn;pb1vm73d2qtvs86e2dguxt40tjzhv37r36h40wtqg
3547689E2CA1B5785546AA64D9BD86A03B936D3B3F8AA57348049838E19734A7;burn;pb1vm73d2qtvs86e2dguxt40tjzhv37r36h40wtqg
09F586E746BB809EEED283285533F87D3328168579828E925EFD9FC67FED7202;burn;pb1lp3xr3uezqu5hnrl6ws04jhuzlmxrw2g3wumnf
03415F05CF4C2027B8E68F964A3876628266BBB9386B119E9D51370A88C16EFB;burn;pb1vm73d2qtvs86e2dguxt40tjzhv37r36h40wtqg
77BA9B87373B986B0534EA55583320381FF60B8FCD43F6136DCC46D1C63D0A23;burn;pb1lp3xr3uezqu5hnrl6ws04jhuzlmxrw2g3wumnf
DE06823B8B89DFF5EB4E6B6574D4A3B50207E251B45EC39CF82C484A22DA71B7;burn;pb1lp3xr3uezqu5hnrl6ws04jhuzlmxrw2g3wumnf
7C915F7E8905B01AE1B0D68452863240430C4305C02968EB657A4EB0925520D3;burn;pb1vm73d2qtvs86e2dguxt40tjzhv37r36h40wtqg
798C136FB516CEA6433C7F0DDD4E0560BB2B82517C103755A63355F4150E0B76;send;pb1pr5ekk8nndfmla093q5yrrmzhgg2zcsj4kdqhe
A3C8245EF1DECE9D60D966F4AD1366952EB7FDEF02FCAF819FE84410F011D5D8;burn;pb1lp3xr3uezqu5hnrl6ws04jhuzlmxrw2g3wumnf
6B4218BF05B6ED3B04E4CE8A4BAE204E41D79631F4701F9B28BC78971711DAFC;burn;pb1ez7yl9ae9wkx8w40ugpr7zdzalgm88he6g26ps
DCF382CFE4D5586F5E06AD1AF0E72AA3CD6584790716BAC4C7A2B32BC068D6D6;burn;pb1vm73d2qtvs86e2dguxt40tjzhv37r36h40wtqg
ECB1591DB4E450153313DAF3A940605C405C8173E934B7110F5F31A2EDF9EF62;burn;pb1lp3xr3uezqu5hnrl6ws04jhuzlmxrw2g3wumnf
0A92B49DF150E4B938E6D6643A0DA5748EBA85A6531F5E5F9C00D240CCF8917F;burn;pb1ez7yl9ae9wkx8w40ugpr7zdzalgm88he6g26ps
BE518A2667533FF6CA864F6E90AF7D08E0D22E25E7FB41F711B23D64BEAC6A63;burn;pb1vm73d2qtvs86e2dguxt40tjzhv37r36h40wtqg
353F4033218061C12B48E14F358827DCC6FE0941F2E94166BA93C3421B653C8C;burn;pb1lp3xr3uezqu5hnrl6ws04jhuzlmxrw2g3wumnf
D5274EB8C2D871623258BDFFCF33E58122A380B1AEC00EB22965C7EFD645CED9;burn;pb1ez7yl9ae9wkx8w40ugpr7zdzalgm88he6g26ps
8A2B5DB11CE8D6FD5B40E92CFE2D3C3AA0B32171CB7CD7436FFCC6A3BC94D35F;burn;pb1vm73d2qtvs86e2dguxt40tjzhv37r36h40wtqg
7A8890C7304031D3747B9BB4F3D791F60DE0A6D7F7552BEF2DBED06793273CB4;write_session;pb1xzl9wgh0ry2dma43f58vmuteqd3996j6mhqhgz
D962564E76D3FE51349228D80E09BA3A78A9B8A6997B5B6A0E4B63CD32DBD4B4;write_session;pb1yvmg7c0hmhunrr6mrh5vz3mu4g2z06l5y842xz
DDAAF3C4CC164B946712D949BA942A5AED1962E8C35A9831728EB37473D7C2E1;burn;pb1lp3xr3uezqu5hnrl6ws04jhuzlmxrw2g3wumnf
E815BB3637F423345810ADC6AE4000EBAA79E19A1C59FD7FF20BE39811E5CCE4;burn;pb1ez7yl9ae9wkx8w40ugpr7zdzalgm88he6g26ps
95868AFE713B0565ECD3C045EAFF1677B50ACD058637B646609D6CAB35468F1B;burn;pb1vm73d2qtvs86e2dguxt40tjzhv37r36h40wtqg
4922184BD834D250BBC57EF39BBA06AF149C2B959272A06A214893303E879DE0;write_session;pb1yvmg7c0hmhunrr6mrh5vz3mu4g2z06l5y842xz
2C25C9160BD08ABE11C1AA086BB1878D5700222D90EA2FB2D6E96EAEFD1F7C4F;write_session;pb1yvmg7c0hmhunrr6mrh5vz3mu4g2z06l5y842xz
0D34019FDB6024D02ACEC78BC96854D843B93ED3E4F00AA8A2A2DDC8172174E7;write_session;pb1xzl9wgh0ry2dma43f58vmuteqd3996j6mhqhgz
5A638ACE2B8B6FA53DF6B98EEF48D0EDB77024EA8D6232C9325E3A2FBECB679B;burn;pb1vm73d2qtvs86e2dguxt40tjzhv37r36h40wtqg
084B717A0EE871F87CE992D32C8FA448F66C95B98EA99F2FA1F60FEBE4FAC5B6;write_session;pb1g7n9qcd7zzpafv0zx8u6gdqvj34aalqapygrks
0220D277BB73B2052B169AEF66A7A49C6032D08C8EBB4801CD2C1E8246981678;burn;pb1ez7yl9ae9wkx8w40ugpr7zdzalgm88he6g26ps
868A8C56B6D7567A0F82109F869D1E1941DB06ADE7681BBFB83BB5EC23C2C5B7;write_session;pb1yvmg7c0hmhunrr6mrh5vz3mu4g2z06l5y842xz
73CF9A19EA91D2CC5941C67C0E5F4A74B4DB0C416A6A45B4FD6876128E2147BC;burn;pb1vm73d2qtvs86e2dguxt40tjzhv37r36h40wtqg
3E03711E3677AB1468A19FA4F2D1BFF19A01FC1F52A05CEDE67D5829C3AF2311;write_session;pb1yvmg7c0hmhunrr6mrh5vz3mu4g2z06l5y842xz
BE63CD34B57E4F38E64229D1CFBAE57B9C25FF886C892300AD22C963937ADE88;burn;pb1vm73d2qtvs86e2dguxt40tjzhv37r36h40wtqg
76AA8476BB3F4237F4AA7F843FD0763C50C46F2A607419D33924D65B01CDD861;burn;pb1ez7yl9ae9wkx8w40ugpr7zdzalgm88he6g26ps
60101E725047F56FB862B49B5481B9B37F01AF3C87C5EF21AB5BF4C1E54AE298;burn;pb1vm73d2qtvs86e2dguxt40tjzhv37r36h40wtqg
CE8759076000CF03AD1A03E5C0859D96CA377620A2C44BF933923A2DEE61EA74;burn;pb1ez7yl9ae9wkx8w40ugpr7zdzalgm88he6g26ps
25F11301D8265A842DCF2DCAE84A01BC916EF5D090CDD4238E0840921D6D8A96;write_session;pb1xzl9wgh0ry2dma43f58vmuteqd3996j6mhqhgz
DD39D2014753770991F385A8979531BB17F71A4725E8EF412875661FCCEA3AC7;write_session;pb1yvmg7c0hmhunrr6mrh5vz3mu4g2z06l5y842xz
14B2DC37DCBA10C20BDCD72EB5B983F53A213968D6F3C100B00AB17CC846DBE6;burn;pb1vm73d2qtvs86e2dguxt40tjzhv37r36h40wtqg
E804B0AD13F72276002F8ACFE633D708C383D2A841BF48BE15AABA832B1BCA76;burn;pb1ez7yl9ae9wkx8w40ugpr7zdzalgm88he6g26ps
297AC0096590996BC10EC48F9AB67CB6D07E18DAB41212A47A0C962DC7878099;write_session;pb1yvmg7c0hmhunrr6mrh5vz3mu4g2z06l5y842xz
CD7EAF2CAB8E802DFC6D23CC3A86D915429A268C04440B20BAC66B384723985B;write_session;pb1yvmg7c0hmhunrr6mrh5vz3mu4g2z06l5y842xz
77C6E1E0CF422676019E078B7F18DF415E8B952F0B0AB8963DB2D69E506520C0;burn;pb1vm73d2qtvs86e2dguxt40tjzhv37r36h40wtqg
FA0F525BD8DC7354E9CA93FB878AAD5B3767CE483156C5D2FBF700C8912CBE93;write_session;pb1yvmg7c0hmhunrr6mrh5vz3mu4g2z06l5y842xz
BB2ECB74ADD8556948215EE25136F3BF6DD6F2F36CBA50507297032681C3B90A;burn;pb1vm73d2qtvs86e2dguxt40tjzhv37r36h40wtqg
2256516987CCF83BFE9B96B4757621CDD72CD13B41306BB42D45F35F389AAD3D;burn;pb1ez7yl9ae9wkx8w40ugpr7zdzalgm88he6g26ps
AEC9C95EF34B27E3DBF1997CAC24800958BF017358DEE201E8EB844D1205052A;write_session;pb1xzl9wgh0ry2dma43f58vmuteqd3996j6mhqhgz
37C03ACE08ED299941C74623DD6D80560D7A3E4ED30A34F55FC7B47FD9BAE203;write_session;pb1g7n9qcd7zzpafv0zx8u6gdqvj34aalqapygrks
8A084E7C82D6EDE4506E8CBAB015BB6A2DFEF6B17BF6E0C5D42B56153F6CCC4A;burn;pb1vm73d2qtvs86e2dguxt40tjzhv37r36h40wtqg
F204F1F714175E4FB76AFD2E0DB027AD843BED3C03017F5F9C63C134F8E11A05;burn;pb1g2m2vp59amxd0hp5502e22hp0yprujd23z4qah
981E1B2F1E01DE8AC9EA39C7EC6E3859EA18B9767E0164E52FD938817866A9B0;burn;pb1vm73d2qtvs86e2dguxt40tjzhv37r36h40wtqg
73884875EB6BDA8A36404F56EF51CBEAD00F51ED4AE7BCE6A552554F1FA1E34A;burn;pb1ez7yl9ae9wkx8w40ugpr7zdzalgm88he6g26ps
CDD456C32C946C04E06E2DB826C22B5FEC52144933E764D1E42BA3B5EE098062;burn;pb1ez7yl9ae9wkx8w40ugpr7zdzalgm88he6g26ps
FC408E81E6B597E73E619FB2CF9DEA978222AF37D665BDD5D4CEB201E114338B;burn;pb1g2m2vp59amxd0hp5502e22hp0yprujd23z4qah
3E37DB9679D9B2494B4615251ED6B9F300579AC35CC867496189266C46FA3361;burn;pb1vm73d2qtvs86e2dguxt40tjzhv37r36h40wtqg
F81C7A634120B103ECEF7328921FD31221DC18768226AFF0E96540143FC7AF2F;burn;pb1ez7yl9ae9wkx8w40ugpr7zdzalgm88he6g26ps
F26B3B8C24993BC39979EDAE3072EF2A903E377A860249BFF12BC34C3D50421C;burn;pb1g2m2vp59amxd0hp5502e22hp0yprujd23z4qah
98048F92B2B43FE3E93C043D35F3BA855F0C109603C7B57CB9FCF920925F0577;burn;pb1g2m2vp59amxd0hp5502e22hp0yprujd23z4qah
5F5D4FC7BD22C398938B374031314AAAB6521491BF22B9D2CEBE92F1786C78C4;burn;pb1vm73d2qtvs86e2dguxt40tjzhv37r36h40wtqg
C2C4FCDC7181B023F8E59128AE1A714893F8739A3ECFCE2AB4660B39485213B9;burn;pb1ez7yl9ae9wkx8w40ugpr7zdzalgm88he6g26ps
2DF6D7C4A69223EFF8793EAA98B00B97524488D62FD77B19E6BAEE70253FEF9F;burn;pb1g2m2vp59amxd0hp5502e22hp0yprujd23z4qah
FCBF73E41B4035A2D40117B2453FD1AD7295AC26E318DF0296CBA54B59F1CF19;burn;pb1vm73d2qtvs86e2dguxt40tjzhv37r36h40wtqg
7AF242F2E4996096FFDE4069CA86BD9BD1E60EBCC070717ED29BD89BEB00DD64;burn;pb1vm73d2qtvs86e2dguxt40tjzhv37r36h40wtqg
D347B926E795F34F77158D0651CF875CB29438DC9790E33501BAEF3F22A14198;burn;pb1g2m2vp59amxd0hp5502e22hp0yprujd23z4qah
FBDB3F7134D94E40683649852D9E62E9BD5E688E16B5D62B63F44DA482A6570C;burn;pb1g2m2vp59amxd0hp5502e22hp0yprujd23z4qah
43032F7E428B047C3B854A528FE2C2B18CED7DD1A702EEC3EDF5BD39B82F1517;burn;pb1g2m2vp59amxd0hp5502e22hp0yprujd23z4qah
29F656A76752E5BF481477BBB97D1FD0E1557FC8CF255113A09B91E6FD2B3C45;send;pb1pr5ekk8nndfmla093q5yrrmzhgg2zcsj4kdqhe
90311017880C438C9CE6650EEA22D29F0569FE9D1AB5CD0936AA4A9FEC4AECC5;burn;pb1g2m2vp59amxd0hp5502e22hp0yprujd23z4qah
DBAEB6F75A0285329E9323D0871F5A2B00ACD0E33D635CB6323B8FD0EFB4F5C4;burn;pb1g2m2vp59amxd0hp5502e22hp0yprujd23z4qah
5D369E95C81F16E956B3ADF581BC9638160D7396BAED34443315633F1C6F6E84;burn;pb1g2m2vp59amxd0hp5502e22hp0yprujd23z4qah
668C92CE2EA0EF5A0A1E63EFFF78CD038F525F9477A74AF65EB332EDDB228531;burn;pb1g2m2vp59amxd0hp5502e22hp0yprujd23z4qah
D890E957314C602DD001B6F3BE146897BD16076BA4C8F4B16ECDDD9C314E6771;burn;pb1g2m2vp59amxd0hp5502e22hp0yprujd23z4qah
84D7E0B403B4FE7E8E8ABA98E3868389310BE5A32990C7017AD3FF9885FA50D8;burn;pb1g2m2vp59amxd0hp5502e22hp0yprujd23z4qah
F99DB747E816F824750CC8C6669B2331E0B678ACAE04D8B0E3E238D5F57CC8FD;burn;pb1g2m2vp59amxd0hp5502e22hp0yprujd23z4qah
2745A39A12B94A0677A26FD07A20417011E1F43E408170B290491920DA3F238F;burn;pb1g2m2vp59amxd0hp5502e22hp0yprujd23z4qah
79052F154F04337583D26E063AF0D440DF91454A78EFE224AAED20F3AA2FF676;burn;pb1g2m2vp59amxd0hp5502e22hp0yprujd23z4qah
266B317EFB2DC1D08226D253DA6E342DA3665E71D98E352E2B99A17043E71EBF;burn;pb1g2m2vp59amxd0hp5502e22hp0yprujd23z4qah
FBF7E10B0397E7C0DC3573833CFA7B1F915170A00E0AED6197FF72BDE5F3B2E8;burn;pb1g2m2vp59amxd0hp5502e22hp0yprujd23z4qah
22263CC24B90DA0707A864AE57703076411D603310DA9A1BBE3BC3E88E804729;send;pb1pr5ekk8nndfmla093q5yrrmzhgg2zcsj4kdqhe
728A47395DCEFD4C61C341EFD5DB2D3DE0DDD601E9D1BC9543062E27A8930B35;burn;pb1g2m2vp59amxd0hp5502e22hp0yprujd23z4qah
770D4514F93E423389EEF50F6B8BDD73B44CC1232D2A68AF6AE34B131D9C8997;burn;pb1g2m2vp59amxd0hp5502e22hp0yprujd23z4qah
69A29BF4940277A690DA0310EB23ACAD8A8F57F039C46ABC0A4CF204A53FD326;burn;pb1g2m2vp59amxd0hp5502e22hp0yprujd23z4qah
CD51CAF62E19D0AEDFB65F3775F3AB914C2700A910D1C5578CB2E3414396B3FA;burn;pb1g2m2vp59amxd0hp5502e22hp0yprujd23z4qah
95DF6BDDF0D93EFD4DE6257A3F44A9A5E465E3607200ED4C8FA24773338AF816;burn;pb1g2m2vp59amxd0hp5502e22hp0yprujd23z4qah
93C0E411C2978CB5668898ED0AA5F656675CD3168545FDDB51BBE054651E49C0;burn;pb1g2m2vp59amxd0hp5502e22hp0yprujd23z4qah
B6E77EB13B8C79AC2CD3871001BEC3EACC64DA71FE90D64D65A070584EE7A770;burn;pb1g2m2vp59amxd0hp5502e22hp0yprujd23z4qah
D38A725EE8C45569CB497B65C614D67047B74552FECA638E1EC49297B3A2A6F1;burn;pb1g2m2vp59amxd0hp5502e22hp0yprujd23z4qah
2744242049B7D631A23E32A31F389ACB577823F6249CB05DFCB6278A4ACE380E;burn;pb1vm73d2qtvs86e2dguxt40tjzhv37r36h40wtqg
4162D851D897A5902E3BA45AB3F507EDB33806C94B7A82FA43F4829833243652;burn;pb1g2m2vp59amxd0hp5502e22hp0yprujd23z4qah
10A03CD1646D2F65358D42F8E28CB886D7D5F2B9224C46D23BA57DECE8D0F72C;burn;pb1vm73d2qtvs86e2dguxt40tjzhv37r36h40wtqg
D8BCC006FFC29AD5B4683568660F8F43C0439024ABD3D5181B7D8731F9508B74;burn;pb1vm73d2qtvs86e2dguxt40tjzhv37r36h40wtqg
96BC03F3C5B60B40796D785CBBAD537712742B5521FFAF187AA956FD7C163950;write_session;pb1xvd4k9jg5h0d4dhzr4z0txtwe9p5zxf58xcmxd
07F3DF506DD791088A720F43312D6C2F603C7F87A716FAE002A76204DD52009A;burn;pb1vm73d2qtvs86e2dguxt40tjzhv37r36h40wtqg
846738953A8D2885CFE4AECD565563F708B21AD382807EFAB8D65979475E24FD;write_session;pb1xvd4k9jg5h0d4dhzr4z0txtwe9p5zxf58xcmxd
537B17A770B1151386133B6524F156C992FC81DF1BD2525A9AD55EB76D366963;burn;pb1vm73d2qtvs86e2dguxt40tjzhv37r36h40wtqg
94677CC92E00950D68998D7980D868631449461604F9AA10AA3526A5EFAC047B;write_session;pb1xvd4k9jg5h0d4dhzr4z0txtwe9p5zxf58xcmxd
71812EDA3BB45175EE984D8F535919C93B8548039737876AE11AFBEFF0829580;burn;pb1vm73d2qtvs86e2dguxt40tjzhv37r36h40wtqg
36B11B08B7917B6AC56AF2C5608DA3F442D57CEAA950B554056EDD440F2463CD;write_scope;pb1xvd4k9jg5h0d4dhzr4z0txtwe9p5zxf58xcmxd
5CFC36F9D63866A7B5B5DC1524899BB7DC1F040B7142FDCDFD3CB68ED1E9D848;burn;pb1vm73d2qtvs86e2dguxt40tjzhv37r36h40wtqg
A9D29FA6233AA429E06A2528B8F64FA9D3CA1D9653E41CF4858CAD207C989E41;write_session;pb1xvd4k9jg5h0d4dhzr4z0txtwe9p5zxf58xcmxd
819E0A0DFD57F085C06507E3D1A7867EAA3C92A23BD6C4E57CF8CB3AB9E19C95;write_session;pb1xvd4k9jg5h0d4dhzr4z0txtwe9p5zxf58xcmxd
D3159EB74ED906ACA3244FCA607D760533A69E1AB51A4D85874ACD866AA176C4;burn;pb1vm73d2qtvs86e2dguxt40tjzhv37r36h40wtqg
08793BFFB89159334FF0ADC4EA5306D86CF2EA8211334564E0CF94CF3938D375;write_session;pb1xvd4k9jg5h0d4dhzr4z0txtwe9p5zxf58xcmxd
FCD4249B64A53799C5322BB8F31DE81AE348FF550D17395BFCA4A36E5A3389A6;burn;pb1vm73d2qtvs86e2dguxt40tjzhv37r36h40wtqg
92192EC86634E6E11B8ED0C25AA9E930F9EEDDDF416EC176F079C4CC56A92200;burn;pb1vm73d2qtvs86e2dguxt40tjzhv37r36h40wtqg
D49EAF26DC4B18C0B8F149CC73387A4986288D6F2CFF918FB143BA9F726625B4;write_session;pb1xvd4k9jg5h0d4dhzr4z0txtwe9p5zxf58xcmxd
7EB6FE4209F354F494B6B7AB67030F3BAD344BA75256911846C09F0726838B39;burn;pb1vm73d2qtvs86e2dguxt40tjzhv37r36h40wtqg
B11DAA2D1D766775DB58B869C0E35F07DA85CA366B11698E120F877B9DE0D110;write_scope;pb1xvd4k9jg5h0d4dhzr4z0txtwe9p5zxf58xcmxd
17DAE99DCCA777D9E46B227F4715C4B702480DDED78AADE71EFC0A001E489843;write_session;pb1xvd4k9jg5h0d4dhzr4z0txtwe9p5zxf58xcmxd
6568F929C29A3056224877FE5110655BB4DA55BA6DC34BD3EEFDC4B91B6F8299;finalize;pb1zsherr3eat6gvq9ptg3m0n3dj33xf2mwevk3ca
0DB74F88A302D0252A56F6C7580FD6395EE855C5E33DA8F010AB8E28B3F703FA;burn;pb1vm73d2qtvs86e2dguxt40tjzhv37r36h40wtqg
ECE6CF520DC6C329F0E446C31859BBC24F120C037905E8C62F3136BF28624330;write_session;pb1xvd4k9jg5h0d4dhzr4z0txtwe9p5zxf58xcmxd
467F64CDD62FD2FAB0A5C84199876B09FFADA22C74358FD15225DD1AE94C5B65;write_scope;pb1xvd4k9jg5h0d4dhzr4z0txtwe9p5zxf58xcmxd
CA4B91C37BABB6E2E5AA751D181443C4A6AFB11F208AC23C7B540E992D83CB91;burn;pb1vm73d2qtvs86e2dguxt40tjzhv37r36h40wtqg
2554132E24C4AFF5AB3FCA32C7F58A62EEB23889B6AC3E06FD4B256F31BA085D;burn;pb1vm73d2qtvs86e2dguxt40tjzhv37r36h40wtqg
0B8537E07CD7135CB1BB20596655BD3870B52CD990E76A9AE8801A65C5BF308F;write_session;pb1xzl9wgh0ry2dma43f58vmuteqd3996j6mhqhgz
81F93C7F95CB3B8286DDEE4E9A5EDBF9B0F40560924B03D71CC7CE3206D75B47;write_session;pb1xzl9wgh0ry2dma43f58vmuteqd3996j6mhqhgz
6A7791CD7F6C9572ECA353F50E9DFC5F3BF36C2E2308BC7BC370B1C834B01B18;write_session;pb1xzl9wgh0ry2dma43f58vmuteqd3996j6mhqhgz
23B751A5C88637B448E84A719E919A5647C758C01AF609550F24D936A9D2F294;write_session;pb1yvmg7c0hmhunrr6mrh5vz3mu4g2z06l5y842xz
FF9CEFB680295F0C864C7FEC865808AE308D62379E8B6905A7FFB0CBCC507D31;burn;pb1vm73d2qtvs86e2dguxt40tjzhv37r36h40wtqg
5F84B7B9A1B799FA6120367BFD6EE98010C096149321F0169C9D781D0FC0D13B;write_session;pb1xzl9wgh0ry2dma43f58vmuteqd3996j6mhqhgz
2A107275B89D49C015A868100CC496FD3418E7B1D4D9B30F8ACDF5844813CBBE;write_session;pb1xzl9wgh0ry2dma43f58vmuteqd3996j6mhqhgz
370A9A331B50F4826A924BF5FEC943AFB81ABC7772C906AB4A86DE0D50FBE7A4;write_scope;pb1xvd4k9jg5h0d4dhzr4z0txtwe9p5zxf58xcmxd
8A7ECF0CE4846EDE24D1D52BF0F6BFF69A27570B051CA89EB301476FF6C8CEB6;write_session;pb1xvd4k9jg5h0d4dhzr4z0txtwe9p5zxf58xcmxd
2BB13416AE3AA0AFAA505E4B09A9FBF25996A0DAAE269E0607284D254F8A2DD1;burn;pb1vm73d2qtvs86e2dguxt40tjzhv37r36h40wtqg
7981DB0B8B05C2E0A5FC532277F876EEBAA0581E5703FB34AE49A338C1A9E486;write_session;pb1xzl9wgh0ry2dma43f58vmuteqd3996j6mhqhgz
AB25BF5EFB22D5F22267707B59186A39C9FB3832CA451779886243E44F03DFB4;write_session;pb1xvd4k9jg5h0d4dhzr4z0txtwe9p5zxf58xcmxd
D88C198FC5129C4BD7D5C1E687759944C6B10A1023F7640C15FA29B4CDE8B23C;burn;pb1vm73d2qtvs86e2dguxt40tjzhv37r36h40wtqg
BCF55783EC71ECADDCC92FB7D7FB040FC060867A8599C7BC2AAE23D7AB59200C;write_session;pb1xzl9wgh0ry2dma43f58vmuteqd3996j6mhqhgz
BCD7C6FD6F127C24E41DBD6A1A3CC3789B2F66DF7F8F4DC620A0C8F02ACE7F6C;write_session;pb1xzl9wgh0ry2dma43f58vmuteqd3996j6mhqhgz
65A681EE0A17EB927E1CFBE58438C9F5DE1CBF8D8A36217368858E6A6CD7AE70;burn;pb1vm73d2qtvs86e2dguxt40tjzhv37r36h40wtqg
A2AE05E90A99B2F7A44E3FC35B67F971898B2E4383C3B2CF5C6F76D8CE1FA048;write_scope;pb1xvd4k9jg5h0d4dhzr4z0txtwe9p5zxf58xcmxd
D720934B90883B90B52BF23B2650A459F0215CA01BC62F71628728677BA13349;write_session;pb1yvmg7c0hmhunrr6mrh5vz3mu4g2z06l5y842xz
A29D457496208412D420419F075CD10A5DC64FABAABAA79A69F5708608C51720;write_session;pb1xzl9wgh0ry2dma43f58vmuteqd3996j6mhqhgz
136705F005A74AA1F63F5B186A52D51314D4A0E51082104144DBAC1949378CE6;burn;pb1vm73d2qtvs86e2dguxt40tjzhv37r36h40wtqg
99BB706E73EC2D38AFC578EFBC7FA5DA782365E56262827FB071BCAC26E7659D;write_session;pb1yvmg7c0hmhunrr6mrh5vz3mu4g2z06l5y842xz
5EF1C31B20B5284B2C7197087B9267C6B79CC631920ED6985D2FD28F3F4D2B66;write_session;pb1xzl9wgh0ry2dma43f58vmuteqd3996j6mhqhgz
DDC41D3D6338AD9A718A1B4CA2ECD7A714B9ECFCBF06C457F28D0E05FC26DCCF;write_scope;pb1xvd4k9jg5h0d4dhzr4z0txtwe9p5zxf58xcmxd
45464AEF0F2BFF8A8E5238CEADE93D5AFD030FA87B7E4E3C5BF93BDD526C943E;write_scope;pb1xvd4k9jg5h0d4dhzr4z0txtwe9p5zxf58xcmxd
7997902F747AB695CEEB1161C3737DF6CBD13194E524B69060F38AD67C7D90B2;burn;pb1vm73d2qtvs86e2dguxt40tjzhv37r36h40wtqg
7AFE65B7420B4011981E154A2FA24A5EA4478739873C43D0E308D1A12CDEF303;write_scope;pb1xvd4k9jg5h0d4dhzr4z0txtwe9p5zxf58xcmxd
D031A92DF4E08B802ABF49B184936329E8B59CDE5463AB9C70218BD5CF622925;write_scope;pb1xvd4k9jg5h0d4dhzr4z0txtwe9p5zxf58xcmxd
6E3739FFCDDB232621938D85DCD8D907D3DC9F69E545500850E880F2560E7808;burn;pb1vm73d2qtvs86e2dguxt40tjzhv37r36h40wtqg
6090EE04FE12F6FCDD7BC1C2B5C1B4A2C93284896F98E48C5399CFC04F384BBC;write_scope;pb1xvd4k9jg5h0d4dhzr4z0txtwe9p5zxf58xcmxd
B1F81BEFD75C5780F6D9BFD0CAFB380803C9FFC75D494F9BBA9FEC2C2D78EE1D;burn;pb1vm73d2qtvs86e2dguxt40tjzhv37r36h40wtqg
A68DFCDE2CFDF0AC0CB4335739846D19F460D33506D5F1156AB3A7D45FF85899;burn;pb1lp3xr3uezqu5hnrl6ws04jhuzlmxrw2g3wumnf
D19BF5496FA5AF022759D91F03AB60664D0677AA6CCC12C083FF656F416571B6;write_session;pb1xvd4k9jg5h0d4dhzr4z0txtwe9p5zxf58xcmxd
377E3F6432CD97FA4A870E7E8B3EDC962B5B19A3C17497DCF24E18CDFFE01E96;write_scope;pb1xvd4k9jg5h0d4dhzr4z0txtwe9p5zxf58xcmxd
558B8D72394A44AA543EF7090C7AD1AC72E077F96265BE178C0F0BB2CB4DED10;write_scope;pb1xvd4k9jg5h0d4dhzr4z0txtwe9p5zxf58xcmxd
78D5B224377F877A54C44F5E2865B70F2E52FFEB861AFD5C6B3BCA7EFCFAB4FE;send;pb1949aeejayfs4srtl8sc672h2m03xarz46unz4q
0568214D84BDC3F9CACB450E1BD94AFC2CA54646BDEEE88C9AF2BE2C27CA1351;send;pb1949aeejayfs4srtl8sc672h2m03xarz46unz4q
55F19FE6CF90D814CB3A8D1033E6CFD6F57B1D15D1DA7281F617B8A099E19232;send;pb1949aeejayfs4srtl8sc672h2m03xarz46unz4q
1A8258F6B439F407B73326D2239A5E94252313A1603F2E05AA1C706D096A79AE;send;pb1949aeejayfs4srtl8sc672h2m03xarz46unz4q
3CFA52A6224745CBB882B2D34EF2C9302A8343C31B4BF4364A4A35BDD2BB2125;send;pb1949aeejayfs4srtl8sc672h2m03xarz46unz4q
52BBB7FCD4AA933848E7C7E1C6A8236CB9E7B5376394D9B6C7EA6F2A50A31970;send;pb1949aeejayfs4srtl8sc672h2m03xarz46unz4q
A5BAEA3984B670B2D56B0446E956CC13EAFD2EC750DB36B86E697C09D4FD1A19;send;pb1949aeejayfs4srtl8sc672h2m03xarz46unz4q
E77150B8D6F37EB2B1D9D246234BF85AC062E6F8267DE247CDE3A30222E99599;send;pb1949aeejayfs4srtl8sc672h2m03xarz46unz4q
F97A8EA0ABBED6BAFB4A5D00CB25D76E924AD1F56399024352FDBCFD535F6B27;send;pb1949aeejayfs4srtl8sc672h2m03xarz46unz4q
D8AFD85E227E135192149F3B9EC76B862CA2350403354FF52933F97EFB56E18B;write_session;pb1xvd4k9jg5h0d4dhzr4z0txtwe9p5zxf58xcmxd
E30E86D7CC3B3F29F1FDAD43C370D7A95ACE938E265AFC6FFE8CB4E1827C19A7;write_session;pb1xvd4k9jg5h0d4dhzr4z0txtwe9p5zxf58xcmxd
7A281E91AA9BC480E0E3FC7EC2F69110B570C5FAB401362AD10CAA245ADB6C6A;write_session;pb1xvd4k9jg5h0d4dhzr4z0txtwe9p5zxf58xcmxd
579F9810BA0A721CD993D945CED79B518A5219015D5B6BFD540A74356873567E;send;pb1pr5ekk8nndfmla093q5yrrmzhgg2zcsj4kdqhe
4F596670515A1F97C37C6F9A25932AB8F29A135ED6020E9BAA6BB0B3A4B52CFA;write_session;pb1xvd4k9jg5h0d4dhzr4z0txtwe9p5zxf58xcmxd
76956975B7B819208D19ABBBDEBA3D38ABEA3909D7325F985A632FEFAD5E452C;write_session;pb1xvd4k9jg5h0d4dhzr4z0txtwe9p5zxf58xcmxd
F3A57E53F648F11A3C3F626609AAA264DD01B920B36893088A21A409550F410A;write_session;pb1xvd4k9jg5h0d4dhzr4z0txtwe9p5zxf58xcmxd
F0B7E8CFDD04465F98C479DD5182E064350DBD2C2B2F5D8FAB5516128FB539A0;write_session;pb1xvd4k9jg5h0d4dhzr4z0txtwe9p5zxf58xcmxd
81B62753D1991ECE3AB3A604EC4C9284A210D151A448438A36C38A0845663918;write_session;pb1xvd4k9jg5h0d4dhzr4z0txtwe9p5zxf58xcmxd
F5B29403862FA68C30C7120744A5330F25DBC67F7D2AD34D381D318A2BB8A929;write_record;pb1xvd4k9jg5h0d4dhzr4z0txtwe9p5zxf58xcmxd
BA558CB5CEF7E3A3B4A92AB56AA6F4974439F7CBC96253CB88521BB2D61342F0;write_session;pb1xvd4k9jg5h0d4dhzr4z0txtwe9p5zxf58xcmxd
3F29A3825C2801F674DC7666766A619C06C5652B271B13CBAF75EDC29E5F40AE;write_session;pb1yvmg7c0hmhunrr6mrh5vz3mu4g2z06l5y842xz
E4C9C949061390E5B6E1AE892D174FBA9ABBBB91A0699668F2D06BA7893C45EE;write_session;pb1xvd4k9jg5h0d4dhzr4z0txtwe9p5zxf58xcmxd
22E3BDD29C760FEA3A4293BC5EC25B6EA472E443F9DC57FAC59BFFA4FB85C599;write_session;pb1xvd4k9jg5h0d4dhzr4z0txtwe9p5zxf58xcmxd
0A43F8F1D5D27694EDC137147EFB4D94671E4DEDE206DC7A6A95FB37479D1A7B;write_session;pb1xvd4k9jg5h0d4dhzr4z0txtwe9p5zxf58xcmxd
7B3E2E4AFE68DB1F2D0EF6DA915F18DAEA6E670BEE28A8F352CBECF8FF9D77FC;write_session;pb1xvd4k9jg5h0d4dhzr4z0txtwe9p5zxf58xcmxd
A77ABC32EF54297901907D4D0498EDD7E1611E1B2F1D7917FEE8B9538D039422;write_session;pb1xvd4k9jg5h0d4dhzr4z0txtwe9p5zxf58xcmxd
B7D338DD3977A562B255312B1025D493A563F09D0126F6518FE1629AB3696608;write_session;pb1xvd4k9jg5h0d4dhzr4z0txtwe9p5zxf58xcmxd
5DE3B04DBA274B30A4997241A1C8539B387C3064DDF42202189561368AC904D0;write_session;pb1yvmg7c0hmhunrr6mrh5vz3mu4g2z06l5y842xz
682D66C0705FE44FCE731D2FE3033BC944C592CFC0E94886606A32034702A0FC;write_record;pb1xvd4k9jg5h0d4dhzr4z0txtwe9p5zxf58xcmxd
BA34E5B43D959E48C5F1AB3F96473C5287242D9FDB1E01EB1339FD6CAB530428;write_session;pb1xvd4k9jg5h0d4dhzr4z0txtwe9p5zxf58xcmxd
3FB226FA3B647C4ACBD8388B8AE8E95E79DDC80FE1D57BD450C92A0520904DB4;write_session;pb1xvd4k9jg5h0d4dhzr4z0txtwe9p5zxf58xcmxd
8078A53C4EE9EA0AF8F483B0A53F4C8078597BF9E04E079099EAF88325AC4A47;write_session;pb1xvd4k9jg5h0d4dhzr4z0txtwe9p5zxf58xcmxd
91FB02187B0625973BC675F182B8A00C23F14CB37A700DC7F5A7D623C791CA68;write_session;pb1xvd4k9jg5h0d4dhzr4z0txtwe9p5zxf58xcmxd
7F3733B8BAB6C77962617360B82EAEA5B61367C5B643BDD5BDAD06B8E140F7D1;write_session;pb1xvd4k9jg5h0d4dhzr4z0txtwe9p5zxf58xcmxd
36470EFDFE39A886401671246036FC35F642277DAF811D460633ADB1CCEC9B2B;write_record;pb1xvd4k9jg5h0d4dhzr4z0txtwe9p5zxf58xcmxd
1BD30B71CB22C811736D67350EC99803BEC25525162133B98D08664AD6C9FD59;write_scope;pb1xvd4k9jg5h0d4dhzr4z0txtwe9p5zxf58xcmxd
4CCF1F02D489A3E1B491B3D41E9A081424796D56DE09E24057F2A35FE2573C2D;write_session;pb1xvd4k9jg5h0d4dhzr4z0txtwe9p5zxf58xcmxd
431B8C6CE7D7F6860E376CB29D267C65DE26E261C1955082FA5F315DAC638EF3;write_session;pb1xvd4k9jg5h0d4dhzr4z0txtwe9p5zxf58xcmxd
A5511C40C546032667FB3E429279F6525E0061E577246CEF7C185F412DF5A169;write_session;pb1xvd4k9jg5h0d4dhzr4z0txtwe9p5zxf58xcmxd
905CAF8F92CABD62B5BC9E79F5DFEDF1C83504923C2CA7441B8183ECF2E45736;write_session;pb1xvd4k9jg5h0d4dhzr4z0txtwe9p5zxf58xcmxd
A7A827944D53E07FE184614D0E809CFD28D5B9E8469F93972F092D408D0C5733;write_session;pb1xvd4k9jg5h0d4dhzr4z0txtwe9p5zxf58xcmxd
0B9C3AC6DE449A5AD67C05F97713E72F3EC1CB0665A7C5515CCB3845228AACA7;write_scope;pb1xvd4k9jg5h0d4dhzr4z0txtwe9p5zxf58xcmxd
DA3BBF1BBA83B485F21F42715A886C4CEE0430674CEC94772291422925728E99;write_record;pb1xvd4k9jg5h0d4dhzr4z0txtwe9p5zxf58xcmxd
FC208B7395506B785B6F78ECD1D997A7630ABCB22CD2CE1F3A04F9CCA98E042B;write_session;pb1xvd4k9jg5h0d4dhzr4z0txtwe9p5zxf58xcmxd
B17C5B6754403361D8E82587789CD3F3CE5931A2AFB1C108BC49BE38DD1CDB13;write_session;pb1xvd4k9jg5h0d4dhzr4z0txtwe9p5zxf58xcmxd
6E07CC863856E5E5A6206B2AF57DFBF50CF15D13ACB4F5AA9759BC0AD57C46E5;write_scope;pb1xvd4k9jg5h0d4dhzr4z0txtwe9p5zxf58xcmxd
162B73560285A4CF23619458ED8D6D9639A0763BAD8818FCC988B69BE32E79E7;write_scope;pb1xvd4k9jg5h0d4dhzr4z0txtwe9p5zxf58xcmxd
14227D7F766A8506A139CC4F529C73879F654292541E680A54AE07229B5F3CD1;write_session;pb1xvd4k9jg5h0d4dhzr4z0txtwe9p5zxf58xcmxd
30C443DFB4D33B55A9FE4AA3A48AADB49AB01126EBF5FEC4C0E5123AA1FADC22;send;pb1zsherr3eat6gvq9ptg3m0n3dj33xf2mwevk3ca
3CE8341F6FF541A0302DAEDD7B15CEDFE0949EE0993A62ECB1B90DBD910B5E92;write_scope;pb14sew7dgzpaayrej4adlg7cv7ey8mh8smfvh8j4
E0D631B33EE35815CE11E464EF363CB9728CA1D8AE624EF12E38BBDBA893CA4A;write_scope;pb1xvd4k9jg5h0d4dhzr4z0txtwe9p5zxf58xcmxd
A361919EE1C783CD0945DBCB6D2FD9BD3B710A51D2D8C97311E6E5EE39B350E5;write_scope;pb1xvd4k9jg5h0d4dhzr4z0txtwe9p5zxf58xcmxd
888487FDED5B95FD850D2186CFAE77E4D6EA1DC7643DF872826E15AA49A596F9;send;pb1zsherr3eat6gvq9ptg3m0n3dj33xf2mwevk3ca
CB82B8DE5579CFF9741B05DA835E25F90A16DAB5E905215D08CCF4B79AC8CA0D;send;pb1zsherr3eat6gvq9ptg3m0n3dj33xf2mwevk3ca
3B947CB9EC39FACE7D8A2EDDE4526939F4A95AD773073D7DEA9F7843743E938B;write_scope;pb1jlynulmwyarrwdphnrdwgv8jwtlcar9a6kqn20
3B00621B1785025D6A45BAF890B58B500F066C0D805833711EC9DD611629742C;send;pb1zsherr3eat6gvq9ptg3m0n3dj33xf2mwevk3ca
A47BB6211DF8A3A1A75950C04F38FC9C1E64D9368C41B1A66EA8387FD841D959;write_scope;pb14sew7dgzpaayrej4adlg7cv7ey8mh8smfvh8j4
DFFEF3190E560E8C8E1C2569EFAE7CD73D1AAB48ECC3F9149D58E52383E65F5E;write_scope;pb1xvd4k9jg5h0d4dhzr4z0txtwe9p5zxf58xcmxd
3E597DCDFE6858440132DEBA7DACD6C9D243439E95C335E0CF9522C3D86C9E8B;write_scope;pb1xvd4k9jg5h0d4dhzr4z0txtwe9p5zxf58xcmxd
73247D4258A61682376870BD02D2AD1239EF9642FCFA46BACF1A7116E2BDFC00;send;pb1zsherr3eat6gvq9ptg3m0n3dj33xf2mwevk3ca
7389BCEE74C993D3AC8BE5E260EAACBB2F80EEAC924465966FD45357A0B770CC;write_session;pb1xvd4k9jg5h0d4dhzr4z0txtwe9p5zxf58xcmxd
D9659B5757A7CCA4285C3D7ED216D9775EB31D427C31490E01FE503B3D52135A;write_session;pb1xvd4k9jg5h0d4dhzr4z0txtwe9p5zxf58xcmxd
0AD16D07872EA0BABF9A4230765DA29893D32444F0D4D277A19D118E6EA95097;write_scope;pb14sew7dgzpaayrej4adlg7cv7ey8mh8smfvh8j4
3696A1DF3DCDCA81BB6C368C46C934ED0363D0FA06257265C2B230B61B40AF52;write_scope;pb1xvd4k9jg5h0d4dhzr4z0txtwe9p5zxf58xcmxd
64BBF4505BF2D54EB38DD6B0CA0631ED6D7E6B779F0B1EADBAD85E910FBA6D4F;write_scope;pb1xvd4k9jg5h0d4dhzr4z0txtwe9p5zxf58xcmxd
0E521FD7A7A7DBFB92A022C2C45D297524987D78A0800BF5AF5C01795D3A8164;write_scope;pb1xvd4k9jg5h0d4dhzr4z0txtwe9p5zxf58xcmxd
B9DDE8D30B003DD14068D217427CFA4F3A928487215BF9D12894114F2EC74F78;send;pb1zsherr3eat6gvq9ptg3m0n3dj33xf2mwevk3ca
2693E6F67017C81BBFD17BB56D7B36D343339DDBC8285C5F619914E708D2F9FE;write_scope;pb14sew7dgzpaayrej4adlg7cv7ey8mh8smfvh8j4
54F3CF9FB80A56F2DA7C2A783D5D9B70107D4FAF9BBAC39C612ACD2A00D051C4;write_scope;pb1xvd4k9jg5h0d4dhzr4z0txtwe9p5zxf58xcmxd
2BAD5E3FC674F7860DBAAC55B559BA4283E10D875DBDE852E77022CC0BD8D5B5;send;pb1zsherr3eat6gvq9ptg3m0n3dj33xf2mwevk3ca
8E803DF161B6FAB8218DA89DFE6218CC9330C482C47448E935C85906A038663D;write_scope;pb14sew7dgzpaayrej4adlg7cv7ey8mh8smfvh8j4
D6B4295D215CB07257153A33E193016F43CDCAA0E2EB7D3B3BCE12E1B3ECC717;write_scope;pb1xvd4k9jg5h0d4dhzr4z0txtwe9p5zxf58xcmxd
C3D0A2237D91C38AC5322A5E676E06AD4AAD6B458C9D114BD7241E09D2A14CF5;write_scope;pb1xvd4k9jg5h0d4dhzr4z0txtwe9p5zxf58xcmxd
A8FF3C3DFF3BB6A797343DDDB1E82F78994BD53107376109CF5C9146F7219F18;send;pb1zsherr3eat6gvq9ptg3m0n3dj33xf2mwevk3ca
BB46AC39D8F4C20D0D2481593E48C36159B4C1553BC480176402427BE3B5C3C1;write_scope;pb1rtp2y5ygkw240y23fs8jfn8txkw7l0wlguh9q7
D9DDB40E00A8225E3BA2142383EA4FD7EEB5633584ADC922E21C3804BDA13D39;send;pb1zsherr3eat6gvq9ptg3m0n3dj33xf2mwevk3ca
54B76B1985940D4D873ED42C3A054EE7CE9B243DEE085CD35F892E52A1D55D3F;write_scope;pb14sew7dgzpaayrej4adlg7cv7ey8mh8smfvh8j4
82078DFC5784A40B8FD4B41AFE65F9D654E85E448B5E79CCEFA819683CF0FC4B;write_scope;pb1xvd4k9jg5h0d4dhzr4z0txtwe9p5zxf58xcmxd
ED6DE529FDCA279B9410416BDB3D0356D7D83F97C952DB8B6C15379AB3D663DA;write_scope;pb1xvd4k9jg5h0d4dhzr4z0txtwe9p5zxf58xcmxd
937635A658ECA8B906E89A56E4913229D776493C3480B982ABC7C69BFE54D3D4;add_marker;pb1zsherr3eat6gvq9ptg3m0n3dj33xf2mwevk3ca
73C4D8A06C95D81FF0CEA10E651D3ED6EA1AE4107AC069BA36C78F6F8A898CF6;withdraw;pb1zsherr3eat6gvq9ptg3m0n3dj33xf2mwevk3ca
96F5C6BEDA90C99415576DBEB7452390BE0FB2FF482213565FCECA347B27DBE7;send;pb1pr5ekk8nndfmla093q5yrrmzhgg2zcsj4kdqhe
45F45505B023EA24A52D6DE5E3C9F4774DA7A18E6D54FCCDF44D4C4463DF826A;write_session;pb1xvd4k9jg5h0d4dhzr4z0txtwe9p5zxf58xcmxd
6E69C45DD3C9BF5BEF29AEF4D62F190977DB18DD4379C234C776AE82BD31D5A0;write_session;pb1xvd4k9jg5h0d4dhzr4z0txtwe9p5zxf58xcmxd
2EA3925C4D2472E6003324967E7F1D56A50545B4E54816C8730A307A518C13B6;write_session;pb1xvd4k9jg5h0d4dhzr4z0txtwe9p5zxf58xcmxd
E24FA370F42081F8718A2E492DE7F00C1CFDD4CD82F1D57234DE7F8EA4806D72;write_session;pb1xvd4k9jg5h0d4dhzr4z0txtwe9p5zxf58xcmxd
7593EC26EF42DA73344E3446A0214AB068230EC0E999BBFB8C4CCAE731C0F0BA;write_session;pb1xvd4k9jg5h0d4dhzr4z0txtwe9p5zxf58xcmxd
1278543F41B1FBD5985941F8E51DDE6238F9699E78E1A0C776F102365C0A60F4;write_session;pb1xvd4k9jg5h0d4dhzr4z0txtwe9p5zxf58xcmxd
9B1BDBD37B64C0989D5B05BBAE7326F9F430E254F1F1A2837633BBF223B5543A;write_session;pb1xvd4k9jg5h0d4dhzr4z0txtwe9p5zxf58xcmxd
2B04BC9C6D4BA4F0C2236197E788BE050F333BFF299E5EA80F8E8D39D76A1A34;write_session;pb1xvd4k9jg5h0d4dhzr4z0txtwe9p5zxf58xcmxd
169CDC051F0BB7E2E29640D0CDE55820B8F5E9F69385ECB2D63E3BCD1DAA663D;write_session;pb1xvd4k9jg5h0d4dhzr4z0txtwe9p5zxf58xcmxd
5A65C7058ACA7D084DB359BCDCEF3C3809B258E26F09A9B2A691CEA5F1B92937;write_session;pb1xvd4k9jg5h0d4dhzr4z0txtwe9p5zxf58xcmxd
C7904F469C6D79EB97D623251A0FD2B6AF92825EA46F64C4A684FEFFB0ECA9C9;write_session;pb1xvd4k9jg5h0d4dhzr4z0txtwe9p5zxf58xcmxd
0BCF6680658C135546FC53E72618DB2F9801A09619B78D5D8DC1DFF195253BD4;write_scope;pb1xvd4k9jg5h0d4dhzr4z0txtwe9p5zxf58xcmxd
A4273F81A6F39BDD5744ADDFC5D808F64E1A21D36FD67ED7D224DA67D2770D26;write_session;pb1xvd4k9jg5h0d4dhzr4z0txtwe9p5zxf58xcmxd
E58D993ECCB4A4073FCA2379A678C417B3FC75E621A59F11C64886126A441A81;write_session;pb1xvd4k9jg5h0d4dhzr4z0txtwe9p5zxf58xcmxd
DC8FEAF8ACD128F373ECFFAEFEFA92499ABDD612AF16173D2466A4F17C066A73;write_session;pb1xvd4k9jg5h0d4dhzr4z0txtwe9p5zxf58xcmxd
1598123A97FBBC2160CC1BE48365526198CA12F0D1FAE7A02AF21E554B438D26;write_session;pb1xvd4k9jg5h0d4dhzr4z0txtwe9p5zxf58xcmxd
47AD85778F8421A1B2E0AE90CB1636FD17577BE901AF31A64F29423A6F419E72;write_session;pb1xvd4k9jg5h0d4dhzr4z0txtwe9p5zxf58xcmxd
DDB3C019F21832B4BC8E7C805FDA5CB91530C5EE02DAC779EF9317A0CA999856;send;pb1pr5ekk8nndfmla093q5yrrmzhgg2zcsj4kdqhe
798EF59554AFD0DA674EDBDE6B190759C4FD62727212C6FBC3BEA799BDDD045F;write_session;pb1xvd4k9jg5h0d4dhzr4z0txtwe9p5zxf58xcmxd
A44EE146E66B8FE21DB2AB26B35B6B7FD31735E8435706540EBA62EA73F60A8E;write_session;pb1xvd4k9jg5h0d4dhzr4z0txtwe9p5zxf58xcmxd
9D7C4A2937F8E5E84DCBE09879AECCF6912040889AE197CCB16330766C952804;write_session;pb1xvd4k9jg5h0d4dhzr4z0txtwe9p5zxf58xcmxd
CFABD8984442DDF87DFE23FCE5C97D57CDD05CF7E93EDA97903351385B058C1C;write_session;pb1xvd4k9jg5h0d4dhzr4z0txtwe9p5zxf58xcmxd
3835EF6A90FCEA77405CBD444B3CC972CA44C5CB803025A2ABE9E4E49C958BD0;write_session;pb1xvd4k9jg5h0d4dhzr4z0txtwe9p5zxf58xcmxd
205FC3CF17C42D2DED2E6953B7FC110E7C2866814BED34F22717A946AB4FFBF7;write_session;pb1xvd4k9jg5h0d4dhzr4z0txtwe9p5zxf58xcmxd
74918602620F66EFDAC9EA675F1B6A4B1B9D1260B2280AF2470EB9A8E9C325AB;write_session;pb1xvd4k9jg5h0d4dhzr4z0txtwe9p5zxf58xcmxd
AFE330406E2FB36DFD3138F9FF38330FA82FD0B855FFD431AC1257D473277B32;write_session;pb1xvd4k9jg5h0d4dhzr4z0txtwe9p5zxf58xcmxd
B19E41DBFC559308F284A395FACFA245E1261B36A5F72D687341E0935AFDEF02;write_session;pb1xvd4k9jg5h0d4dhzr4z0txtwe9p5zxf58xcmxd
F99972C6D76AA54E13B5A1B7C684C3359304B4D323E464BEABB466E534C56C10;write_scope;pb1xvd4k9jg5h0d4dhzr4z0txtwe9p5zxf58xcmxd
A4CB0C8AE3EF4AE97A314B0CE5EDFCFF704E9B84EABBCA2909F6CB2A8FB71086;write_session;pb1xvd4k9jg5h0d4dhzr4z0txtwe9p5zxf58xcmxd
4D573ECC5020B49BC6E658401FCE8A1B10D107E3384C4332166730DC48952A26;write_session;pb1xvd4k9jg5h0d4dhzr4z0txtwe9p5zxf58xcmxd
799A4BA0C2847162BDEE7BCA248479EA445684F5804B01A3C43AC608EB92EDE5;write_session;pb1xvd4k9jg5h0d4dhzr4z0txtwe9p5zxf58xcmxd
D53719D5ACAA872FA869AFEABA0928C66FCAD15E54341F7DE5C650FAC751DFEC;write_session;pb1xvd4k9jg5h0d4dhzr4z0txtwe9p5zxf58xcmxd
AEF55346579241AFB07EF9B70D160928CBC850AB76ABA772F80DBE6B8F9D8EB7;write_session;pb1xvd4k9jg5h0d4dhzr4z0txtwe9p5zxf58xcmxd
FA92D2E9DF671F25F5FBA0EB68EA98DFF01095812E624BD84F7B68B58EB6E74F;write_session;pb1xvd4k9jg5h0d4dhzr4z0txtwe9p5zxf58xcmxd
1B8832A546A6029B6578C984276C7C2CE6A592F255F90970F0389F28C4961936;send;pb1zsherr3eat6gvq9ptg3m0n3dj33xf2mwevk3ca
0D2E339BEC4B28687E4667F32D1EF3BE7079BFED8630DA41CE51FB077C175C4B;write_session;pb1xvd4k9jg5h0d4dhzr4z0txtwe9p5zxf58xcmxd
F9B57C8D3D3F00E8D9D6D5CE4A59AEA7EB05E7A9B71CC11B7A831726F8CDD7AD;write_session;pb1xvd4k9jg5h0d4dhzr4z0txtwe9p5zxf58xcmxd
2B5AB88AEF5948A8694D6CCEBC4D8F2A271311E2EF0FA12F3804D01FF5334CE5;write_session;pb1xvd4k9jg5h0d4dhzr4z0txtwe9p5zxf58xcmxd
8123F336C2D6DE7A0222F101F2637ADC0DD0B23753E221DB09B21F2B2E2F40F4;write_session;pb1xvd4k9jg5h0d4dhzr4z0txtwe9p5zxf58xcmxd
99A8E2F5AD9CAE3078E74B80CB19A1BB4E356676D42E25ABEDAC4706B74163D5;write_session;pb1xvd4k9jg5h0d4dhzr4z0txtwe9p5zxf58xcmxd
CD1F4BC7D293389D4430A8D8A2438445D12D27DBC261E122149A5FAA2FAE103D;write_scope;pb1xvd4k9jg5h0d4dhzr4z0txtwe9p5zxf58xcmxd
D160BB1F349EA8AADB365EDF956C3D6D02A4F1116CB3CDDAABF5D42674DD30F9;write_scope;pb1xvd4k9jg5h0d4dhzr4z0txtwe9p5zxf58xcmxd
0296FCCFD947D503B146159B003BB77994EAF854C749FD2C7DA629470A7ADB67;write_session;pb1xvd4k9jg5h0d4dhzr4z0txtwe9p5zxf58xcmxd
7D62733F8754CC3D9F964C82D3EBCFFCBC1726E30607264E702C726AA85F79E2;write_session;pb1xvd4k9jg5h0d4dhzr4z0txtwe9p5zxf58xcmxd
6F4B3B17847F5318214E5D7A186ACF67921281507D7E97D4A9E4CD0E1D6839F1;write_scope;pb1xvd4k9jg5h0d4dhzr4z0txtwe9p5zxf58xcmxd
BCAF1A88995EADDAF125498C9D55D226C11B044CAFDC0AECC68D5B54C1769FB9;write_session;pb1xvd4k9jg5h0d4dhzr4z0txtwe9p5zxf58xcmxd
D3C1E97AE829F542BFC44D745F69336CAD28D9808057CEFFF7B8D3EFA38CA868;write_scope;pb1xvd4k9jg5h0d4dhzr4z0txtwe9p5zxf58xcmxd
AE7050FD17D08B9A807B4C05F5DB25BF0413EF8C9350291BCACBE9818E8B0BAF;write_session;pb1xvd4k9jg5h0d4dhzr4z0txtwe9p5zxf58xcmxd
D35D4AC03FC6F184D76FD122DEB02750E1E6A51FC619B31B35C80ED62174A250;write_scope;pb1xvd4k9jg5h0d4dhzr4z0txtwe9p5zxf58xcmxd
5DE6854FA0E2EE7F76CBE44FEB6F72ADE250DCFBAB7CAC07D533A57CFAD93F69;write_record;pb1xvd4k9jg5h0d4dhzr4z0txtwe9p5zxf58xcmxd
6212FF3D324B03A6F0F76FE98161CC48FC1CA302D421E4BA1590B300910263AA;write_session;pb1xvd4k9jg5h0d4dhzr4z0txtwe9p5zxf58xcmxd
D7BAB0EEBF23019A11B75A24160D8672F4B2F9513DD85618CCA699013FF3B281;send;pb1pr5ekk8nndfmla093q5yrrmzhgg2zcsj4kdqhe
770A78FFC8608FF53BE76A2356BC5EC16DBC4F9428112A76ECEB264C99129900;write_scope;pb1xvd4k9jg5h0d4dhzr4z0txtwe9p5zxf58xcmxd
3AFC0BEE02C98881826B89834AE1B78279919F3B00FC666F2943EEEA9F80F9C5;write_session;pb1xvd4k9jg5h0d4dhzr4z0txtwe9p5zxf58xcmxd
9337C8F0CF533C5E667B040ABB90F64A346EB5DF95F332014133B8E0E281FA63;write_session;pb1xvd4k9jg5h0d4dhzr4z0txtwe9p5zxf58xcmxd
1352752D050265213A36A87785EB177415BFDBA6F9B157A1483CE468A1671E94;write_session;pb1xvd4k9jg5h0d4dhzr4z0txtwe9p5zxf58xcmxd
3043FB968521DA28137EE29CC4F101AC5C96185A32FB6591B731EFF71DDB44DD;write_scope;pb1xvd4k9jg5h0d4dhzr4z0txtwe9p5zxf58xcmxd
C23D1BA760B55599CBE839EC26B814081ECBA048C0BE9920DB6B7CEBD93C65F3;write_session;pb1xvd4k9jg5h0d4dhzr4z0txtwe9p5zxf58xcmxd
76C803D774230E3320885A6DD445D85C3C290E067EDCAB9C57994AA4BAB9F1EA;write_record;pb1xvd4k9jg5h0d4dhzr4z0txtwe9p5zxf58xcmxd
EF2777C07B35A7532B848589F59C09DA5549D572C408E4962896F4830284C008;write_session;pb1xvd4k9jg5h0d4dhzr4z0txtwe9p5zxf58xcmxd
3BEB24FD10933E943D903B00B0F710E333A7D084211F5988AEAAECA83580C3FB;write_scope;pb1xvd4k9jg5h0d4dhzr4z0txtwe9p5zxf58xcmxd
DA622DE9239C64A89291E85969BEC72158AF2D72E22AB872586E27C5EBEB605E;write_session;pb1xvd4k9jg5h0d4dhzr4z0txtwe9p5zxf58xcmxd
BF4FB52EAEE6055FBC1E601BE5A5A13CAF19B666F0C32769029BADE2019F81B5;write_session;pb1xvd4k9jg5h0d4dhzr4z0txtwe9p5zxf58xcmxd
6E43C2341D3E93ABED1CFE0C77324CF21CD515B224A8C04A47BEA5F2C4BA0504;write_session;pb1xvd4k9jg5h0d4dhzr4z0txtwe9p5zxf58xcmxd
850B56CF287F32E1DD9B2D7565E42D7F7F64016D691AE73E522C4266CFAC7596;send;pb13dfvqt7zyp69z3el72qsu6z3f0egh9xfng9jvt
1AEEF05D567EB1DAA0FD4BF777A285FB9492DEC3026387461412C263EA8131B7;write_scope;pb1xvd4k9jg5h0d4dhzr4z0txtwe9p5zxf58xcmxd
D0365DD644AEED038988229C035CF755888E2D29568F92BB8000B6CCB5E8DEDD;send;pb1zsherr3eat6gvq9ptg3m0n3dj33xf2mwevk3ca
92A4DA506413241DA2B320ED6E917902426A3BE6BDAB91219228E7E097CAFE03;write_scope;pb1rtp2y5ygkw240y23fs8jfn8txkw7l0wlguh9q7
79E5CA8588266FF39016AA14BFFA0C77F18B1BE93F7B3CF1AB50A21DFD13E0BD;undelegate;pb1jzqx6jjj2rchelgww2f7aktfw25n63cmrufugz
C3F9B3315C752CD278FCAE81BECDE7D8293E50ABD5F6FF980694CB1559C179DD;undelegate;pb1jzqx6jjj2rchelgww2f7aktfw25n63cmrufugz
26E1B50BE642F3684AD951100C1465CB2A043267B445B941605A3296D2C84FD8;write_session;pb1xvd4k9jg5h0d4dhzr4z0txtwe9p5zxf58xcmxd
1B5AFC201A5DF1C31779101D921A5818CA2B52EE24F147270DCB1BA26E9F423D;write_session;pb1xvd4k9jg5h0d4dhzr4z0txtwe9p5zxf58xcmxd
5B7CCFE0D0F16EC99C90517209E22573DF0D2059F5A01FDCDF9D5105E536FC2A;send;pb1pr5ekk8nndfmla093q5yrrmzhgg2zcsj4kdqhe
6E10F068F4DB9E8AF2BE3836E3C6D1EA6778722B271CE52AB9A6266607EC79B6;send;pb1pr5ekk8nndfmla093q5yrrmzhgg2zcsj4kdqhe
3DC729B01776BDD44CFAB9CB54B4673726513DA1155EF09A6E8872AF97AAA53A;send;pb1pr5ekk8nndfmla093q5yrrmzhgg2zcsj4kdqhe
37F6D2A87FB528869731387F90FB623429FACC20C7A8E2010FBBA93360FED1D0;send;pb1pr5ekk8nndfmla093q5yrrmzhgg2zcsj4kdqhe
A6526054FA84D59B7F80CC60EC857F50B5C35007600B59CA8FE635E9E3B4100C;send;pb1pr5ekk8nndfmla093q5yrrmzhgg2zcsj4kdqhe
F737126FB58327DECE09BC69B61F2F4601941A3E23C0DFF009E4B8F11C04F3C4;send;pb1pr5ekk8nndfmla093q5yrrmzhgg2zcsj4kdqhe
AA353F7110342F7841541EB221133FA9A7D5C20BBD5F86A5CAF2DAFD9CA077D5;send;pb1pr5ekk8nndfmla093q5yrrmzhgg2zcsj4kdqhe
8B2DAC9F85F277609D59310E7CBF560078487F9F500BEB23A8EC9C2A7ECC71DD;send;pb1pr5ekk8nndfmla093q5yrrmzhgg2zcsj4kdqhe
92E77ADEBAFDAD87C5BEEFB9BB053561E65E98BC09CC70C84086CE88D86752B6;send;pb1pr5ekk8nndfmla093q5yrrmzhgg2zcsj4kdqhe
6EDB2178FD5894335BB34CB45A76B8C0DF666D8BE2B7A5B3EB5AF11158847299;send;pb1pr5ekk8nndfmla093q5yrrmzhgg2zcsj4kdqhe
51AE4AD0B4D88B9FB31D9E44D65EC6075101C48E4EB0265F6E22A183C5187815;send;pb1949aeejayfs4srtl8sc672h2m03xarz46unz4q
28E8E08EC2AE37B98BE5175C1D7F18A4AB70380ADEA88C0F98C96C0AF5FC4D73;withdraw;pb1949aeejayfs4srtl8sc672h2m03xarz46unz4q
2DDBB7852B426E35E1FE0D7BA2254E98FDD98B956E8F2DA010FF16F668A79473;grant;pb1949aeejayfs4srtl8sc672h2m03xarz46unz4q
7B3EADF2D828FA42AC47A6A2D55275FC5D46B2E4BA6A9166C3E19EACEDD481CF;transfer;pb1949aeejayfs4srtl8sc672h2m03xarz46unz4q
76F49D972D6CF967A793E781E9EA880092D357F514A006293DC4A983C29E424C;withdraw;pb1949aeejayfs4srtl8sc672h2m03xarz46unz4q
2E2C5FDEE34BF7DBC0DA18A866615F67343808B385F1EF7D89B2279E78C193A4;transfer;pb1949aeejayfs4srtl8sc672h2m03xarz46unz4q
75F6D9564622179FAEFF732CA34E2D1D15CA0DC2F09E2D4CCB6E35DB25E1FAB2;grant;pb1949aeejayfs4srtl8sc672h2m03xarz46unz4q
1B5869EC489C0B6BFB310B40301C88D8B1F1A6EB8C3926A4E8785AE64276423C;transfer;pb1949aeejayfs4srtl8sc672h2m03xarz46unz4q
5D78AD96E3F18F491FF32FD5D1035897CFEF0EB276066AFFDBE9F688D22C9BBC;withdraw;pb1949aeejayfs4srtl8sc672h2m03xarz46unz4q
DCC5727E4B209B6F6D7091690D06F2A5EEEB5E6366D9259B7D6A874DB44CD3A9;grant;pb1949aeejayfs4srtl8sc672h2m03xarz46unz4q
C968D5EFEDB670ED014D2C529F3B3400005A7C103626D43FF8A855629E2C4BA8;transfer;pb1949aeejayfs4srtl8sc672h2m03xarz46unz4q
4FDEE3E079EDB248C9F82F31C5BB6713EE24E1473711F228A23D41A09293FF71;withdraw;pb1949aeejayfs4srtl8sc672h2m03xarz46unz4q
6D92D1FE6E511EC173C3BBCBB494571A570789D9539E8E842952297CD87CDAE9;grant;pb1949aeejayfs4srtl8sc672h2m03xarz46unz4q
D0B5370881D5858753E9489E422DFD8931DD3BC4ADAC084CBB292579DCAEFFAF;transfer;pb1949aeejayfs4srtl8sc672h2m03xarz46unz4q
A63FB5B42869FDFF501CFD14AC78C85E4468F41C8E0AD825AF8C0CFE4011AE62;grant;pb1949aeejayfs4srtl8sc672h2m03xarz46unz4q
D1E27BFCD3A6B9A30CBF0E6330C9E6D1634F2BCA257C813ACBAC4EAEF251F40D;transfer;pb1949aeejayfs4srtl8sc672h2m03xarz46unz4q
0780A56FABC11F5BF80C0A2513A34E3292F4C5C8B9F0694D2CDD5DC3227A37A2;grant;pb1949aeejayfs4srtl8sc672h2m03xarz46unz4q
08EE6C527CAEDD5753747F1EABCC638F898462315623DD119FDC114D954E436F;transfer;pb1949aeejayfs4srtl8sc672h2m03xarz46unz4q
595A18B9E061011FA4C604993058E385D3AA4C85259DD7584B1338DF96E2100D;grant;pb1949aeejayfs4srtl8sc672h2m03xarz46unz4q
B500B2DA63BEDEE178B17A0532DA693DCDD830C1F33B23CAE2B1BE572CE6C415;transfer;pb1949aeejayfs4srtl8sc672h2m03xarz46unz4q
D19F6745D6933C7600B1526155289632D1946F30E729F3676221586ED59A7DB9;grant;pb1949aeejayfs4srtl8sc672h2m03xarz46unz4q
7DA564219E7E45AA724D6446DEC1EB7844C06355C68FD3E52650054304D0FF10;transfer;pb1949aeejayfs4srtl8sc672h2m03xarz46unz4q
AE48226ACBA69698336279021FA3313DEE54EC1F0079276013290BA10434E361;grant;pb1949aeejayfs4srtl8sc672h2m03xarz46unz4q
E9990A4E119710F5B449348DEB5F4E2DD7977BF954E5DF1DCC3203A4ACF55791;transfer;pb1949aeejayfs4srtl8sc672h2m03xarz46unz4q
9A3FD67F6CE7D49AE44F84A8CA754A3EDDEE62E06723D35D96040A7395E1F702;transfer;pb1949aeejayfs4srtl8sc672h2m03xarz46unz4q
22FB181F9D39F6F77F7EA8EEE6EAB60BC548DEAFE283CC328133EABFB014F657;withdraw;pb1949aeejayfs4srtl8sc672h2m03xarz46unz4q
DDB3419C7404BE23A0B5251D512D8075A751ED5433A73D54848C6DCD4B9A7F7E;withdraw;pb1949aeejayfs4srtl8sc672h2m03xarz46unz4q
D7AB1A1E9AC99779EFDA16E471229762F5298D6D1594AF1186A0ACEA5A1B10B0;withdraw;pb1949aeejayfs4srtl8sc672h2m03xarz46unz4q
29D0D5071E3C4A6C2E78DF24794FA485BF2B5425AF85D8AE1F683EC6B768770B;withdraw;pb1949aeejayfs4srtl8sc672h2m03xarz46unz4q
34C8E649EE51402E8EC72C2CCA826E2BA45060D65B3C44D9142F589BBBE38DC7;withdraw;pb1949aeejayfs4srtl8sc672h2m03xarz46unz4q
84CDC74F189677B05222FFB7C4FF70B050D167EDF383B4EFA7C962B9B3E98F5F;send;pb1pr5ekk8nndfmla093q5yrrmzhgg2zcsj4kdqhe
DC0BD3BCF8B400739522C4C25A9C5922F21AE0BC55FE6D90E10A38EA8AC0EA68;send;pb1pr5ekk8nndfmla093q5yrrmzhgg2zcsj4kdqhe
4F8C2085E4B47A89A7701CD428CB2B20A5736218F5D72CFFE6678B40F0F3D247;send;pb1pr5ekk8nndfmla093q5yrrmzhgg2zcsj4kdqhe
D7F04342A5D470760C75A7FEB2DA4F68955E6DED13BFA18672F47253BD276F68;send;pb1pr5ekk8nndfmla093q5yrrmzhgg2zcsj4kdqhe
C8EDD2DBD4B79AB3016786F97DCDB6A191EF558023E0B1299E7BC5C6905FC179;write_scope;pb1xvd4k9jg5h0d4dhzr4z0txtwe9p5zxf58xcmxd
49DD5E104CD247B01EF31C68C2F58A40B417F1DB5C38640228DD73B41B1E36BB;undelegate;pb156wpef3txcs454uvs075tyhh00c30d95ff3768
4293B5E2ED34777FEA76EDB4F997AD5322E230DFC8696EC5FE7CDE8BD74284FD;send;pb13dfvqt7zyp69z3el72qsu6z3f0egh9xfng9jvt
F29AE8CEA0EC0C957BD35097ACB62DA0FEC8E6BEEEB574BC46D40BC6ABB7BB1C;send;pb1pr5ekk8nndfmla093q5yrrmzhgg2zcsj4kdqhe
84E930102F2DBD4FD898BA96B192BE244F708B9C300363838D01C464F13E17F2;update_client;pb19kzuzfmmy9wjr3cl0ss8wjzjup9g49hq0xwu8c
C9831D569ED9A2E75BB661FD99DEA87B70216C562DBF2AA4DDB18F66CFC88F1B;send;pb1cllqtg92pd2482zw9rr24uyfa4aldtl8r5v500
A35170E2F8256915F7AEAA22EBD2AB250ABE10C69DE242DEF220ACA003EB9B85;send;pb1cllqtg92pd2482zw9rr24uyfa4aldtl8r5v500
6D22E9B0E9C8E3A5ED11CABBA8A02F0536F66D87C992E4E6D1A42751C07577F4;undelegate;pb1cdj0k7dc6f85yrwpukvrkwkd42z2xcghfecej2
2F3AD2188910D8ADE67E962F1ECEF3899A6E4F3F885304AB4E2E472079F8329D;write_scope;pb1xvd4k9jg5h0d4dhzr4z0txtwe9p5zxf58xcmxd
DAF2D5C3D36343A8F2BB7E170D040371F80B8539161B1CADA9ADE28A1892E176;send;pb13dfvqt7zyp69z3el72qsu6z3f0egh9xfng9jvt
0F984A035DC1B88EA2DD636A9948EC0D2C8FF7E08B93FDB4DF3FFD4AF58E5716;send;pb1pr5ekk8nndfmla093q5yrrmzhgg2zcsj4kdqhe
09FF70D306011B50E780D7202F2742A57536438D9129BD8E8F02B37DF27905E0;send;pb1pr5ekk8nndfmla093q5yrrmzhgg2zcsj4kdqhe
60669A8CBF330FE901FF62996AAE7CBE26C4A4E47360C6DADC447CFC60C538B8;grant;pb1949aeejayfs4srtl8sc672h2m03xarz46unz4q
4835503125BAF952EBCF325DB464E70B75D19A9BC0F89376651DE14413764893;transfer;pb1949aeejayfs4srtl8sc672h2m03xarz46unz4q
F8828380F66B6984AC7687EB720A0FFEB9B8D023182C2B2763E8F5D9BBF26B39;withdraw;pb1949aeejayfs4srtl8sc672h2m03xarz46unz4q
F33E84EA405491F85C7780B192427774554B1097C76A4A399C7008F6CA184B9D;transfer;pb1949aeejayfs4srtl8sc672h2m03xarz46unz4q
967B5A4E310DC643E1A196D5F960B00A2B029914C4045198414C8AD7776DFCB7;write_session;pb1xvd4k9jg5h0d4dhzr4z0txtwe9p5zxf58xcmxd
6717ADDB25060A35B859A735144093E45414FE59F98839C190FF5DF6E6AEEC54;write_session;pb1xvd4k9jg5h0d4dhzr4z0txtwe9p5zxf58xcmxd
F087E19BF4E02B751758A55AE64C1FF22CFF633ADC00E2A2F87A90E93EE87F2E;send;pb1pr5ekk8nndfmla093q5yrrmzhgg2zcsj4kdqhe
DA0783068BD5F0CD37573035172AF1D0DB103115551322549613C3BB70111B79;vote;pb1s9f4e20xtqrk9tdfhhpavrf26cqjr4eyyxgzpj
5BC2385D26155CD7B001F6D36569EFCF3CFAECECBCBF538AA55B3CB79D17B137;undelegate;pb125r22s557apawmmzkk70vlaejcxtf6uqesp0rg
D36A9C394005D49E95524C80CA7E010643CF1293F5FBDBC770613912B86E7B24;write_session;pb1xvd4k9jg5h0d4dhzr4z0txtwe9p5zxf58xcmxd
6D2955FBDA92CF3C57A85885CC43B251230E615FCFC7AC1097DF4A9DF8E7856D;write_session;pb1xvd4k9jg5h0d4dhzr4z0txtwe9p5zxf58xcmxd
A2C3664CC456C27463BFCB3E6D09DF481C37508F18CAE686C48C448A5E62B96D;send;pb14kv02494hu98zq9grt6ahsjup045zp9a2tuak3
A91CFE8B72370BF4603C1CF4F0DCE42583A7B5D361DF2833395C3F7A3E1B9450;send;pb1pr5ekk8nndfmla093q5yrrmzhgg2zcsj4kdqhe
