053EFF66B4EA0CDC177DDFF0E41E248D9779957F11BD1FDF13FFE001198619CC;send;pb1pr5ekk8nndfmla093q5yrrmzhgg2zcsj4kdqhe
5EBC7F84C487839A859F24BD5A42614805B217F534AFD1FC3FAC670DF4181992;send;pb1pr5ekk8nndfmla093q5yrrmzhgg2zcsj4kdqhe
77B7E9C744CD27D9DC2561C002C27A0BB042DAC7E59AEA2633DCFE7DBE0EF000;mint;pb1ez7yl9ae9wkx8w40ugpr7zdzalgm88he6g26ps
1F23598784DAE9D519B4FAECCE505CC0FFB9FC74A8E826DD06C4CFF5D2D9C2FA;withdraw;pb1ez7yl9ae9wkx8w40ugpr7zdzalgm88he6g26ps
DAA2F1D7380DFB6B2E8AD123581BBE0234559D9CACA5BA61EFD1F44A37FB90A5;send;pb1pr5ekk8nndfmla093q5yrrmzhgg2zcsj4kdqhe
B09EE62483F63F1DC4E211E7A0B206AA6E4F55CD93981103ACE49F6091F261E7;send;pb1pr5ekk8nndfmla093q5yrrmzhgg2zcsj4kdqhe
83316A93E765B07A305EAE7CE915817CCA2FF642D279BFF272920F9FC507F97B;send;pb1pr5ekk8nndfmla093q5yrrmzhgg2zcsj4kdqhe
4D5DD315D5CC2C954699236B8462990DD3D76343E90C4E699FF90A63C75B7103;send;pb13dfvqt7zyp69z3el72qsu6z3f0egh9xfng9jvt
8811A16187E539B6858A9D4894CBCFB5BFF0ED799ED5401B5D469403E3CF146D;send;pb1pr5ekk8nndfmla093q5yrrmzhgg2zcsj4kdqhe
3CC66F879DB51EC87B51C4A31EBD713B09A18C9AD222ECFEDE0C32BAB5F3651B;send;pb1pr5ekk8nndfmla093q5yrrmzhgg2zcsj4kdqhe
DEF0F8E295E06C95E76EDA75B392503361D229E43F16F24FDE7E9D9C28B182F8;write_session;pb1xvd4k9jg5h0d4dhzr4z0txtwe9p5zxf58xcmxd
DF288F781DB96FB642134D611AF9B7F7E1B5F622F6AAC49D3A3ABD9BE862D0D4;write_session;pb1xvd4k9jg5h0d4dhzr4z0txtwe9p5zxf58xcmxd
30D9708C569C868904FBAB68E0287B7192C8AB48970C3E45051B9AC8C5518235;send;pb1pr5ekk8nndfmla093q5yrrmzhgg2zcsj4kdqhe
09A0CDB85F938CA238C88AC7E230B8E0C070D2AF122605319A2B10D91FAE0CE1;send;pb1pr5ekk8nndfmla093q5yrrmzhgg2zcsj4kdqhe
ED54EE183DC357539CC826C0A432FA4C5FB4EBEA413C27A47875F4C09A05B5FB;send;pb1pr5ekk8nndfmla093q5yrrmzhgg2zcsj4kdqhe
D3A758E9C7DF79820098031E3A32C00D9C40BC677AB899045CBA03DB7FA48D53;send;pb1pr5ekk8nndfmla093q5yrrmzhgg2zcsj4kdqhe
556A9C387F1754FF407936313F14E314BDBE4A6DEA7C226FD94D0A9E80DA8250;send;pb1pr5ekk8nndfmla093q5yrrmzhgg2zcsj4kdqhe
449241B91DD0CC8E5472CCDD38F37DBA8EA1EA1DCF3A50212B5B1DB74A446F41;send;pb1pr5ekk8nndfmla093q5yrrmzhgg2zcsj4kdqhe
14EF7C05072C1649CCDF6F405B809F144F1C56A9F39A915469EF956187391FD9;send;pb1pr5ekk8nndfmla093q5yrrmzhgg2zcsj4kdqhe
853169D2E70368B6C17C2EF1F3BD72D1E898C8B811471E0100562F5BAB50953A;send;pb1pr5ekk8nndfmla093q5yrrmzhgg2zcsj4kdqhe
02666EA4F48E21E7497DBBA50377F244676A51EAC24AE928D04C1252E675CB65;send;pb1pr5ekk8nndfmla093q5yrrmzhgg2zcsj4kdqhe
09C23B07C573C5EEAA6EB040C2936088D8D8DADC48CA402D56433B6E02D74BE2;write_scope;pb1xvd4k9jg5h0d4dhzr4z0txtwe9p5zxf58xcmxd
F659634C07DC24F4C0B134C6663B9980F0BD9579838632D38D1410C6248877C8;send;pb1pr5ekk8nndfmla093q5yrrmzhgg2zcsj4kdqhe
AAB4CFFC56688CC00A3887A93A630180FB1ED98BE7D0250961922DF8780DD3D2;send;pb1pr5ekk8nndfmla093q5yrrmzhgg2zcsj4kdqhe
B7453002741B7FB58F1846ADAF2FC9752CB62D5C89C366F41DF62F9FA98A0EDE;send;pb1pr5ekk8nndfmla093q5yrrmzhgg2zcsj4kdqhe
52CAEDEADCAD9AD735CFB2980BD7150FD0769A93B887214C21346D47D68B4C2A;send;pb1pr5ekk8nndfmla093q5yrrmzhgg2zcsj4kdqhe
5FD9FE3886B021038CC1D6FD93FF6BD0AF240BA1AD160A7C35194CF2A1884053;send;pb1pr5ekk8nndfmla093q5yrrmzhgg2zcsj4kdqhe
FEA75EA0EAE23227DF1B533857639D0727CE51AC67DF79D77B92E4122C761DC6;execute_contract;pb10chgupp58yjnj6wj8a9njhdzy88n9zklvz3lj0
19CE284FF00870808DAAE203B6E4AAF1CDAF18398379DE2EAB463EB19D00B365;send;pb13dfvqt7zyp69z3el72qsu6z3f0egh9xfng9jvt
50E4CE758739E901193EB2BFBC1F0B3BD87C9B391ABC8CB6A1E6B83A8E04A4E6;execute_contract;pb10chgupp58yjnj6wj8a9njhdzy88n9zklvz3lj0
AF4159286208EA53C0E22122F60BCCAE16DFF18C0D5B4C34F6F1A3F9322FCB9F;send;pb1pr5ekk8nndfmla093q5yrrmzhgg2zcsj4kdqhe
A4A3166C76E4E6DE98084567D5E3745EB9E3DF3D16937618ED1DCBD173D47E21;send;pb1pr5ekk8nndfmla093q5yrrmzhgg2zcsj4kdqhe
CFD4BA23E7D4E2E59992FE93C3B7D4893077448966EDE3763AEA62B547D2763C;send;pb1pr5ekk8nndfmla093q5yrrmzhgg2zcsj4kdqhe
F52165B04D8C054BD3818075E96E65F8C5D0E553C4991A4B74573F1E02C2CA35;send;pb1pr5ekk8nndfmla093q5yrrmzhgg2zcsj4kdqhe
02CE432979670D969AAFE84CCC08973C4BAAB1B536A844C12B9D5D5E4D31B42C;grant_allowance;pb1pr5ekk8nndfmla093q5yrrmzhgg2zcsj4kdqhe
17A874D9500189F93BCEDEBB898165ADCD474BED20C8BC9D038026B30BB174A9;write_session;pb1xvd4k9jg5h0d4dhzr4z0txtwe9p5zxf58xcmxd
CA39804A821C3A877AD9005020D16F0A893D42393140C18B9300BDE818B4036A;write_session;pb1xvd4k9jg5h0d4dhzr4z0txtwe9p5zxf58xcmxd
3B7DC94015AB6C38D56A4AD7AC763E5EC57D099DFD62F969E31CF6406A1D7D71;send;pb1pr5ekk8nndfmla093q5yrrmzhgg2zcsj4kdqhe
FBC3E7DAE1B2C645AAD5F2D609EF915869CDE98C992814084F910597ED92A831;send;pb1pr5ekk8nndfmla093q5yrrmzhgg2zcsj4kdqhe
83B855A0A84260D5F7EC4EA12D49A49038A1091C0FFEBEF6B4A499BBC854EEF3;send;pb1pr5ekk8nndfmla093q5yrrmzhgg2zcsj4kdqhe
327D7709EFC110C922587EDB2B39888028D4B92B867159CC901E0A9F5488A45A;send;pb1pr5ekk8nndfmla093q5yrrmzhgg2zcsj4kdqhe
21278B1B7F4615EC1AD0761AA5C5EC4640CF693E5B5BEE16098E9F92DA7EC570;send;pb1pr5ekk8nndfmla093q5yrrmzhgg2zcsj4kdqhe
B65D3F70FB493259E48559DBC50C827A32B51C7B20F48C835E73BE4653D3CA8D;add_attribute;pb1um2l2ldslc6r39kc5qzrddx6zydgpvny6aya7k
F4BA8542142751B2A5F2E0A9BC8B9D99C2067C8016759BA9545D66C9C3BC0F3E;add_attribute;pb1um2l2ldslc6r39kc5qzrddx6zydgpvny6aya7k
6FFCE349F3E29E7E1B0A192DAB9DC9F7E87E3DDB0903FA36796A19BD00F9DA62;send;pb1pr5ekk8nndfmla093q5yrrmzhgg2zcsj4kdqhe
B64C07BCA105B7A78910C74457E8281417AB0BCFBC13E2563645869B4392975D;send;pb1pr5ekk8nndfmla093q5yrrmzhgg2zcsj4kdqhe
D5B6F9DB2F0EEE4C8C48788103E396B3B29226CFB6AEC27ACB40E41F508D9683;send;pb1pr5ekk8nndfmla093q5yrrmzhgg2zcsj4kdqhe
B0AC66670C3E5CA6213CF17DCA03D1F709066088E96D3157F00E3907BAD29C2D;send;pb1pr5ekk8nndfmla093q5yrrmzhgg2zcsj4kdqhe
E4EEF721A9394620D0EFA947FC3B3BA0ED32A2BD6B0216F803EECFD75E84130A;grant_allowance;pb175gx39t90xyg88fx0jqwrfp5ppusaekrl0cggk
DFA27789372268315AC22427AEDCAC8F7BB187D018A76406AC7E0C21B7DAD331;execute_contract;pb175gx39t90xyg88fx0jqwrfp5ppusaekrl0cggk
769CB8E66B44BCA265A68678CAB075AF46F36A36683E114D7600DC160C957028;send;pb1pr5ekk8nndfmla093q5yrrmzhgg2zcsj4kdqhe
E88B9A47408F287F1B4E7885E1CBDBE17526C979E8DD30B21E8DF5667EF9E353;send;pb1pr5ekk8nndfmla093q5yrrmzhgg2zcsj4kdqhe
9C6F2645C56FDC13CB6031F2579953A71702E1735CBDE44ED84CB0E26F273B27;send;pb1pr5ekk8nndfmla093q5yrrmzhgg2zcsj4kdqhe
29E7B65100861940AC6CDA3D3817494BE0065F00F055C7375BAA376FA2D944E5;send;pb1pr5ekk8nndfmla093q5yrrmzhgg2zcsj4kdqhe
1C08DC43A235DF3C83906FF275670E280855B95850CEE7D4FC039729E128E110;send;pb1pr5ekk8nndfmla093q5yrrmzhgg2zcsj4kdqhe
51E8F4D5635F75E05C89B06409503D0E7A694DBBA686D21F9DAE026B67A74AA3;send;pb1pr5ekk8nndfmla093q5yrrmzhgg2zcsj4kdqhe
03B46D87EA1C26B7BD24B9C8A9A50733E82D6243243E87A15249C69A298044F2;send;pb1pr5ekk8nndfmla093q5yrrmzhgg2zcsj4kdqhe
5E0EEB5B21382854608305C8AC099129DA842F735B3003A53BC9540169EF1C15;send;pb1pr5ekk8nndfmla093q5yrrmzhgg2zcsj4kdqhe
ABDC7D5708C32165D52327A9142C65F3686924FECF3ED08E6F1BD726605A8EF8;send;pb1pr5ekk8nndfmla093q5yrrmzhgg2zcsj4kdqhe
5A1DBFCBDEBA84F9DB64894DB78D0F39A633C88FB735C90E250D1A0BC76073E8;send;pb1pr5ekk8nndfmla093q5yrrmzhgg2zcsj4kdqhe
7F6CF450CFB5498BD21085E8611165BE7D0082842E1ECDB50584D3ACA5FF7C85;send;pb1pr5ekk8nndfmla093q5yrrmzhgg2zcsj4kdqhe
FA204579158DF294352DDF58423EED57501CA51F8A207483A0B292A97AF59C9A;write_scope;pb1xvd4k9jg5h0d4dhzr4z0txtwe9p5zxf58xcmxd
31BF30198A369048764A8F0C0BA06F81EDF829795BA876BE2E54834B6425B98C;grant_allowance;pb1pr5ekk8nndfmla093q5yrrmzhgg2zcsj4kdqhe
D9F27FCDA6F5564D1FEAAAAD43B4C41013EE43E2F4A88E1E4857F271F2DE70A4;send;pb1pr5ekk8nndfmla093q5yrrmzhgg2zcsj4kdqhe
6531C632FE1827D989278A3A450E34DC30641B339585B9209DA0C743222C4B5B;send;pb1pr5ekk8nndfmla093q5yrrmzhgg2zcsj4kdqhe
6BF38FD138451F71FED90BB87A5E0D88BD9E649292C423BE2089CC7CD5548D4A;send;pb1pr5ekk8nndfmla093q5yrrmzhgg2zcsj4kdqhe
CE9C1D735EB90FABC6B2346AB02E2BACF8811585531284B4B613D8C6C77BC6D5;send;pb1pr5ekk8nndfmla093q5yrrmzhgg2zcsj4kdqhe
88576899D645E16BCCDA39903A29744D8423F2018BE4789DAC459D7110CBD4FF;send;pb1pr5ekk8nndfmla093q5yrrmzhgg2zcsj4kdqhe
5A0529B1B10E7D40372A1FB68D46B0926538B38DA29D94715E5EC6BF9554AFB7;send;pb13dfvqt7zyp69z3el72qsu6z3f0egh9xfng9jvt
DA6171BE2B9E60CBD7052992540129125CF15707C89BE26CE279C8D164C251DC;grant_allowance;pb1pr5ekk8nndfmla093q5yrrmzhgg2zcsj4kdqhe
1823F0A056E73D07124A11EAC4535815D888189C37E507ADA86BEC85775DF474;send;pb1pr5ekk8nndfmla093q5yrrmzhgg2zcsj4kdqhe
EF3A750F91BAE2C276ED3A876D7E0A07E9D68EF1926E05533451098557FC541E;send;pb1pr5ekk8nndfmla093q5yrrmzhgg2zcsj4kdqhe
FA6308AEEC2E258444A5901A3F883ADA53CD2276BB6D35CE38E0BD8A3D00D684;send;pb1pr5ekk8nndfmla093q5yrrmzhgg2zcsj4kdqhe
9B477EFC2BE81CCFDFB6646403C33DEF18EEC1FDD684327C46CCD11AB1F8E596;send;pb1pr5ekk8nndfmla093q5yrrmzhgg2zcsj4kdqhe
E045E29DDB52484F5B7B73FE6E770E338BD55BC3AD62428D35FA5E67D24FBF8F;send;pb1pr5ekk8nndfmla093q5yrrmzhgg2zcsj4kdqhe
93F36AF5692C50CB316873358DA522FC5C8A2964D45F0B84D1076A9925FA1152;send;pb1pr5ekk8nndfmla093q5yrrmzhgg2zcsj4kdqhe
35BA82B8A8F14258F7141E50C2EEF5AC6BE307B4F8A28531EC91942545A2B6B9;grant_allowance;pb1pr5ekk8nndfmla093q5yrrmzhgg2zcsj4kdqhe
92C5CE6D8BF7DA3556C324FE0938F71B840F56FFF6FE7E26154AA7B4FD86AAEC;send;pb1pr5ekk8nndfmla093q5yrrmzhgg2zcsj4kdqhe
C0A6D0767B2FF4AFCAA86FF339D0DCFA78A625AA748625DB71F7ECE8DEBE45CB;send;pb1pr5ekk8nndfmla093q5yrrmzhgg2zcsj4kdqhe
91E6488DE62E6BADC42DE309CBA2DE6F088B306518FB77F0F3F0EADDC179918D;grant_allowance;pb1pr5ekk8nndfmla093q5yrrmzhgg2zcsj4kdqhe
A3FB97CF030159472B23C6D354071F86DDC7DA9DFB4CFD84CE7F1B5C4CE20B39;send;pb1pr5ekk8nndfmla093q5yrrmzhgg2zcsj4kdqhe
86FDEF71E84EEBE0A1961761C859DD7A5D7D87FDB65E8FF6C46565D56BD74FC6;send;pb1pr5ekk8nndfmla093q5yrrmzhgg2zcsj4kdqhe
3C8B31ADFD81EC6C576A74269C43616282A38E59BADD46B2468AA7D9FC0A81B3;send;pb1pr5ekk8nndfmla093q5yrrmzhgg2zcsj4kdqhe
E58B42E5DC4EC3D27AEF1DD70D431DE7946527AB23D47E9477819DC89E40AD8B;send;pb1pr5ekk8nndfmla093q5yrrmzhgg2zcsj4kdqhe
E9891B93C43FD03E6C3B34DD86D97F3D2BA9CCF65E3A7E62DFAD72158CB6FE03;send;pb1pr5ekk8nndfmla093q5yrrmzhgg2zcsj4kdqhe
4B5DEE452C9A7962FD1CE11156B7C2F87EABF987344CA6BC7C5644E60F11536B;send;pb1pr5ekk8nndfmla093q5yrrmzhgg2zcsj4kdqhe
C23620173F275AE9757C37637FECA45951E1D9316A3FCBB09FBB47AE8AF57CC3;send;pb1pr5ekk8nndfmla093q5yrrmzhgg2zcsj4kdqhe
1268CCC574A6E11268C0303450652107B715D00AF8455B4595983B602E97D0EF;send;pb1pr5ekk8nndfmla093q5yrrmzhgg2zcsj4kdqhe
7616887EBA2451144D9880371658DF68F74D0D2683C56756313B44D7DFD76178;send;pb1pr5ekk8nndfmla093q5yrrmzhgg2zcsj4kdqhe
08024A8E8F547522BF9950D6A7D519D7D6E0017220D1F4890CEC486B191C059B;send;pb1pr5ekk8nndfmla093q5yrrmzhgg2zcsj4kdqhe
662E7DD94B7F5EEDC4938BFE37B20E5D5EDA9A61EFAD8D2EEC4A14EEC10A5318;write_scope;pb1xvd4k9jg5h0d4dhzr4z0txtwe9p5zxf58xcmxd
8AA3E45600D8D7D71E6295BFF9DF82D9585550970AC75FF88DD9A964C2F3CBC5;send;pb13dfvqt7zyp69z3el72qsu6z3f0egh9xfng9jvt
649C6C7EDCDF3E0DBD9E2B7A80A8BE2AA7F15C321B736465527102DF79DB0EB2;send;pb1pr5ekk8nndfmla093q5yrrmzhgg2zcsj4kdqhe
42FEBAD7A507ED811C14A4A70A0533295879E26DF20978CA8ECB3E0AAC95F441;send;pb1pr5ekk8nndfmla093q5yrrmzhgg2zcsj4kdqhe
6F7C6184E3F85C9770A7650202F4E5A2024CA6190BA002E3038A6A04DF070FFC;send;pb1pr5ekk8nndfmla093q5yrrmzhgg2zcsj4kdqhe
34E4A24A11A78368F6A0F22EE89C7C91BC1CE5FAD50EF435BDC227CEB821512B;send;pb1pr5ekk8nndfmla093q5yrrmzhgg2zcsj4kdqhe
E47A4C864032029576075AC7ACDC3F2568C6E572E1425BDAF47ACD41A8D4D88B;send;pb1pr5ekk8nndfmla093q5yrrmzhgg2zcsj4kdqhe
F5E3E917157359A107F951BCA9F395C479C32BD8E54B5745E69DE397B916E74D;grant_allowance;pb1pr5ekk8nndfmla093q5yrrmzhgg2zcsj4kdqhe
B98E2E22BEE46E459A64E38AD53F908366C016C5BBFF8C1A16B44B41F8334F5D;write_session;pb1xvd4k9jg5h0d4dhzr4z0txtwe9p5zxf58xcmxd
606B9CC57C6F30E35A89746E8B8C219FB647856A6660633C00051C9D909BB25C;write_session;pb1xvd4k9jg5h0d4dhzr4z0txtwe9p5zxf58xcmxd
DA5B03F884DB6B6679317A27E59FC4610BF6DCC49A913758B7104DC977BFDAE4;write_session;pb1xvd4k9jg5h0d4dhzr4z0txtwe9p5zxf58xcmxd
B493F90C357FD84C23CD4204F837E3D16504EB4712AD5ECADCEC93CA3E72243A;write_session;pb1xvd4k9jg5h0d4dhzr4z0txtwe9p5zxf58xcmxd
0A173247F62F338C9A4B07877C9F3D0F0E1CFA91DCFE2ADD7D26D97929021643;send;pb1pr5ekk8nndfmla093q5yrrmzhgg2zcsj4kdqhe
F19C81503E2BAD377CE3EFAF84C38E2EC46DBEF2B3BB73D610D35DFC88F1B3AF;send;pb1pr5ekk8nndfmla093q5yrrmzhgg2zcsj4kdqhe
9B4514F932AFA167FCF85A4F8B0754A6107FE5B2C28D858F3227E1CEA8AFCBC5;send;pb1pr5ekk8nndfmla093q5yrrmzhgg2zcsj4kdqhe
82907008BE3A9955AFB2AC1C08213FFF0D86384B4A43A6CB73C7D455497AAC7E;send;pb1pr5ekk8nndfmla093q5yrrmzhgg2zcsj4kdqhe
CB4937038184304FFC2A6230433910FAB34FF0E48B5DE075EB49CD41153293FA;add_attribute;pb13p3fe2ydk7p6q9th5gl5ha4vmnz3ztpheqmkvz
A476FD6A5767A27FE0C0EB214914977CFCFB277A2E0CB94B1E917F8B7B1ECA27;grant_allowance;pb1pr5ekk8nndfmla093q5yrrmzhgg2zcsj4kdqhe
C87AF7325D449BD7737846F7795F7CC0069C64F94A0F65805336A0A2187352EC;send;pb1pr5ekk8nndfmla093q5yrrmzhgg2zcsj4kdqhe
0BBD3EF9FD22272DFC0D59E85CE13FD092CB87BF2F763BF982CC7965CB521315;send;pb1pr5ekk8nndfmla093q5yrrmzhgg2zcsj4kdqhe
67368544D066D2CD8FA8E23471AED4362C7B1A3F80CF069EB69B5EE9D4D27F90;send;pb1pr5ekk8nndfmla093q5yrrmzhgg2zcsj4kdqhe
AB96B45022EEBE244E603A77AD81766BC78EEA2BC62BCB650A61A34D825C1A9E;send;pb1pr5ekk8nndfmla093q5yrrmzhgg2zcsj4kdqhe
3778763FAEF4B9F4A2AB33845F243A42671EEAC98517AFDC8DA9D97C7D74C038;send;pb1pr5ekk8nndfmla093q5yrrmzhgg2zcsj4kdqhe
ED72229A8EB5BEA133D7405C3126DCD1CEFF411CD378EAD6C8F470236FC53380;grant_allowance;pb1pr5ekk8nndfmla093q5yrrmzhgg2zcsj4kdqhe
19E9D756C14A2E181DFC7A4AC53543388209D6E2AA650FF7B722FCCE1892447E;send;pb1pr5ekk8nndfmla093q5yrrmzhgg2zcsj4kdqhe
6FE5D0935ACCFF3D7075D0FA7BADBFBAA53D464B0ADBB452D554285F58A4AA40;send;pb1pr5ekk8nndfmla093q5yrrmzhgg2zcsj4kdqhe
7274368E607F09503CA4EF34CEB7C5A7C9422AFACF522AAD1747E318B8A7BC03;send;pb1pr5ekk8nndfmla093q5yrrmzhgg2zcsj4kdqhe
6405F475B21DF5E83214073FD27500996F8ED274D4862318D7A02B5134D5CFDB;send;pb1pr5ekk8nndfmla093q5yrrmzhgg2zcsj4kdqhe
7AB1BE41606708F6CA16D075E6E6DCD0D1B3BAE144B3AD172EEB61E5FE1B210A;send;pb1pr5ekk8nndfmla093q5yrrmzhgg2zcsj4kdqhe
DFBEBE1A3B4163C9CEC619DDA3DFD06D645C3B61FD4FC217727B0476A67FBC79;send;pb1pr5ekk8nndfmla093q5yrrmzhgg2zcsj4kdqhe
9B845B3E61AB5D2EAD86781B0CEDC16C2612BF11E9E77E8BB61BAF7DFB8FE580;send;pb1pr5ekk8nndfmla093q5yrrmzhgg2zcsj4kdqhe
289A2E92E7E13DBF772EA9672DF831F291E9698BC45B74BC067DD2222BA74991;send;pb1pr5ekk8nndfmla093q5yrrmzhgg2zcsj4kdqhe
C15B7C1F3B27850DA710337ED7C92114F53D6D11F810D0A52E45B6A597DE4A23;write_scope;pb1xvd4k9jg5h0d4dhzr4z0txtwe9p5zxf58xcmxd
3A24E7C72C6D37EF20C5733F3C966E2E88B447FB60FC84ECA50EDCA003C1F342;send;pb13dfvqt7zyp69z3el72qsu6z3f0egh9xfng9jvt
6D91442E75B869770FB1B5F5E082D644C0E59A1F5348CBCDD2A9C9ACF311110B;send;pb1pr5ekk8nndfmla093q5yrrmzhgg2zcsj4kdqhe
6CDDB3BDE10E5F9E24C583A82EC94F3DD162DA0874B33F609A4DC7BBF1CBA0B0;send;pb1zsherr3eat6gvq9ptg3m0n3dj33xf2mwevk3ca
6FD4B4A052F2D703F9AD205AAB117BC9C5FD657C680F29F69F04FF7A44519F14;grant;pb1nn56844e6xdvlluglw35mnchuz383ulnyz8cjj
1D71EB295273522436955472D45785043BB38522EEC069CE04004D8435C8FA16;send;pb1pr5ekk8nndfmla093q5yrrmzhgg2zcsj4kdqhe
786D8C22A98725347B039110F8A47585AF529210F84F9ECD8AF51CAC54413EF5;send;pb1pr5ekk8nndfmla093q5yrrmzhgg2zcsj4kdqhe
C4DC8051829DC06A7022E02D84396F0B142B11AEEC259B601B0367DCDB13EC8B;grant_allowance;pb1pr5ekk8nndfmla093q5yrrmzhgg2zcsj4kdqhe
34360F6D14050225058286075A2B54EB923BA3C085F25833A6DAD0A0078D4182;send;pb1pr5ekk8nndfmla093q5yrrmzhgg2zcsj4kdqhe
94C058A0D01BB166DD9C3531841EF614CFDADE292AE858069FF77F7782039D02;send;pb1pr5ekk8nndfmla093q5yrrmzhgg2zcsj4kdqhe
DBAD7A2CB138168133C15FEEAC0FDB2D0251340C4C20220B546DC928B548B146;send;pb1pr5ekk8nndfmla093q5yrrmzhgg2zcsj4kdqhe
C7BCA2458AF5AF1A134C10E2F7F58297B0F7FA1947C5FA9E8DDACF1BF066D477;send;pb1pr5ekk8nndfmla093q5yrrmzhgg2zcsj4kdqhe
0EF9133E3868F3F81BA677649104905D8DD95C421D8E8264CFAEF3BECA7C4C88;send;pb1pr5ekk8nndfmla093q5yrrmzhgg2zcsj4kdqhe
EA8540EA7C6E668DFBFD4CE55727247DA19BAD15E03E316DA7FE31D8176D6CFE;send;pb1pr5ekk8nndfmla093q5yrrmzhgg2zcsj4kdqhe
6B89EAC507D6BB568741F0F203662F918B9429AE75DAAA1EE12F172B94DB2757;send;pb1pr5ekk8nndfmla093q5yrrmzhgg2zcsj4kdqhe
1B5B43E3DA21910D4C30C90FC554975B9AEF227FD129E89B8DFB49BD80681922;send;pb1pr5ekk8nndfmla093q5yrrmzhgg2zcsj4kdqhe
BB0576EEF52C083C2771E0010FA6EDE5CE1BAB07B5A1707B883CFCEEBE05F5DB;send;pb1pr5ekk8nndfmla093q5yrrmzhgg2zcsj4kdqhe
1A916FB62589F7F6812CEEEF42252A50E964AC794B5E430F11C74B5E38030545;send;pb1pr5ekk8nndfmla093q5yrrmzhgg2zcsj4kdqhe
AC8940FD70307128332BD78055ED4B304EEA16D018585EC41EE48F3EBB5ADEC8;send;pb1pr5ekk8nndfmla093q5yrrmzhgg2zcsj4kdqhe
A6F436B6EB79C66FC4D673EA0437CE860A549D5A5D1FAFC16E4023702350630D;add_attribute;pb1um2l2ldslc6r39kc5qzrddx6zydgpvny6aya7k
C77628461A87F0B22407E9371CD99481F31633F330649002D53E09B2FBF90EB2;send;pb1um2l2ldslc6r39kc5qzrddx6zydgpvny6aya7k
FA889BF7F45BEFFC4A54C2C669B7D17DBFDE803D2F1FF68699D4D92B07DCB915;delete_attribute;pb1um2l2ldslc6r39kc5qzrddx6zydgpvny6aya7k
37D2F3F47CA4D33E7D3D24B6A954943236EF99A512A927764397B710A56BD650;add_attribute;pb1um2l2ldslc6r39kc5qzrddx6zydgpvny6aya7k
3DED9205AAC2F2353B6510649B1EE135561A2322B63723C88D436E10D74190E6;delete_attribute;pb1um2l2ldslc6r39kc5qzrddx6zydgpvny6aya7k
A9308115A2A6B63FF7046961A459613B22CB2AE4519A0625569CC3E368968C7C;add_attribute;pb1um2l2ldslc6r39kc5qzrddx6zydgpvny6aya7k
CB90D9763BAE2554BFE009353B4AD4C13E04836AB5FAA777B17B7EA27961B5DE;delete_attribute;pb1um2l2ldslc6r39kc5qzrddx6zydgpvny6aya7k
E315972DF91E3E91D159CFD5326030ECFDDAA58627D06E77ED33700F0A327D6F;add_attribute;pb1um2l2ldslc6r39kc5qzrddx6zydgpvny6aya7k
CEC0D55B97346AA816591974FF51CA78ADE2F83202D7C5708D93697D49B3AA9E;delete_attribute;pb1um2l2ldslc6r39kc5qzrddx6zydgpvny6aya7k
2BCC122D43FD16D4B79E4903AE77DA0997FEA6F1EE4BD04CF65E925365F69A68;mint;pb1g2m2vp59amxd0hp5502e22hp0yprujd23z4qah
A23C0F167B84BDE4B3BDC7D89F242C9F2081432FB23FFDD2EFDB74E2B6CED803;mint;pb1g2m2vp59amxd0hp5502e22hp0yprujd23z4qah
51240363BA409E325ACC2CC2F67D7BD2C7EBF5AC59F97987AD44070E0609967A;add_attribute;pb1um2l2ldslc6r39kc5qzrddx6zydgpvny6aya7k
1ED62B4DDDE697B5E416ADDE27808F2626744228355DCFADAC3D570DEDF82D53;write_scope;pb1xvd4k9jg5h0d4dhzr4z0txtwe9p5zxf58xcmxd
B36CDEB4A2E640F29D6F2C939E0CD03D53523E8A1288821B177785E06C746EBF;withdraw;pb1g2m2vp59amxd0hp5502e22hp0yprujd23z4qah
03E9D607496E04AA8A14D60BAEDCB66F493EE707DBF96F18F973F6F38A7E2B06;send;pb1pr5ekk8nndfmla093q5yrrmzhgg2zcsj4kdqhe
F1C3C72C3667DE232242369A25429FECAF073BF1D76F0183A90DA92E92EDC1F7;withdraw;pb1g2m2vp59amxd0hp5502e22hp0yprujd23z4qah
6935D7EA49A0109F6193B97EBA5148666D4FF899F7FAE9E884DFC0729CD799DC;mint;pb1g2m2vp59amxd0hp5502e22hp0yprujd23z4qah
735EEE7030DCC950FD009C75FA27FC041D7EAC5F092C1DC88AEFC1C19424D14E;withdraw;pb1g2m2vp59amxd0hp5502e22hp0yprujd23z4qah
F565ACA3B2A7A8EEA08628E56EF217F4C95C34619FBF66AFD0A147AAD69C90F0;send;pb13dfvqt7zyp69z3el72qsu6z3f0egh9xfng9jvt
4695D695676F665D241450462D8F3D39B3B6B837755F189C9C3E679337027A2E;add_marker;pb1zsherr3eat6gvq9ptg3m0n3dj33xf2mwevk3ca
218E22A93517DC3EB5641C4DEB6957DB5C2D1FA4BACBDA2AE2DF231D3F0388BC;withdraw;pb1zsherr3eat6gvq9ptg3m0n3dj33xf2mwevk3ca
FC5FED224ED04676F5F6263DDA3ECDBB111C5DB298FB994E63AEF0D98757498E;grant_allowance;pb1pr5ekk8nndfmla093q5yrrmzhgg2zcsj4kdqhe
0A1E68F5AD6AAE074D49105934F64BF5F73B8449DF8854D15127DC04837DDA6B;send;pb1zsherr3eat6gvq9ptg3m0n3dj33xf2mwevk3ca
EAAF9319494593BB1B10EAAFA1A82D2E92700AF376555E98F9CE96C90EBC0D00;grant;pb1tetfkkuz995rvlm347xf9n5ls7t6mufcelzhkw
3882E21547F1658740A05122EE4601D715558A46701123736E0E71929FF2D59F;send;pb1pr5ekk8nndfmla093q5yrrmzhgg2zcsj4kdqhe
9A88AE1654617E79921DB7F12D6E8EBB84FFC5FCF1F800EB1861D97ED91B967D;send;pb1pr5ekk8nndfmla093q5yrrmzhgg2zcsj4kdqhe
3390FE459CA0A786C4DD1C8A933953442A7C070AF07B54F66C9AD41A61C0AA42;send;pb1pr5ekk8nndfmla093q5yrrmzhgg2zcsj4kdqhe
BD56598DE18672068E779ED42FFA991A2568D4AF2F17EB7AA3DE0E02EE8F1405;write_session;pb1xvd4k9jg5h0d4dhzr4z0txtwe9p5zxf58xcmxd
74F001AB3602ACD1E812E1ED3D2B5DE1F7A9086AEE3B05254BA6BB98C52E78A2;write_session;pb1xvd4k9jg5h0d4dhzr4z0txtwe9p5zxf58xcmxd
1BDCF22913524AFA752CF79B310F5EF2320883A4114E3259344D66306C7F818D;send;pb1pr5ekk8nndfmla093q5yrrmzhgg2zcsj4kdqhe
7DE4F4B097B6881FA6B06934AE008283035E043C4B125687D1846A2E8AE34A38;write_session;pb1xvd4k9jg5h0d4dhzr4z0txtwe9p5zxf58xcmxd
BED7EDA82B427E8FE1A45940274E373C3F2A7E4B433352B9D48081B34E9CF238;write_session;pb1xvd4k9jg5h0d4dhzr4z0txtwe9p5zxf58xcmxd
205C079C2567829F63460757DB7622E8D5CA15DFF6187D03FE89766C347C2A85;write_session;pb1xvd4k9jg5h0d4dhzr4z0txtwe9p5zxf58xcmxd
8036B03FE302CCA613EA9D3F630F6D24C0F5EFF368E3F48E0B495C9BFA2FF8A3;write_session;pb1xvd4k9jg5h0d4dhzr4z0txtwe9p5zxf58xcmxd
A6E1114FF1EF7A99EBB342C30538B75E53505A142BAE0C41DF6D2B062A96414C;send;pb17rpvllztttgzg99txscu6gwnya5nhhlncyjcyq
406DD7DAD7AB630F9BDCE9C026C99582C7265852CF92B9BBF6F7824E2D0C59CE;send;pb1pr5ekk8nndfmla093q5yrrmzhgg2zcsj4kdqhe
BDD16C1E96195B74C5513ECCFDCB1A59FE66E3CF0AD2EE6E7324492B9DACF905;send;pb1pr5ekk8nndfmla093q5yrrmzhgg2zcsj4kdqhe
4AD105F2C31BBD415C3E9D687B96B7C2E282E350757D7797F56C2B4EFD2E05F2;send;pb1pr5ekk8nndfmla093q5yrrmzhgg2zcsj4kdqhe
DAEF26BE62E248922FF965DCE1213AB335177A53FA3C37A983074BB375404563;send;pb1pr5ekk8nndfmla093q5yrrmzhgg2zcsj4kdqhe
7373A82DAC5B8D0A28A5B944D533112592E43886F93EFA275A3DF1FFAD3B0437;send;pb1pr5ekk8nndfmla093q5yrrmzhgg2zcsj4kdqhe
3F3278A8301BFB1728ABC0F897CBC3200E007604E5894086852943748C8A742A;send;pb1pr5ekk8nndfmla093q5yrrmzhgg2zcsj4kdqhe
4257AF7B355DC313FB667964832E1F52BBAB91686EFB862583378881811EC997;send;pb1pr5ekk8nndfmla093q5yrrmzhgg2zcsj4kdqhe
0C7CE97C20F6D1D66E12603B4E1C43CE0BBCFFD922D0E66C64F74A3FACDC1D7C;send;pb1pr5ekk8nndfmla093q5yrrmzhgg2zcsj4kdqhe
27335DCDA383CA9F794F599576703FECC3230084329C58FAB12AA4C59358F927;send;pb1pr5ekk8nndfmla093q5yrrmzhgg2zcsj4kdqhe
694CB05429EABB85EB36F3196E4A5367AB957C7A7191047B982ADD33343DAAA6;send;pb1pr5ekk8nndfmla093q5yrrmzhgg2zcsj4kdqhe
E1421687C46363AD26753129607FA8C484A72962CA8B986C1E5A2AB65188AE8F;write_scope;pb1xvd4k9jg5h0d4dhzr4z0txtwe9p5zxf58xcmxd
DE62FDBC970F94853D561295D2FBF73D1ACE4D545E0AB8DC93C5F5E6BF3D6D50;send;pb1pr5ekk8nndfmla093q5yrrmzhgg2zcsj4kdqhe
F4E8B33E58FA3D150671E8CC8E52817CEA4A482646781536ADA32A76F8F12305;send;pb1pr5ekk8nndfmla093q5yrrmzhgg2zcsj4kdqhe
B137AE8534A0E0E62B25FB4F821810B6C79DFD3872DF4E391798B038324CE4ED;mint;pb1vm73d2qtvs86e2dguxt40tjzhv37r36h40wtqg
F6FBBE0AFFE8851CB089F532C472D91DB6FCED4B539F7331CAC127252458D19C;send;pb13dfvqt7zyp69z3el72qsu6z3f0egh9xfng9jvt
24C51027A51CD2CB0CDCBB052C545447654A92B47BB021E4A6B6C8DA44739073;withdraw;pb1vm73d2qtvs86e2dguxt40tjzhv37r36h40wtqg
9D4E9FF57FB52A2FA7FD830F5F194F3B259F0EE234D57D5A20040538172F681F;send;pb1pr5ekk8nndfmla093q5yrrmzhgg2zcsj4kdqhe
5334803F6D02BD74940DDAC773AF8632E081976918AD07098712FBBC75756298;send;pb1pr5ekk8nndfmla093q5yrrmzhgg2zcsj4kdqhe
91D3DBFC8AE631959866A7DBE07691D4E2370EF9587CCEC35862E5BEA1E148C0;send;pb1pr5ekk8nndfmla093q5yrrmzhgg2zcsj4kdqhe
3784BDF659F9E5DD413A69C1FC92CC378089C75AC5A9DF4962EAC88E56762937;send;pb1pr5ekk8nndfmla093q5yrrmzhgg2zcsj4kdqhe
152B921B00C985156F86DE772FFF9C5CAB37C3A174BF4BD07CABEE065E1191DD;send;pb1pr5ekk8nndfmla093q5yrrmzhgg2zcsj4kdqhe
5AA240DC144BFC3A2AE297F0F0D9BE1BC6C20A754A11B282F3A5AD97EBFC4EB7;send;pb1pr5ekk8nndfmla093q5yrrmzhgg2zcsj4kdqhe
58711A4BB06E6B75EABE45E25A434CE69C78C6C3FA8996C0DA5F8223C4BBF346;send;pb1pr5ekk8nndfmla093q5yrrmzhgg2zcsj4kdqhe
6D75788C7A683DA9CB655943FF2BE8BB0EA553E09663BBFE5E30B1629ABE8B35;send;pb1pr5ekk8nndfmla093q5yrrmzhgg2zcsj4kdqhe
D48460EFDF60B4057F4D31733ECE12AED90F111CAF8691CF9EABCBA03E5433E2;vote;pb1ljn3jhmndncpy6s3mxawl9mj64srfgjymt5dyx
7F303C1D7752298856A8F7C6638D46A518D9F55AC95CA9156C476FCCE06593C6;send;pb1pr5ekk8nndfmla093q5yrrmzhgg2zcsj4kdqhe
D772B3BB98EE728C58E8D3126F8F002002B6732C1BAD8856DD64DBADBE4B6CC0;send;pb1pr5ekk8nndfmla093q5yrrmzhgg2zcsj4kdqhe
70997B82DA16CA77F630DA6E4E678EC041FC0F923FAFB3B14BED1079FC2693D1;send;pb1pr5ekk8nndfmla093q5yrrmzhgg2zcsj4kdqhe
D8B2BCC41762BD98343232382D3034BBB56E946093FBB75CEED0AEC472E69F2A;send;pb1pr5ekk8nndfmla093q5yrrmzhgg2zcsj4kdqhe
AFC922F5BAF651F97EF43E915E8DFC9F5236C0ADE1B21B41BA2BD5C083F4799B;send;pb1pr5ekk8nndfmla093q5yrrmzhgg2zcsj4kdqhe
AC3B43A4A325EF70E25D4CFECA16B16F934D18C04D5D729715640C14B9A1371F;send;pb1vhfuarvzulwd0jzv6uk529928vcwjekqvu2dnt
2DB87BFFAAAB4F0525BFF2C998FA1C14D9853DD4A36FA64CE37A97C2F1546DBE;send;pb1pr5ekk8nndfmla093q5yrrmzhgg2zcsj4kdqhe
4272D3A7D49FBB01D99F73285DF11CBF13E34A1AB0A13320389BC269E8D66C97;send;pb1pr5ekk8nndfmla093q5yrrmzhgg2zcsj4kdqhe
14E93EF268594E9466F57A632CEDF7D6534E7BEA4B184DD6DBB8C1190CC6F01A;send;pb1pr5ekk8nndfmla093q5yrrmzhgg2zcsj4kdqhe
FC457D284BE6D2040292079DB97B914EC9426F014D3D5773ECAECB0690BA49AD;send;pb1pr5ekk8nndfmla093q5yrrmzhgg2zcsj4kdqhe
A43BF3B73E371B721190FE81FA49B50A0B5553F9CDF48C5E72791BB9531CD4E9;send;pb1pr5ekk8nndfmla093q5yrrmzhgg2zcsj4kdqhe
42528BF1BB12D0A1F808F496395B9A3863E3C06B205419963F1E28DE932B197D;write_scope;pb1xvd4k9jg5h0d4dhzr4z0txtwe9p5zxf58xcmxd
8797042C74B2231DF52B9D4E9A5B77072D5392751DFC911E4115360300B75FBC;send;pb13dfvqt7zyp69z3el72qsu6z3f0egh9xfng9jvt
E94738020BEE6786AFC247AEC0275ABC101CDEF280F7564BCB58B98FBB6C23AD;send;pb1pr5ekk8nndfmla093q5yrrmzhgg2zcsj4kdqhe
F9FFEAD13E26030661BA84B633CFD629C840DFA10046A6AD6270DA7CD27FD03E;send;pb1pr5ekk8nndfmla093q5yrrmzhgg2zcsj4kdqhe
D44BD4BF75C5FB468892B7BFBDF06043CEF38BB3866545A326A888083ED05117;send;pb1pr5ekk8nndfmla093q5yrrmzhgg2zcsj4kdqhe
A729CF33E5D1019423770D85FA3E521F7910CEB21CAEB6F45273D652B1D4821B;send;pb1pr5ekk8nndfmla093q5yrrmzhgg2zcsj4kdqhe
31D31E05CAC72BCE9092E66FDB65278D8D812026C6D000E8CE7FBBFAC217A828;send;pb1pr5ekk8nndfmla093q5yrrmzhgg2zcsj4kdqhe
4F610D623BE7D64FD184149EF4F3C6EDEFBBE586696263C9B8708A78F28E6254;send;pb1pr5ekk8nndfmla093q5yrrmzhgg2zcsj4kdqhe
7B640503A517B48D7E25CF5E20DBB6511E5CF4F1B2FB517D29A4EC3CFDB6FF3E;send;pb1pr5ekk8nndfmla093q5yrrmzhgg2zcsj4kdqhe
3E67747557CB74C0A3849D978153E4DD67897BCFA7F09506573AF26C267A8FEA;send;pb1pr5ekk8nndfmla093q5yrrmzhgg2zcsj4kdqhe
25C68E8BB66733D60675C9530225F52E0FDC2EB887F5872E7AFDC83BC2909F13;send;pb1pr5ekk8nndfmla093q5yrrmzhgg2zcsj4kdqhe
E3BC8CC1262EBC94C3E0D6C2ED2972A7C343F40FD0784981CFE192C7780A8DA9;send;pb1pr5ekk8nndfmla093q5yrrmzhgg2zcsj4kdqhe
27EDD7CC7304C51392EA4F5EE9D95A56F59635288374C95D69BEC6AE99C29EE9;undelegate;pb1gupk0pg69996p3ss4zqr7dyrd2vzp3076qy4e7
E3259780BB009CD1877DAF658637112F5E8AEA5016D5C00AE7B9C2FBD4375A28;send;pb1pr5ekk8nndfmla093q5yrrmzhgg2zcsj4kdqhe
536B6F841D76898678310FC46F7E582DD03CCB962B05676CB9DECE56703AFFA6;grant_allowance;pb1pr5ekk8nndfmla093q5yrrmzhgg2zcsj4kdqhe
62ECFBF717797F1C81512D4AE6C8827C5B01F028135F69029F3FCB1B3C4A7BE7;send;pb1pr5ekk8nndfmla093q5yrrmzhgg2zcsj4kdqhe
33C92D4EDCC8356D928B5959CD8CFACF43796B3BC824F783E0ADB5AF3E359D49;send;pb1pr5ekk8nndfmla093q5yrrmzhgg2zcsj4kdqhe
76092CAEA4B76BDA40230DD8237D0F5CAE4143DE556AF4F044B12C6E9778C67B;undelegate;pb1t7z4zjle6hfju8tcqf2mc543vgumuk22htqyrl
E530539A6921300D91559D85AFF6591A4E8A5CD4BBBBE6175F16BFCBB8B23127;send;pb1pr5ekk8nndfmla093q5yrrmzhgg2zcsj4kdqhe
CEBC1E40396B09BB1611551BB66C126D9647283C85B09F2B0F58C3D2B74BADB0;send;pb1pr5ekk8nndfmla093q5yrrmzhgg2zcsj4kdqhe
FE9A937472E51C16F6234D6DDD507A0CDE7F943DCEC6BCD24540AB4D8032517D;send;pb1pr5ekk8nndfmla093q5yrrmzhgg2zcsj4kdqhe
94ED883061948637BD5D4DCC9DA6595CB3ECB4444B491219C54B83FAC4B03835;write_session;pb1xvd4k9jg5h0d4dhzr4z0txtwe9p5zxf58xcmxd
99118BD16194C6A13E4A90B6BF4BC8227BAD12CB6A09414BE28CEA02B1972CDC;write_session;pb1xvd4k9jg5h0d4dhzr4z0txtwe9p5zxf58xcmxd
3A1E6A771A33A73CE517535BBD9BF7A747050A252CCD5A8353CEF38F724F932F;write_session;pb1xvd4k9jg5h0d4dhzr4z0txtwe9p5zxf58xcmxd
92A8C53B8C6F0A7CFC5558742E862EA8B83CF3CC84E0A35A01BCD87458AE5C1D;write_session;pb1xvd4k9jg5h0d4dhzr4z0txtwe9p5zxf58xcmxd
2E599856B573F21524F2E536C3E2F5E2D1EA816A3FDFFAEC232777E385AC57C0;write_session;pb1xvd4k9jg5h0d4dhzr4z0txtwe9p5zxf58xcmxd
A40FB64531093565FE075E38B592A12DC6F7B2387F8C1ACE7C7A6E83F1944A24;send;pb1pr5ekk8nndfmla093q5yrrmzhgg2zcsj4kdqhe
6A45DA908A6FE6F84B06791D387B8B201814E0FC4E45C6F92A6258901BD367B7;write_session;pb1xvd4k9jg5h0d4dhzr4z0txtwe9p5zxf58xcmxd
93A4CEEF9FA6CE938565D842E5B60055EE6F487300119808DDF3B2092BE109E1;send;pb1pr5ekk8nndfmla093q5yrrmzhgg2zcsj4kdqhe
7704CD258D4EEB4AE3F1A47FED0FCE3A38ED028AEF85456C5785E099D8A71A43;add_scope_data_access;pb1xvd4k9jg5h0d4dhzr4z0txtwe9p5zxf58xcmxd
80C3EA94A5959F82A282E165BBA2C20AA00EBE130F1652CBAC99222A42073902;send;pb1pr5ekk8nndfmla093q5yrrmzhgg2zcsj4kdqhe
7A86A517239CD6CCCF5B48FA192251666C6272CEB9D11405E499EE4FA57CD98E;write_session;pb1xvd4k9jg5h0d4dhzr4z0txtwe9p5zxf58xcmxd
51E1C99182650D448143FA8548342207292C6B8DEDAFD92579D1FF3029A26FAB;send;pb1pr5ekk8nndfmla093q5yrrmzhgg2zcsj4kdqhe
351DDD29617C7F8D3ADF45C782B6DD26B70A6F3F9A31389C07FF48E1FC562C7D;send;pb1pr5ekk8nndfmla093q5yrrmzhgg2zcsj4kdqhe
30520DFAA6F9F501A0E705DD257CA9DEFFE34CB98DDD4415353606421E2A2888;send;pb1pr5ekk8nndfmla093q5yrrmzhgg2zcsj4kdqhe
05EE601C7D3DC90BC7D39331D5BF2872B319CF5B279202B1016B3A7DC298B7E9;send;pb1pr5ekk8nndfmla093q5yrrmzhgg2zcsj4kdqhe
3CE541AD6C376A803AEF3A49A368FD711CCD1809BED9D2F18B60C893DE21BC4D;send;pb1pr5ekk8nndfmla093q5yrrmzhgg2zcsj4kdqhe
CB6F5603FE4B74F864C4BE45A0D319B5F97F83969D6048FD30CD8D28B2EB4C9A;send;pb1pr5ekk8nndfmla093q5yrrmzhgg2zcsj4kdqhe
1956B29DFD176C1246B6890FF332401E386D25559F7E99759AF9E067B1D6D107;send;pb1pr5ekk8nndfmla093q5yrrmzhgg2zcsj4kdqhe
F709558F70C7DA75293E2A1C45F7C411975DA2CA64CF79B8660E4A4A9F5FFFCE;grant_allowance;pb1pr5ekk8nndfmla093q5yrrmzhgg2zcsj4kdqhe
5ECB0F427D8713C00DE1C0E9353A272EA7404C3459C3881608F4A63A0F2944FB;write_scope;pb1xvd4k9jg5h0d4dhzr4z0txtwe9p5zxf58xcmxd
7809D17A63038C7D54D2178A9880D6B2CD68E46DE0C21DB2266B70D469F643FA;send;pb1pr5ekk8nndfmla093q5yrrmzhgg2zcsj4kdqhe
855E4CB4938CDF817DC94AB2448149EC35E4F06BDBC94EFF87C37FFFCB92E819;send;pb1pr5ekk8nndfmla093q5yrrmzhgg2zcsj4kdqhe
47FAC3BEA4E73C40B27753F6ACDAE3E5327C95523FB34072D28B8A6A3ADCCAC4;send;pb13dfvqt7zyp69z3el72qsu6z3f0egh9xfng9jvt
AA9472300B1198829BD02817A982D561C1727DDD62524BB4ADD6E6FF21EA07C2;send;pb1pr5ekk8nndfmla093q5yrrmzhgg2zcsj4kdqhe
419CC4CEFBC5A58EE176E00D2FE85C265BD949128A3B59AA3AFA47934B59DA04;delete_attribute;pb1um2l2ldslc6r39kc5qzrddx6zydgpvny6aya7k
5A8A5B16E7F7DB4966A76B49AA5F3DD8D2BA794472517C6C04044E93FB26D898;delete_attribute;pb1um2l2ldslc6r39kc5qzrddx6zydgpvny6aya7k
F15F2D39444AEBF8843901C7DFEE9C88AF4DAFDBBCB1B031E444C1ED1AEEC68A;delete_attribute;pb1um2l2ldslc6r39kc5qzrddx6zydgpvny6aya7k
E3BC2730F9A1B1449FD7C7F3A4AF9EC7B3AC6F5D0666BB9AF9600FDEEB4477EB;delete_attribute;pb1um2l2ldslc6r39kc5qzrddx6zydgpvny6aya7k
A07D2D05B5ACD730453BE99A0EBEFE373260ADD7C83717648C6C1C4116781B65;delete_attribute;pb1um2l2ldslc6r39kc5qzrddx6zydgpvny6aya7k
33D94227340858E5ED6088F314934717DB9DFED186F295D08A0D806402232C1D;delete_attribute;pb1um2l2ldslc6r39kc5qzrddx6zydgpvny6aya7k
BEDD21E5DF8771F440F387B21CD51DEA811F28D970A52B328AA0575F2339794A;write_scope;pb1xzl9wgh0ry2dma43f58vmuteqd3996j6mhqhgz
5D566960184E7119CDCCF6B7F9A5C6565D6561E6B6D1AEAF3B73461EC4E99A46;send;pb1ue8c6wvts6dmshrqf0f7jlrzss90fswf6rrsek
DC9D99872409F4C49597F4CBEDF016A9C4A8392564C58FAEF35D279FF5551CD1;send;pb1pr5ekk8nndfmla093q5yrrmzhgg2zcsj4kdqhe
38F158CE74E7DA8583776536CCECEF72CAA97C1AC593D41728D41DFB0A53E7E0;send;pb1pr5ekk8nndfmla093q5yrrmzhgg2zcsj4kdqhe
97A8459741175E606F85B830429090F037BE526A2D8B40D18DFBBDBFFCF28E9D;send;pb1pr5ekk8nndfmla093q5yrrmzhgg2zcsj4kdqhe
C64CCB78173A1598FB048BBF0445C6706ACB9DA50341C59ADE5906DF4373C0E7;undelegate;pb1s5q77grpf5mmfuxm3gl7heqsfxug2dpu3kq8uc
8BFFC5F3E9BA7042E54DB167C2F0827C0DC5D03FF47CC0E892CDF420ACD29882;undelegate;pb1s5q77grpf5mmfuxm3gl7heqsfxug2dpu3kq8uc
9F67BDD093C0916DD124AA449B9350EB604426D9E670B77B0EB424D6EA725370;send;pb1pr5ekk8nndfmla093q5yrrmzhgg2zcsj4kdqhe
19409AF338D3DB66549800EA02ACA52C0266012792BEDF55A7FE6023AE39E762;send;pb1pr5ekk8nndfmla093q5yrrmzhgg2zcsj4kdqhe
BB46C8C647F3627E76995C7595F522759278C18DE26E1095FF1D0FD3A7BCBFEC;send;pb1pr5ekk8nndfmla093q5yrrmzhgg2zcsj4kdqhe
9C5886E381FA8ED413038EC6C7DEB7E444E1CFD51708366E03E1436C2DD91CD2;send;pb1pr5ekk8nndfmla093q5yrrmzhgg2zcsj4kdqhe
F0F90FC53CD8CC8DFEF9340931DC3FAAF116E8EB699C083E2A384605032F8F21;send;pb1pr5ekk8nndfmla093q5yrrmzhgg2zcsj4kdqhe
1B62E8FFA01692092CE0A05167F20FF7A8E4313ABAB6EB4B15F1229EA94328DD;send;pb1pr5ekk8nndfmla093q5yrrmzhgg2zcsj4kdqhe
59CC30A20F9D51A9DFF285E1AE02D845C21BBFF35AC8408C07D85C7D1DDF62E7;send;pb1pr5ekk8nndfmla093q5yrrmzhgg2zcsj4kdqhe
955B2DC90DB9BA3C769A7DD9E2AA0A18323F15A5DDFA00D7E65082A2D37A0307;send;pb1pr5ekk8nndfmla093q5yrrmzhgg2zcsj4kdqhe
7CDEA1D376A1A61FA47195017EFF8ABA949FDD830DACCB2BB53292203F0E1F86;send;pb1pr5ekk8nndfmla093q5yrrmzhgg2zcsj4kdqhe
87B6BC15EB3EC471581AE1B8706D7C0CA390C2EF5AE1C9E41811D817E84ED600;grant_allowance;pb1pr5ekk8nndfmla093q5yrrmzhgg2zcsj4kdqhe
4093A603A164390C0995A6BC63A8A561A0636ECA53CBE4C7A42ED7272E0C9AA1;send;pb1pr5ekk8nndfmla093q5yrrmzhgg2zcsj4kdqhe
C100E8593259B42925921F0B56F6851F55ECFE6FA677E4AD223B50BCB7A920C7;send;pb1pr5ekk8nndfmla093q5yrrmzhgg2zcsj4kdqhe
AB6FA081752FF807AA181C20BB268A1797E9B91BF5A62A3B93C7E22A98402E1D;send;pb1pr5ekk8nndfmla093q5yrrmzhgg2zcsj4kdqhe
C24F786F2F38095D933F7E8EBEF6C74C995BB987BDA7911A268ADBB0B5B31EAC;send;pb1pr5ekk8nndfmla093q5yrrmzhgg2zcsj4kdqhe
C09429713A91D78F305783BEC6B92DF685F361F1CC219FF89D04AE365B4BF5C0;send;pb1pr5ekk8nndfmla093q5yrrmzhgg2zcsj4kdqhe
4F32621E7DBB1FE55F57F6158E345521CBF6B6A4F1E4922DAF18DE91BB74138A;send;pb1pr5ekk8nndfmla093q5yrrmzhgg2zcsj4kdqhe
EA0DADE4FC3778AD4FAB5D5075396319080C31C7E67B3AEA11C9591628ABEE45;send;pb1pr5ekk8nndfmla093q5yrrmzhgg2zcsj4kdqhe
439D5713F7D496135D10B90522DB5FE29E8797B2A196FA25643DEC641290F14E;send;pb1pr5ekk8nndfmla093q5yrrmzhgg2zcsj4kdqhe
84FDB72FDF0AF07B0BE11BDDB85E97530EB1E640D0C3EA1BC285D5ED23266908;send;pb1pr5ekk8nndfmla093q5yrrmzhgg2zcsj4kdqhe
F668C870E46612DD8223D77A11A162337637B64A28A34B78944B89538E9D0D0E;send;pb1pr5ekk8nndfmla093q5yrrmzhgg2zcsj4kdqhe
FBFD85BB3E8AFBCC15FF40C84910B2D839D62BB5DB34EF5A2952ECA83D54B1C4;grant_allowance;pb1pr5ekk8nndfmla093q5yrrmzhgg2zcsj4kdqhe
D220AC60666230E361A5E9DE7A32F785699CC49EA431CFE5683E35733539CE91;send;pb1pr5ekk8nndfmla093q5yrrmzhgg2zcsj4kdqhe
319C278BDCCB56F7CE37B1EDFDCE824D7E09BC90BA73EC1CAEF29092276DFE01;send;pb1pr5ekk8nndfmla093q5yrrmzhgg2zcsj4kdqhe
3DD01061BCFB6065E8578BE76A91AADB99A38878C3D24488F68C8E684BDCA195;grant_allowance;pb1pr5ekk8nndfmla093q5yrrmzhgg2zcsj4kdqhe
E8E54CE9ACDF61841D83A6BDC24D09FB3C7299FEE14528F056505934A5D9096D;send;pb1pr5ekk8nndfmla093q5yrrmzhgg2zcsj4kdqhe
51D54979B476A936B0019EE4BC0F870DAD9A135D064912215DD9CA9CC3FCF7E7;send;pb1pr5ekk8nndfmla093q5yrrmzhgg2zcsj4kdqhe
F503D13B39FEF83CB32D0903B430663726BADC8D22A3627C9E205D65AF6A940A;send;pb1pr5ekk8nndfmla093q5yrrmzhgg2zcsj4kdqhe
0F30DDB086F6EDFD9BA47479307BDEA215404E3AD18BFE02C15F447A38DAAF4E;undelegate;pb1yunwljy0j4k5ec2cypwx2d4nlz93u73ctqs644
ABB773E38D0A87373D3BFC9295BD3DC7F946DACA06709FD822C55E207562EF2B;send;pb1pr5ekk8nndfmla093q5yrrmzhgg2zcsj4kdqhe
12949FBA0AF1487BB047001EAEEE94DBDC24DB9A4AEBD91E2DC3C4A482FAE726;send;pb1pr5ekk8nndfmla093q5yrrmzhgg2zcsj4kdqhe
89A9D81B5AFE8876B6F7929A1073A8C79230C61D42006ED73133BA7D607C8C29;send;pb1pr5ekk8nndfmla093q5yrrmzhgg2zcsj4kdqhe
97C5C2929A4FCAD19D4D9D8EA216EBC5DDADDE9221F19320BB37DDC5C965F47C;write_session;pb1xvd4k9jg5h0d4dhzr4z0txtwe9p5zxf58xcmxd
F20E2F30009DEC466CECBBC4892A695ACC2EBB73D4D2DE9C424555C6E2B18FDB;write_session;pb1xvd4k9jg5h0d4dhzr4z0txtwe9p5zxf58xcmxd
14CFB65130475ADA949855530BFF3B62AECB0B21460D9F27D07906D6D5769B69;send;pb1pr5ekk8nndfmla093q5yrrmzhgg2zcsj4kdqhe
ED24AC4C4411C65229459CD78CF0AD5C731B0712E8BE0373DB19EA4C4EADB914;send;pb1pr5ekk8nndfmla093q5yrrmzhgg2zcsj4kdqhe
66A03C6EA48FDB111C7D73EB669D99746CA0F8B77E363EA8AAB173048F9B61FE;send;pb1pr5ekk8nndfmla093q5yrrmzhgg2zcsj4kdqhe
36460ECE77AF6FACBC30CA8574B2CAB9DECB121CC837807124E3322B41662D2D;send;pb1pr5ekk8nndfmla093q5yrrmzhgg2zcsj4kdqhe
4FFFD8F07CA3AE997EBB65600A48F88CBCA7981B8844CE65C7AEEE95DD8BE3C8;grant_allowance;pb1pr5ekk8nndfmla093q5yrrmzhgg2zcsj4kdqhe
EB6498229EEF4346B780381A5426C0DF6CA4BF985B1E7710920853662E84C0E3;send;pb1pr5ekk8nndfmla093q5yrrmzhgg2zcsj4kdqhe
702331A73EE92649171586ED9D32AD59DC0C57CAD70E58C0EB0644233251FDF4;send;pb1pr5ekk8nndfmla093q5yrrmzhgg2zcsj4kdqhe
0FE576604D0AC2BE07C2112EA19DFA4E585506C2AC26F752B9A1DD212AF2B0B8;grant_allowance;pb1pr5ekk8nndfmla093q5yrrmzhgg2zcsj4kdqhe
E08ABCF4ADBAAE8DD549FBB7F7433FEE0F51AA690F981725235F8A11EBB756FE;send;pb1pr5ekk8nndfmla093q5yrrmzhgg2zcsj4kdqhe
E85D05721CC17E1159F9263DCC1E6ED2D9BE89D0332A68BF292F2480643872C5;send;pb1pr5ekk8nndfmla093q5yrrmzhgg2zcsj4kdqhe
7B4ADEAE47F213A63966FE1F8EC351116C44217555832BEB13D7D1E222AB1626;send;pb1pr5ekk8nndfmla093q5yrrmzhgg2zcsj4kdqhe
F8B99972BDE9B1AA3A5C88925660ADBF005D31D1DD93F63D50F5B4AD9E4E946E;send;pb1pr5ekk8nndfmla093q5yrrmzhgg2zcsj4kdqhe
