E1E143E3ACA2361BE6594AB76A8300F18CDFB60A7D19CED66EA53CD7C2CEFA38;write_scope;pb1xvd4k9jg5h0d4dhzr4z0txtwe9p5zxf58xcmxd
62A274B04F57ACDD660E348A4625639E88AF17B87B56B362FD9B659B7ACB943B;send;pb13dfvqt7zyp69z3el72qsu6z3f0egh9xfng9jvt
3ACED52B8A8082BB40F5904028858329C8A276912E0564CA6CD98A0367599F4B;send;pb1pr5ekk8nndfmla093q5yrrmzhgg2zcsj4kdqhe
A96123011998B47487EE572246B5E92CE0E3A367D81D9EA874D0CD64EAEDC936;send;pb1pr5ekk8nndfmla093q5yrrmzhgg2zcsj4kdqhe
6DB559E083020ACD79226CA8FB1789188C324C076FC3DCD7B025C1BB63E03A87;vote;pb15fr85l4n63lyzu0t28kwayhwef4s3jyc6dj3fw
87CFD56340A5AC0FC4530067BFD103619FA7A4C032A280F1C12782B06B731CDC;send;pb1pr5ekk8nndfmla093q5yrrmzhgg2zcsj4kdqhe
E9BC6278F7C71EA03711699B0D4D363360D6C86039696AD1B61C787E7933C337;send;pb1pr5ekk8nndfmla093q5yrrmzhgg2zcsj4kdqhe
102A0DE562177D468C353C096469689D6EF364A15E9A22E33F5CF0EF3116F897;send;pb1pr5ekk8nndfmla093q5yrrmzhgg2zcsj4kdqhe
85BF5C8D6BDEFCAC3E2D35FBB77CC82867B6C06DC4C388A96769628C109C73FB;send;pb1pr5ekk8nndfmla093q5yrrmzhgg2zcsj4kdqhe
FCF3430DF4F5350E7218056B207A8C27E5FA8FEF30BDF104F9D8551B543ACB3A;undelegate;pb1zgehsznhlw3j4sdjl86a5sv8qq87e62pa4vf03
D297D52BFFD92ECD62F6C55D934B1AE57F44C093F7DA7DAA7CC6674607E4F80A;send;pb1pr5ekk8nndfmla093q5yrrmzhgg2zcsj4kdqhe
257F966345421BF19184E8420021CBCB06AF6B9713AE0026BEEF06F854D93978;send;pb1pr5ekk8nndfmla093q5yrrmzhgg2zcsj4kdqhe
5B6B46DA91BE75A5DAA8FE9FA96EE265714A938FC5EB102C8A12615C7577C3FF;write_scope;pb1xvd4k9jg5h0d4dhzr4z0txtwe9p5zxf58xcmxd
025A355730654BA57D0E340E3FB5981A4E5523DCA8A27CD5DC49B064EF6EFC30;send;pb13dfvqt7zyp69z3el72qsu6z3f0egh9xfng9jvt
E965976B14E97CE9FF4B02534DAFDC53B5AB7E6EAC87FEE5BB7B77FD2DA2A0F9;grant_allowance;pb1pr5ekk8nndfmla093q5yrrmzhgg2zcsj4kdqhe
416222BD0E73A41AAD7A118426BDCCB907B00E282FF0469BD1A13C01A86232B0;send;pb1pr5ekk8nndfmla093q5yrrmzhgg2zcsj4kdqhe
AECC93C8E5CAD89CD9DEC40A495F8445DF51B1227AA2D227FAF1E8D11162BC47;send;pb1pr5ekk8nndfmla093q5yrrmzhgg2zcsj4kdqhe
7CC1225DF2DA7C6A92AD21A8EE2F4D4540432E1A7BD468C88324824EB8470B19;grant_allowance;pb1pr5ekk8nndfmla093q5yrrmzhgg2zcsj4kdqhe
13D3DC44A4FDC705176745394010BBBF154D25A29FA164CB573E86C1E32DCD8F;send;pb1pr5ekk8nndfmla093q5yrrmzhgg2zcsj4kdqhe
AF107A66F1428D2175B276A2552F95B8D0FD26493A092C57CA397E97D65EB06A;send;pb1pr5ekk8nndfmla093q5yrrmzhgg2zcsj4kdqhe
6E912F1A5BDE792099E5C0950E2B3325A74C9E6DC735D12954538D19086B0A6D;send;pb1pr5ekk8nndfmla093q5yrrmzhgg2zcsj4kdqhe
E42351CD9632C51EE08535415EEED538A627E8728CD1F823C976E316D7BB4203;send;pb1pr5ekk8nndfmla093q5yrrmzhgg2zcsj4kdqhe
D12B3DDA41B610A7E95034C494F6A30A2D25118F7D64EDE12677825220ACF018;write_session;pb1xvd4k9jg5h0d4dhzr4z0txtwe9p5zxf58xcmxd
A1635D10C3D4CAAF0E302C6B872445F0A544BBF98B14B763BA4F562C8140266E;send;pb13dfvqt7zyp69z3el72qsu6z3f0egh9xfng9jvt
E9C00F9B976F2BD7E9B3237C1B872A3FF5B87E7BF453441FCD0275789D7244B7;grant_allowance;pb1pr5ekk8nndfmla093q5yrrmzhgg2zcsj4kdqhe
CBC57B4F3FD8118DEA989D464679E21EBA0DF6B209078E5946A043319B344C07;send;pb1pr5ekk8nndfmla093q5yrrmzhgg2zcsj4kdqhe
9449929390BB337478B72817A74D7604F0743C0B172F7F41D191260E673A88D2;undelegate;pb12fhmc3l2g79zltg5ftl8k7mvwm9sz4pyt6g4z7
89D91D75C186537A1A3EAF21EDB020B17B287CEF1B158403D1195A28F696284C;undelegate;pb1hfyj5lxm5f32jld0jwq53hk5a4umj6kylt6ndt
BCDCF7F79939C5BDFA109ED87753080B104C799D539824E3864782D828D6FB05;write_scope;pb1yvmg7c0hmhunrr6mrh5vz3mu4g2z06l5y842xz
30A9912B71FC562A86B61D0920A4D23D01E72ACB710F5D2CF5C4F0EB79E76C14;write_scope;pb1yvmg7c0hmhunrr6mrh5vz3mu4g2z06l5y842xz
1D4B413EB2D9C322D5C2FAEAEEBAF9421FB3A1A3E65FA3BD5AA39909F1C212D5;write_scope;pb1xvd4k9jg5h0d4dhzr4z0txtwe9p5zxf58xcmxd
A1E6650483F13ACE96EA2EAF009B094D23D294DCCAE6CEEA1DDE90D42C16800C;write_scope;pb1xvd4k9jg5h0d4dhzr4z0txtwe9p5zxf58xcmxd
AD9115A4694D426096B6F5877D28768C6C9EC70B9FBFEE315199AB5AD874FB3F;write_scope;pb1yvmg7c0hmhunrr6mrh5vz3mu4g2z06l5y842xz
5DC7C8E2C6961A70BE664DC61CD8CC380112E582EE2022A57DFAE1748C661AE6;write_scope;pb1xvd4k9jg5h0d4dhzr4z0txtwe9p5zxf58xcmxd
352E0E9738EE53993D12056F3771D0DB3C4B88355F896E12F04BE4326C835E82;write_scope;pb1xvd4k9jg5h0d4dhzr4z0txtwe9p5zxf58xcmxd
58F80809FC80D34F4CDF12FD87199EA5E5D6097EFAC90E6875670542E444B130;write_scope;pb1xzl9wgh0ry2dma43f58vmuteqd3996j6mhqhgz
B888C574B5724F50C432DDEA84DC27EB3F10751DED85C2E6A1DE8D9C39909094;write_scope;pb1xvd4k9jg5h0d4dhzr4z0txtwe9p5zxf58xcmxd
55A9A42D2730531E726715FFBA698236EFE0B9E49D9FEF48ED6E2A4D949183A0;write_scope;pb1xvd4k9jg5h0d4dhzr4z0txtwe9p5zxf58xcmxd
2866DC1F9B295CDBA410DD7405EB1233A5C69837996942B2DFDDD7AA1163C2D0;write_scope;pb1xvd4k9jg5h0d4dhzr4z0txtwe9p5zxf58xcmxd
6989131347A362C8F51EA378EA30A6B6A8E43FF01FF66B618AB6E60225FF8BEA;write_scope;pb1xvd4k9jg5h0d4dhzr4z0txtwe9p5zxf58xcmxd
38D77DE71129EF17D5EBE84C11FACBF76CA42D8C89AF7811C7F7943A702DBCB3;write_scope;pb1xzl9wgh0ry2dma43f58vmuteqd3996j6mhqhgz
50D656AC8AB99274F9B51BC81C4E32B71AD4ADC72A9DBEFFD68B164E63F1E4B8;write_scope;pb1xvd4k9jg5h0d4dhzr4z0txtwe9p5zxf58xcmxd
9456C64EBA8C29084E8A66500EFFE7F7EF5C3B060BED9B815273C922450F011B;send;pb1jlkx797ys6h9dadtlehgapp5lpzne89c2rprs3
4439FCC838BBBE47526FD2D33E84F29DE330CE58073FF49D758B5FEF740EE0C6;send;pb13dfvqt7zyp69z3el72qsu6z3f0egh9xfng9jvt
2DDF90FE9D80C74B48E9ACB324DE4D2B40654F341D5B2710A3B669AC7CA1BC81;send;pb13dfvqt7zyp69z3el72qsu6z3f0egh9xfng9jvt
12F2EE1BFF3C23D4AB7445C98A1A45EBAEECCF617011DF08DB5633B07407B066;send;pb13dfvqt7zyp69z3el72qsu6z3f0egh9xfng9jvt
1F1E000C2973F6836F64DBFF6774EE2EE6962751578A0DB17BE6660FDFD27517;send;pb13dfvqt7zyp69z3el72qsu6z3f0egh9xfng9jvt
E4A42665DC37BFB9257F813E34C7F2931A8C840EF7C93AD9F35790FC06BD52FA;send;pb13dfvqt7zyp69z3el72qsu6z3f0egh9xfng9jvt
4FAC0D3E65C39FF6606F0A02D4344BB981FACAFE02EA35BEBDA93B1367E3A570;write_scope;pb1xvd4k9jg5h0d4dhzr4z0txtwe9p5zxf58xcmxd
C872600BE5C73566A84EF4A72D375F556B7509AB7FA2A25B005592DA3DD6A570;send;pb13dfvqt7zyp69z3el72qsu6z3f0egh9xfng9jvt
239FAE75FA3AE669B54C60752DB9DDA5C1CB857990AD5881D47F81380F712023;write_scope;pb1xzl9wgh0ry2dma43f58vmuteqd3996j6mhqhgz
1FDDE74FAB156884CB1DEB93B078B529FB1BC4F84C0FE5C7B341CC11B344D974;send;pb13dfvqt7zyp69z3el72qsu6z3f0egh9xfng9jvt
6BC42C388836BF7200FC06F11AD10A5818FB348510C738B0F027F7B4EB89EF93;send;pb1ue8c6wvts6dmshrqf0f7jlrzss90fswf6rrsek
7D1D54DFEC1966999171D926141C6C2FEA355EAEC6BEEF0C1BC246F4818F3907;send;pb13dfvqt7zyp69z3el72qsu6z3f0egh9xfng9jvt
9D04187046FCA4AA5F0BD5374CC0438D8D225C500BAB113BABB15CC610879D77;send;pb13dfvqt7zyp69z3el72qsu6z3f0egh9xfng9jvt
0F29E0C4C13DD6E99BB12B4FC6D7E3A54221898B3504F568E1656D1393A01B86;send;pb1jlkx797ys6h9dadtlehgapp5lpzne89c2rprs3
481E14C29B6001E0B3486BC42CAE30674A50AF6CA903103A5B0BBF8A71638EEB;send;pb13dfvqt7zyp69z3el72qsu6z3f0egh9xfng9jvt
E564386DF32609B2B09E9F5A710698B5EFB67CF8AF9459E7226AC5863D427F0D;send;pb1ue8c6wvts6dmshrqf0f7jlrzss90fswf6rrsek
61DC09B369F17D3A1C64467289DACF0C961B7174C8F9333C9BCA3530FFFED19F;send;pb13dfvqt7zyp69z3el72qsu6z3f0egh9xfng9jvt
FDB12322CAFA902A3F391425B8370F526D5DB12F73855284655E3CFF1AD664E2;send;pb1jlkx797ys6h9dadtlehgapp5lpzne89c2rprs3
FE00ED2DE6329CBBF102AB7FD2449B6372969802F314966E9B92075B511FDF3A;send;pb13dfvqt7zyp69z3el72qsu6z3f0egh9xfng9jvt
072D70034B9496D9937DCA35C07A61A0694F973C0FDC35664D2B075949B9AF49;write_scope;pb1xvd4k9jg5h0d4dhzr4z0txtwe9p5zxf58xcmxd
2D32D945E30A520C9486665B27BDDA735D956A36C015383141940787B25EC2C0;write_scope;pb1xzl9wgh0ry2dma43f58vmuteqd3996j6mhqhgz
4C374A59D0F552BD16646BDBB9083D8F4295AAE09F19B02515F97B0DFF440096;write_scope;pb1xvd4k9jg5h0d4dhzr4z0txtwe9p5zxf58xcmxd
97A9855E8068842BCBBCB3065508D7E01843D7D166D03B3107758A35EAF9B230;write_scope;pb1xvd4k9jg5h0d4dhzr4z0txtwe9p5zxf58xcmxd
7507873E893C137284C09C1119DC5D422871765368BF521B5D76CE21FABCE9E0;write_scope;pb1xvd4k9jg5h0d4dhzr4z0txtwe9p5zxf58xcmxd
6EC71180A76761BFC4F3610D33FDFD57398433565D87297BF3E9D845394C5DE3;write_scope;pb1xvd4k9jg5h0d4dhzr4z0txtwe9p5zxf58xcmxd
FC183EA3E78252CB19EEDA3EC0C31225B4DEA7FAFFDADBE45E3A83EB464F7B90;write_scope;pb1xvd4k9jg5h0d4dhzr4z0txtwe9p5zxf58xcmxd
81E3257E3949CF153D95DC1BA9EAAA6538BFA137E0AC653DBB2251B703A69C6D;write_scope;pb1xvd4k9jg5h0d4dhzr4z0txtwe9p5zxf58xcmxd
33C68E8D6F9DA4763D4FC96A18B41EE2B4C7C83DDB496A2B957EF97F65BA29AB;write_scope;pb1xvd4k9jg5h0d4dhzr4z0txtwe9p5zxf58xcmxd
33A3BD8EC9D3C638FA7384EC4B3C27CBA8817092D21F9CE75824290AEC36BB2E;write_scope;pb1xzl9wgh0ry2dma43f58vmuteqd3996j6mhqhgz
0998492112A9D23E2F295284324669F10E6047D94178DA2D1FA331AC763C9E5A;write_scope;pb1xvd4k9jg5h0d4dhzr4z0txtwe9p5zxf58xcmxd
D0E2E8665C5C94C57BD0F29E0F04886E24BA4917C886E15222B5CF5C66C7F014;write_scope;pb1xvd4k9jg5h0d4dhzr4z0txtwe9p5zxf58xcmxd
825FFF1AC8F179155B9A6C06CE7B3ADF867F305C74F51E43033DA765D6226480;write_scope;pb1xzl9wgh0ry2dma43f58vmuteqd3996j6mhqhgz
0A17EFAC3512AD767DD90A214A91EAE68C019181161E7D2B37986D2A677EAB36;write_scope;pb1xvd4k9jg5h0d4dhzr4z0txtwe9p5zxf58xcmxd
0F75999412D7DB9D6D0F58531273443976215EA14D2B079C7D99A383DA5C641E;write_scope;pb1xvd4k9jg5h0d4dhzr4z0txtwe9p5zxf58xcmxd
E43F7428D337CB6AF86E4163F425C2510AFF626B0A4CEC523B942CE71C5996C5;write_scope;pb1xvd4k9jg5h0d4dhzr4z0txtwe9p5zxf58xcmxd
5A6588A375D8E969AC2AEDBC3CD4F768EBC9DF8EAF39A695EBC77663735F4A66;write_scope;pb1xvd4k9jg5h0d4dhzr4z0txtwe9p5zxf58xcmxd
18D8B702F7E23C20518B4B3B552049779EC2D8BD4CCED2AB9F9FF8C8E5F368B2;write_scope;pb1xvd4k9jg5h0d4dhzr4z0txtwe9p5zxf58xcmxd
DEB9171A9182671D13A68665BD957B3D82EBD9BE3037E030FCE2D97181D4E348;write_scope;pb1xvd4k9jg5h0d4dhzr4z0txtwe9p5zxf58xcmxd
A711DB9BC60CF0AA6C8F33F7ECB8D337193F728365996D7FA9C260C0407FDB4E;write_scope;pb1g7n9qcd7zzpafv0zx8u6gdqvj34aalqapygrks
D194FAABAC572F00642DD87B60F418F9DC79CD8A48B52E2587D0E4AE73DCA714;write_scope;pb1xvd4k9jg5h0d4dhzr4z0txtwe9p5zxf58xcmxd
E9E5D6821E0513E0EAB721F1AA5F2C10BC3A7FDCB9E3E249E81B5074856E37C6;write_scope;pb1xvd4k9jg5h0d4dhzr4z0txtwe9p5zxf58xcmxd
B136B3CACF3695F11F457F6CED96B5AE3254FCC5060B13BE9227CB834BE139E3;write_scope;pb1xzl9wgh0ry2dma43f58vmuteqd3996j6mhqhgz
DEF04367FE39DFC5C0709735F2EE04E2E9843CDEB3C92DFCFC5698E7C511FE62;write_session;pb1xvd4k9jg5h0d4dhzr4z0txtwe9p5zxf58xcmxd
BBD6F5758AAC6851E08228663C1A9A8DBB725374F56F7022081657C14D7BCD74;write_scope;pb1xvd4k9jg5h0d4dhzr4z0txtwe9p5zxf58xcmxd
DE443827CFB10FBEB18971CD150B5F85F608BF79AE644472102EC7F6EBB8664B;write_scope;pb1xvd4k9jg5h0d4dhzr4z0txtwe9p5zxf58xcmxd
E65D65975BD7DE630163C523B40F77ED6E244C17776E62FBEF03ECFE324FEB98;write_scope;pb1xvd4k9jg5h0d4dhzr4z0txtwe9p5zxf58xcmxd
72A11E7F7EAD0ED9D0B16193A62A2FEC1AADE70BCF0F246BE47E3CB7EB12AB88;write_scope;pb1xvd4k9jg5h0d4dhzr4z0txtwe9p5zxf58xcmxd
F446FAAFA3B7F7241499CB32F0612DE1F84D7041D918276D13C589567D6555D3;write_scope;pb1xvd4k9jg5h0d4dhzr4z0txtwe9p5zxf58xcmxd
4A175D8E6FC7E664D9948A63D31F2BCC45438C3AAED52D48ABBBC26AD3D390C7;write_scope;pb1xvd4k9jg5h0d4dhzr4z0txtwe9p5zxf58xcmxd
8B00BB05640633B28C620D1B4A3CF11236971D333D2C888285A648F20783CA95;write_scope;pb1xvd4k9jg5h0d4dhzr4z0txtwe9p5zxf58xcmxd
3288175B1495878719E4E2CA5C8C1BD5AD8935C85D5BCF71F16D3CF08E733DA0;write_scope;pb1xvd4k9jg5h0d4dhzr4z0txtwe9p5zxf58xcmxd
866B23AD037B65C8CC6C078BDC22EDCDC7CB5DD0F6614D41F630FB8CEAC48E58;write_scope;pb1xvd4k9jg5h0d4dhzr4z0txtwe9p5zxf58xcmxd
C2209B229B7512F5D893704E5077202750E773EA436616D161F89FADB50E072C;write_scope;pb1xvd4k9jg5h0d4dhzr4z0txtwe9p5zxf58xcmxd
DC3ADB655DABA7D0B2E3F73C16797AC2E254084878B2DBB1D60F90B7E33F6504;write_scope;pb1xvd4k9jg5h0d4dhzr4z0txtwe9p5zxf58xcmxd
D57998B19704F2A61C743FDA72C0FEC3C81C41E574E735562875B0712081931D;write_scope;pb1g7n9qcd7zzpafv0zx8u6gdqvj34aalqapygrks
D6BF14D93646E75699464EA828697648CDFE024A81B0DA763E9981168257C675;write_scope;pb1xvd4k9jg5h0d4dhzr4z0txtwe9p5zxf58xcmxd
3945D0A95013E73F7D6A0C4413A841751A3EDFD2F46594B98FBFE8F464049954;send;pb13dfvqt7zyp69z3el72qsu6z3f0egh9xfng9jvt
9381552A673BF6C98938CA9CC1FEC5CA8D35AB175DD26F9B91EE9F9A0B81F3BB;send;pb13dfvqt7zyp69z3el72qsu6z3f0egh9xfng9jvt
C7D99D5E5A3E2EDE217E015551D204E87B7009925D236B0518E637AE29D407B8;send;pb13dfvqt7zyp69z3el72qsu6z3f0egh9xfng9jvt
5F04BA4177809E2B64E9A2E1FC5A0460893F27C8DE3B9D955DB5EC402F415E0B;send;pb13dfvqt7zyp69z3el72qsu6z3f0egh9xfng9jvt
3C3B7AD658094DD69315C84A35EFEFF1CD06C36DB15A243BEEEF2C70C541E8DC;send;pb13dfvqt7zyp69z3el72qsu6z3f0egh9xfng9jvt
3038D098F30C1E43ED00566CEE60CA0945ECD9AA270E93413FA99725AD39244F;send;pb13dfvqt7zyp69z3el72qsu6z3f0egh9xfng9jvt
3C0BE2941538A1865A62CFD37026FAE46CE99EA914165EB5AF956D4636929D6A;send;pb1ue8c6wvts6dmshrqf0f7jlrzss90fswf6rrsek
FA9DEC1A3A25FEF764B51249A1F2442A04CCED242A165E58A54E29FA3DD391E0;send;pb13dfvqt7zyp69z3el72qsu6z3f0egh9xfng9jvt
B9A1CB2A21DFBFC1FB9D34D4A490424CE6A7E3537F3D0212239DC1756CD029A7;send;pb13dfvqt7zyp69z3el72qsu6z3f0egh9xfng9jvt
F4A1614ADB70FD43A75A2B17F86A512943430669B0A627711E95F90C0C846125;send;pb13dfvqt7zyp69z3el72qsu6z3f0egh9xfng9jvt
C076F474AC61C0947A5C06E130EBD103A1874E349ED39836106D8E032474F6B7;send;pb13dfvqt7zyp69z3el72qsu6z3f0egh9xfng9jvt
839A0C217B9F06B1A1878B28268A9B8C0E372B8435B54D7E80072E96C1CC30C3;send;pb1ue8c6wvts6dmshrqf0f7jlrzss90fswf6rrsek
92E37C50BEC9681786ECA31604E2BE51A78C6661C58DCAACFBF651C2135E6E6A;send;pb13dfvqt7zyp69z3el72qsu6z3f0egh9xfng9jvt
27AC4A6D95684371C6AF6C112C37F0E85873F4029AEE7BA0E88755377F43C5E5;send;pb13dfvqt7zyp69z3el72qsu6z3f0egh9xfng9jvt
EA5F8AE17252423BA303EA7D13873C951D24D69C3DF69C913BA683ACE252CFCE;send;pb13dfvqt7zyp69z3el72qsu6z3f0egh9xfng9jvt
52AC13AC26B9131DCE87672DAEA9DA7B21E2021D906954F9C07E0DAC4971BF69;send;pb13dfvqt7zyp69z3el72qsu6z3f0egh9xfng9jvt
A9EF2BD48F37D5701D5DBCFF501773E7FBEACF26802932D252A9786D8A96101B;send;pb13dfvqt7zyp69z3el72qsu6z3f0egh9xfng9jvt
9A2E259649E62F868D6B868A77F18C448B32366D408CC77A1163A499BAE4808E;send;pb13dfvqt7zyp69z3el72qsu6z3f0egh9xfng9jvt
267A93754BE6DF27015D88F5B927D6E1B5288C40E2DD8BC734B8B07CACBCAC32;send;pb13dfvqt7zyp69z3el72qsu6z3f0egh9xfng9jvt
16F6FF55B94A83AD272F13E85805472ECEB67DD452AAED0B0C5B177F3E7B6B2C;write_scope;pb1xzl9wgh0ry2dma43f58vmuteqd3996j6mhqhgz
D09DE91B8903EC810A142B4DC17E8F51DED239F0AABD31A06EE627BE55364A93;write_scope;pb1xvd4k9jg5h0d4dhzr4z0txtwe9p5zxf58xcmxd
620559A96CF5C4EC9FACD5690232CC74940A56CCA795876A10A96D9C365A66E6;write_scope;pb1yvmg7c0hmhunrr6mrh5vz3mu4g2z06l5y842xz
CE784949FD64AA4EA3CEE2B160C74E777174896EF768A62A940D9BBAFEC34B92;write_scope;pb1xvd4k9jg5h0d4dhzr4z0txtwe9p5zxf58xcmxd
B5D5F95479A2BE94220A0AE8C4D480597613C5B929BF0E558A71EB198B7570DA;write_scope;pb1xvd4k9jg5h0d4dhzr4z0txtwe9p5zxf58xcmxd
6E8D8B713A6B4BB4B11C4C5521145FBC508F1082F8FCED26252648627AA750B7;write_scope;pb1xvd4k9jg5h0d4dhzr4z0txtwe9p5zxf58xcmxd
B48CBFD3C0B12D0D2132A5697F7B937AD1E9477FA155101D62EEA7515B63A33F;write_scope;pb1xvd4k9jg5h0d4dhzr4z0txtwe9p5zxf58xcmxd
725B0395B914F489242AC1E0AFE8569E710B569F08FB675038FDD16F722FDE66;write_scope;pb1xvd4k9jg5h0d4dhzr4z0txtwe9p5zxf58xcmxd
24C40F7CB1951AA1E152938E1A86A982E43165AEE97B3D51E5A50D44BFF801D3;write_scope;pb1xvd4k9jg5h0d4dhzr4z0txtwe9p5zxf58xcmxd
C0A4AAEE8AB0F4C59A1A76781BBA71DAFB284CA4658B7493F90EF802E6E95DED;write_scope;pb1xvd4k9jg5h0d4dhzr4z0txtwe9p5zxf58xcmxd
7AE83C36B7681CF827FDD383E2D6AA8112C730E37D5E16D945726E3C5DA5A440;write_scope;pb1xvd4k9jg5h0d4dhzr4z0txtwe9p5zxf58xcmxd
185CCCED2DD303DE907DCB56CC38A7659B050B6CC9F1D726F2F13D3195A8DF51;write_scope;pb1xvd4k9jg5h0d4dhzr4z0txtwe9p5zxf58xcmxd
C2D2DA0DE4AEBD55596FF0CC47A25221676B11D3A9F3572909D18FBB3901A912;write_scope;pb1xvd4k9jg5h0d4dhzr4z0txtwe9p5zxf58xcmxd
A01E3B0300FF8C329A82A8EFEA0E49EB5C89F0B0EED2076220FBE90E258E13E1;write_scope;pb1xvd4k9jg5h0d4dhzr4z0txtwe9p5zxf58xcmxd
8BF94C1DCDBCB759334B969CDBAF8152A15BDFD1CD17E34031BE2387BA5590DA;write_scope;pb1xzl9wgh0ry2dma43f58vmuteqd3996j6mhqhgz
F305BB9E48B181F63CDE1A9F5297D8010381953E413B27F1F636079893B799FA;write_scope;pb1xvd4k9jg5h0d4dhzr4z0txtwe9p5zxf58xcmxd
4B4A24D6CE416AEC6AF1D0DBC77037B35AE2BF4A1C0B67E506AF8F7E483CEF2A;write_scope;pb1xvd4k9jg5h0d4dhzr4z0txtwe9p5zxf58xcmxd
4211DA6601A0DDA14EDF66577D5EF2196D6A18C63331258DAA50C5A407B11455;write_scope;pb1xvd4k9jg5h0d4dhzr4z0txtwe9p5zxf58xcmxd
1112925604B0DA689C8542642FA6FF061D1EC4250B7345CAB20066A54D584854;write_scope;pb1xvd4k9jg5h0d4dhzr4z0txtwe9p5zxf58xcmxd
3CBFA4119E6E5AE7778400C241E7BA26FAEAA7AE398860A463FFEC8F9D08B77F;write_scope;pb1xvd4k9jg5h0d4dhzr4z0txtwe9p5zxf58xcmxd
15411BD3AC3DA6A4A10E558CE21F2C4BB0AB7E58B7473A6D6230E35A0E28B53F;write_scope;pb1xvd4k9jg5h0d4dhzr4z0txtwe9p5zxf58xcmxd
70551CC7F2D296FE635A71C4FE28A3C5EE41C231ACD097DE17F1E1311F47905B;write_scope;pb1xvd4k9jg5h0d4dhzr4z0txtwe9p5zxf58xcmxd
D2B21215B1F88328E4A75BAA469AC06771FE3AE0189D6236AAE0EA081931B699;write_scope;pb1xvd4k9jg5h0d4dhzr4z0txtwe9p5zxf58xcmxd
E7C0DB7796175983676008A5E8A3238D766DE6B1ACEC8762586C04F3AF72CB36;write_scope;pb1xvd4k9jg5h0d4dhzr4z0txtwe9p5zxf58xcmxd
EDDBAFFD3C56BAEC8ED0BD994049246BD6428A6C27B1DE48E5AD955F2D52AB58;write_scope;pb1xvd4k9jg5h0d4dhzr4z0txtwe9p5zxf58xcmxd
15B83832F0BDAA9CB91B5815CFE4553195B03E9A6C227201F7F6C4E7DAFB4BF5;write_scope;pb1xvd4k9jg5h0d4dhzr4z0txtwe9p5zxf58xcmxd
CEE2E5D4F40FC399F4D5828A680BCAAD7E87328584C703A2A7A37B43617C4D40;send;pb13dfvqt7zyp69z3el72qsu6z3f0egh9xfng9jvt
9953DF3D3E0A2E21048E826C4295E197A4C34AE8B8811DF74A8575BC02C0EE2B;send;pb1pg7gy8nnkuxdzz8dypt5vapkz92cl8lax7qjvg
F5AB189F8BFA829C7659D62AC525ABC127EDF13445AE91A94151E16D6B14D3BE;send;pb1ue8c6wvts6dmshrqf0f7jlrzss90fswf6rrsek
12B3684474C01C942920C9B33E1DB4CF8F7A4A68E50194C83F29BF91A3EC7A72;send;pb13dfvqt7zyp69z3el72qsu6z3f0egh9xfng9jvt
37A952A80E85146B3DD1AC06E7E0EA281AC98BD6F6C0B3B9459B641910E93E93;send;pb13dfvqt7zyp69z3el72qsu6z3f0egh9xfng9jvt
C08B664B7008374E26A96EBAB6893E4BB92594F8BA3E191C816808719DD85055;send;pb1ue8c6wvts6dmshrqf0f7jlrzss90fswf6rrsek
23016B7280DCAD22DE92F760E513A7743A4F5EDBC4862EFBECFA9ED628B27136;send;pb13dfvqt7zyp69z3el72qsu6z3f0egh9xfng9jvt
ECC84969474CB3A7ED3DF570A2EDE582E4D508B98FC1F2B9D1955B48596FC591;send;pb13dfvqt7zyp69z3el72qsu6z3f0egh9xfng9jvt
3F52F31164EA903D0BA5B996EB38AEAD353AC002B5073417BFF287893DE12017;send;pb13dfvqt7zyp69z3el72qsu6z3f0egh9xfng9jvt
2B06F5B8160FE36A542BC136BAFF5F91A4F007822B9B1A71891D14C312FC9A56;send;pb13dfvqt7zyp69z3el72qsu6z3f0egh9xfng9jvt
4B1D877D7D65B54623971029828A6BF3413A63300BFCBE89D80F63CF660873F1;send;pb13dfvqt7zyp69z3el72qsu6z3f0egh9xfng9jvt
74BE74D12C21A0C0923227811673359FF3179621FD17693695256E1AF63826CD;send;pb13dfvqt7zyp69z3el72qsu6z3f0egh9xfng9jvt
1D68702AD6864FA28B27F81E8A0883C706439AA38232B0E36F8C8D5D40F3E12E;send;pb13dfvqt7zyp69z3el72qsu6z3f0egh9xfng9jvt
AB7DEF772DFAFB00DE0FD6470C155A1EBDF9EEAC52037472C47447534C8780C0;write_scope;pb1g7n9qcd7zzpafv0zx8u6gdqvj34aalqapygrks
36D568AD6297AC493A3167CEF5370352FA888A27012CA4B594924B38CF94BEF8;write_scope;pb1xvd4k9jg5h0d4dhzr4z0txtwe9p5zxf58xcmxd
73ED0EB7DEB49A09704A4AFEF0F2C82A8AC951E5855E56B184D769F26E4BD293;write_scope;pb1xvd4k9jg5h0d4dhzr4z0txtwe9p5zxf58xcmxd
AEE4BFBC781CB497FD2FE5D30EE7F44BA25E759A03C141822A175D0B179F5871;write_scope;pb1xvd4k9jg5h0d4dhzr4z0txtwe9p5zxf58xcmxd
2FA0D585B9C2E1873614252F0FC6DE42A3D6D98C6FB901CAACFFD778071F352F;write_scope;pb1xvd4k9jg5h0d4dhzr4z0txtwe9p5zxf58xcmxd
F89245FABA33D5271E5052C37E2E6423531AAA8A0E7C09EBA413776F4112610A;write_scope;pb1xvd4k9jg5h0d4dhzr4z0txtwe9p5zxf58xcmxd
879C222ADDD9523C4DA1FF4B3DBFC2413BE659648D67C652D57275AD258C8985;write_scope;pb1xvd4k9jg5h0d4dhzr4z0txtwe9p5zxf58xcmxd
76C518A9D1D34C5AD3B7FE7C1B87AEC09DC55F561250C39C7B74A8820071E217;write_scope;pb1xvd4k9jg5h0d4dhzr4z0txtwe9p5zxf58xcmxd
14817FD27D7EA193C57555BB3C090BDBCB225C9C42D312176A610A05F5229D81;write_scope;pb1xvd4k9jg5h0d4dhzr4z0txtwe9p5zxf58xcmxd
467A2BB0A922B8A7A9EA34388A36E934F14C24F9C20931142C18334A150305D3;write_record;pb1xvd4k9jg5h0d4dhzr4z0txtwe9p5zxf58xcmxd
5C3D44F5BCDA8523A39DFAE1A820A216F26201BEC56C83EC400EEA4A16571805;write_scope;pb1xvd4k9jg5h0d4dhzr4z0txtwe9p5zxf58xcmxd
B0B04DF4E4268E599C670F89806914669180C0ED02F812FE9B774E5DDB54E38C;write_scope;pb1xvd4k9jg5h0d4dhzr4z0txtwe9p5zxf58xcmxd
E34438BD3718FEEB5C8F7023A55E9FF0DE259BCE5DF62B7DE4E994784B663BE7;write_session;pb1xvd4k9jg5h0d4dhzr4z0txtwe9p5zxf58xcmxd
DB326A6FC92F282C601C595CAC8138184063CA442122F13BD68B2C9E2E284D2E;write_scope;pb1xvd4k9jg5h0d4dhzr4z0txtwe9p5zxf58xcmxd
F19DB1233A700FF41C6FCFE266E444373FCFE397E1EB017DCEB226C54A6E5844;write_scope;pb1xvd4k9jg5h0d4dhzr4z0txtwe9p5zxf58xcmxd
A79C697454476BBBA6FBB78B4675C5AB0BE3BEC0D57A39FE7616BE8D582DBCDA;write_scope;pb1xvd4k9jg5h0d4dhzr4z0txtwe9p5zxf58xcmxd
E5736DEDD8410A6968BD74F7742FC42553004135BBFFC6DA2AE2E8765C74EE51;write_scope;pb1xvd4k9jg5h0d4dhzr4z0txtwe9p5zxf58xcmxd
DC1D08699F81F4F6E79D87D3B66E7C33FBD143676D87653F8859DAB2F9007007;write_scope;pb1xvd4k9jg5h0d4dhzr4z0txtwe9p5zxf58xcmxd
42149335ECD17E0ADC44B2E877D7390719E6B862B048CF093EE15B00F8178993;send;pb13dfvqt7zyp69z3el72qsu6z3f0egh9xfng9jvt
DF757F0EC0029E6B9B8125C0409412F510E724657A85236EB1E408B31357E9D7;send;pb13dfvqt7zyp69z3el72qsu6z3f0egh9xfng9jvt
A25B381A261B3AE3FAEFF69B91C4D653E946805F0F84ACA382AED9685307787E;send;pb13dfvqt7zyp69z3el72qsu6z3f0egh9xfng9jvt
388275F024A3FBFBFA5E8E6B3D8542EED15E69DDD06FE0B3B2699FBBBA7A0A45;send;pb13dfvqt7zyp69z3el72qsu6z3f0egh9xfng9jvt
54D4642F16F80FAD16FA15663CED23B2AC7FF3E98905CCECD086423140CB06CB;send;pb13dfvqt7zyp69z3el72qsu6z3f0egh9xfng9jvt
568EB11D19DCBC3E01FB3890E53B4DBCF43647165B05B6AFB4DCCBCAAF53D35F;send;pb13dfvqt7zyp69z3el72qsu6z3f0egh9xfng9jvt
7FBA140F4D974FEF2D0CE69C5961ABA225C9A68AA93ACA769454821464934994;send;pb13dfvqt7zyp69z3el72qsu6z3f0egh9xfng9jvt
6635561DEB4C241DE22B1AD75F39591305403FF3A862305453B3B4D6CC7AF63F;send;pb13dfvqt7zyp69z3el72qsu6z3f0egh9xfng9jvt
5EDF19633E4132534A652602248251C65A66592097730C5C5FDDD079D4A30DDE;send;pb13dfvqt7zyp69z3el72qsu6z3f0egh9xfng9jvt
3E416018D886F4AB992334543002A94F7FDA1C248C71AEE75C91FDD022E33C33;send;pb13dfvqt7zyp69z3el72qsu6z3f0egh9xfng9jvt
69F8E45268AA94CB3EA25D7091CB77CB443697C6A4CF02D14031A4A50804BB17;write_scope;pb1xvd4k9jg5h0d4dhzr4z0txtwe9p5zxf58xcmxd
258E1E6CDEB7BEBB1CA074D33B4D98A91DB1658A6437B2D5DD8EA5FE8AE5BCC3;send;pb13dfvqt7zyp69z3el72qsu6z3f0egh9xfng9jvt
B0E03BFD7A5E0EEC7CD4335E7B626009F893C39AE75DABEB9948D0A0E91B4174;send;pb1pr5ekk8nndfmla093q5yrrmzhgg2zcsj4kdqhe
3DEC03D5F2A15E4417A087C78822DEFA889DA6FEAC52D0F4EFF3937C1B7EDA1C;send;pb1pr5ekk8nndfmla093q5yrrmzhgg2zcsj4kdqhe
1D4C52A606DC93D97CD219DA2994B985D149C50970C9C4A7012F375251F36290;mint;pb1g2m2vp59amxd0hp5502e22hp0yprujd23z4qah
3095CE5BC2E0CBC7893AE13D89A2AFB9996E973630AD09C07DB9FE33C145F785;mint;pb1g2m2vp59amxd0hp5502e22hp0yprujd23z4qah
726476A767A2D6814E4761EC47784B1C046F1A01F9AE246C7065FFFE87AE72FB;withdraw;pb1g2m2vp59amxd0hp5502e22hp0yprujd23z4qah
0CEEF62A1438CB0F56E2B6E5C817DC589F9692675F35A52984600AD9246E7EAD;withdraw;pb1g2m2vp59amxd0hp5502e22hp0yprujd23z4qah
FF20110A34D56174199F054F945BF409B046E8810314118FAD98BCCBF4344696;mint;pb1g2m2vp59amxd0hp5502e22hp0yprujd23z4qah
E9DD51D21713D7DE60B36860C7F59F85E01D1B3ED97762033DCDC0DD7507D595;mint;pb1g2m2vp59amxd0hp5502e22hp0yprujd23z4qah
92A239991F7DB23AAF5CFF05BDD1787BE2DBD25E3D9CA060F9297D94DC45E221;withdraw;pb1g2m2vp59amxd0hp5502e22hp0yprujd23z4qah
8E2A3E8A883F1248F6E10F40762DF1FA84B891A2755009E5C1C59A1160683414;mint;pb1g2m2vp59amxd0hp5502e22hp0yprujd23z4qah
F9A074FA798B87AD651DE03D3B853B0E2D65D33AEE39E50BDD8D5F367EC2FCD6;mint;pb1g2m2vp59amxd0hp5502e22hp0yprujd23z4qah
57AA2149F290B22F5177FDE9E0A5784AA057F6BFCB98F8E37172728D0D7324C0;mint;pb1g2m2vp59amxd0hp5502e22hp0yprujd23z4qah
D0D5E6EE3603CA5140ECF3C806AEF8C9C672E364FD3993B53F058F1FE403812D;mint;pb1g2m2vp59amxd0hp5502e22hp0yprujd23z4qah
CD01FC21484D3A5669122AF446AF26F8D8D5881F353CE3699FDCE4828E09C24A;withdraw;pb1g2m2vp59amxd0hp5502e22hp0yprujd23z4qah
CC873703D093F823DD35EFB7C3CEE204399FEC7924964D8C6EE8BEC40577B284;withdraw;pb1g2m2vp59amxd0hp5502e22hp0yprujd23z4qah
1AE03CF098332E6D6300283A9D5380F6BC5F3853B9701950797A922D5E83275E;mint;pb1g2m2vp59amxd0hp5502e22hp0yprujd23z4qah
962FE890D7956B02811D6235F0CC5706F1B3F297554E274F0114C71A2F8DA21B;mint;pb1g2m2vp59amxd0hp5502e22hp0yprujd23z4qah
9119ED94E6ECC01891DF5A3E796D5A681ED8B8AB0D7C3E0558B5992E30A68D7D;mint;pb1g2m2vp59amxd0hp5502e22hp0yprujd23z4qah
F68AAA0894EC5A61EDFEB06E7CDA18C1E0349ECDBD839F01AB9F3963092F2025;mint;pb1g2m2vp59amxd0hp5502e22hp0yprujd23z4qah
0AC9BE4C879B24C965901B5961FD0CC025455BF284323B704F4C4B2CC6153721;mint;pb1g2m2vp59amxd0hp5502e22hp0yprujd23z4qah
85B67542916023D27223BAB5F877FA25B72265F22C823EA785D6B9D1420FC261;withdraw;pb1g2m2vp59amxd0hp5502e22hp0yprujd23z4qah
214186B4065F8BF29388CEC7F451729785C33F7B8E3F09FE12AEB9250BFB04A6;withdraw;pb1g2m2vp59amxd0hp5502e22hp0yprujd23z4qah
A43348EBCB7F73D8B5BA95CFA6E9E29046073B20E4A75606007D0053A42D882C;mint;pb1g2m2vp59amxd0hp5502e22hp0yprujd23z4qah
049052762B20C472E97A1916F0B809FB2E14F0957BCD26D46FE1898E7899A0B5;withdraw;pb1g2m2vp59amxd0hp5502e22hp0yprujd23z4qah
6C6CBF390EAC5CC4DAA07C3BAC500C85FCEF42C6FBFEB0ED35A47EAD846BFA32;withdraw;pb1g2m2vp59amxd0hp5502e22hp0yprujd23z4qah
8E6957B76FFCA7DA27AFA1F3B5AFE6FE894E4771AB1A5AA96265CF6F45A6C7D6;withdraw;pb1g2m2vp59amxd0hp5502e22hp0yprujd23z4qah
327BF5B5A8099D62BF1E3E7FB7E0597CC2A5447AE6061D15148298CF692B3CE5;withdraw;pb1g2m2vp59amxd0hp5502e22hp0yprujd23z4qah
C39BF46541A3F8B2CA1E857F47EA348749E8129D1D3315D78CD8992E3D620A06;withdraw;pb1g2m2vp59amxd0hp5502e22hp0yprujd23z4qah
595A20BF875B025FC72DD0F916B3593D1A7FA79C0096C96AA95180AD40CABA56;withdraw;pb1g2m2vp59amxd0hp5502e22hp0yprujd23z4qah
0BF93DB573AB166BBD14CD34D94E40C5E67CD814BC2505B5FDDA6264F39D9C77;withdraw;pb1g2m2vp59amxd0hp5502e22hp0yprujd23z4qah
54580FB925D200D622C2D3E64F25995B1B9E6C5527763B9FBB6BEF3A2EC44284;write_scope;pb1xvd4k9jg5h0d4dhzr4z0txtwe9p5zxf58xcmxd
42B291623D590E7581C1A139FAF1CCDA7185B304FD41BBA0453C9A2E7D699D7F;send;pb13dfvqt7zyp69z3el72qsu6z3f0egh9xfng9jvt
